Title,Storyline,clean_storyline
1. The Life of Chuck,"A life-affirming, genre-bending story about three chapters in the life of an ordinary man named Charles Krantz.",life affirming genre bending story three chapters life ordinary man named charles krantz
2. The Substance,"A fading celebrity takes a black-market drug: a cell-replicating substance that helps her create a younger, better version of herself.",fading celebrity takes black market drug cell replicating substance helps create younger better version
3. Trap,A father and his teen daughter attend a pop concert only to realize they've entered the center of a dark and sinister event.,father teen daughter attend pop concert realize entered center dark sinister event
4. Beetlejuice Beetlejuice,"After a family tragedy, three generations of the Deetz family return home to Winter River. Still haunted by Beetlejuice, Lydia's life is turned upside down when her teenage daughter, Astrid, accidentally opens the portal to the Afterlife.",family tragedy three generations deetz family return home winter river still haunted beetlejuice lydia life turned upside teenage daughter astrid accidentally opens portal afterlife
5. Anora,"A young stripper from Brooklyn meets and impulsively marries the son of a Russian oligarch. Once the news reaches Russia, her fairy tale is threatened as his parents set out for New York to get the marriage annulled.",young stripper brooklyn meets impulsively marries son russian oligarch news reaches russia fairy tale threatened parents set new york get marriage annulled
6. Relay,A broker of lucrative payoffs between corrupt corporations and the individuals who threaten them breaks his own rules when a new client seeks his protection to stay alive.,broker lucrative payoffs corrupt corporations individuals threaten breaks rules new client seeks protection stay alive
7. Eden,"Based on a factual account of a group of outsiders who settle on a remote island only to discover their greatest threat isn't the brutal climate or deadly wildlife, but each other.",based factual account group outsiders settle remote island discover greatest threat brutal climate deadly wildlife
8. Dune: Part Two,"Paul Atreides unites with the Fremen while on a warpath of revenge against the conspirators who destroyed his family. Facing a choice between the love of his life and the fate of the universe, he endeavors to prevent a terrible future.",paul atreides unites fremen warpath revenge conspirators destroyed family facing choice love life fate universe endeavors prevent terrible future
9. Bone Lake,"A couple's vacation at a secluded estate is upended when they're forced to share the mansion with a mysterious couple. A dream getaway spirals into a nightmarish maze of sex, lies, and manipulation, triggering a battle for survival.",couple vacation secluded estate upended forced share mansion mysterious couple dream getaway spirals nightmarish maze sex lies manipulation triggering battle survival
10. The Brutalist,A visionary architect flees post-war Europe in 1947 for a brighter future in the United States and finds his life forever changed by a wealthy client.,visionary architect flees post war europe brighter future united states finds life forever changed wealthy client
11. Civil War,"In a dystopian future, four journalists travel across the United States during a nation-wide conflict. While trying to survive, they aim to reach the White House to interview the president before he is overthrown.",dystopian future four journalists travel across united states nation wide conflict trying survive aim reach white house interview president overthrown
12. The Wild Robot,"After a shipwreck, an intelligent robot called Roz is stranded on an uninhabited island. To survive the harsh environment, Roz bonds with the island's animals and cares for an orphaned baby goose.",shipwreck intelligent robot called roz stranded uninhabited island survive harsh environment roz bonds island animals cares orphaned baby goose
13. Blink Twice,"When tech billionaire Slater King meets cocktail waitress Frida at his fundraising gala, he invites her to join him and his friends on a dream vacation on his private island. As strange things start to happen, Frida questions her reality.",tech billionaire slater king meets cocktail waitress frida fundraising gala invites join friends dream vacation private island strange things start happen frida questions reality
14. Wicked,"Elphaba, a young woman ridiculed for her green skin, and Galinda, a popular girl, become friends at Shiz University in the Land of Oz. After an encounter with the Wonderful Wizard of Oz, their friendship reaches a crossroads.",elphaba young woman ridiculed green skin galinda popular girl become friends shiz university land oz encounter wonderful wizard oz friendship reaches crossroads
15. A Complete Unknown,"In 1961, an unknown 19-year-old Bob Dylan arrives in New York City with his guitar and forges relationships with musical icons on his meteoric rise, culminating in a groundbreaking performance that reverberates around the world.",unknown year old bob dylan arrives new york city guitar forges relationships musical icons meteoric rise culminating groundbreaking performance reverberates around world
16. Gladiator II,"After his home is conquered by the tyrannical emperors who now lead Rome, Lucius is forced to enter the Colosseum and must look to his past to find strength to return the glory of Rome to its people.",home conquered tyrannical emperors lead rome lucius forced enter colosseum must look past find strength return glory rome people
17. Nosferatu,"A gothic tale of obsession between a haunted young woman and the terrifying vampire infatuated with her, causing untold horror in its wake.",gothic tale obsession haunted young woman terrifying vampire infatuated causing untold horror wake
18. Deadpool & Wolverine,"Deadpool is offered a place in the Marvel Cinematic Universe by the Time Variance Authority, but instead recruits a variant of Wolverine to save his universe from extinction.",deadpool offered place marvel cinematic universe time variance authority instead recruits variant wolverine save universe extinction
19. Heretic,Two young religious women are drawn into a game of cat-and-mouse in the house of a strange man.,two young religious women drawn game cat mouse house strange man
20. Nightbitch,"A woman pauses her career to be a stay-at-home mom, but soon her domesticity takes a surreal turn.",woman pauses career stay home mom soon domesticity takes surreal turn
21. Babygirl,A high-powered CEO puts her career and family on the line when she begins a torrid affair with her much-younger intern.,high powered ceo puts career family line begins torrid affair much younger intern
22. The Fall Guy,"A stuntman, fresh off an almost career-ending accident, has to track down a missing movie star, solve a conspiracy and try to win back the love of his life while still doing his day job.",stuntman fresh almost career ending accident track missing movie star solve conspiracy try win back love life still day job
23. The Ministry of Ungentlemanly Warfare,The British military recruits a small group of highly skilled soldiers to strike against German forces behind enemy lines during World War II.,british military recruits small group highly skilled soldiers strike german forces behind enemy lines world war ii
24. Damaged,Chicago detective Dan Lawson travels to Scotland to link up with Scottish detective Glen Boyd following the resurgence of a serial killer whose crimes match an unsolved case he investigated 5 years previously.,chicago detective dan lawson travels scotland link scottish detective glen boyd following resurgence serial killer whose crimes match unsolved case investigated years previously
25. Alien: Romulus,"While scavenging the deep ends of a derelict space station, a group of young space colonists come face to face with the most terrifying life form in the universe.",scavenging deep ends derelict space station group young space colonists come face face terrifying life form universe
26. Conclave,"When Cardinal Lawrence is tasked with leading the selection of a new Pope, he finds himself in a web of conspiracy and intrigue that could shake the very foundations of the Catholic Church.",cardinal lawrence tasked leading selection new pope finds web conspiracy intrigue could shake foundations catholic church
27. Argylle,A reclusive author who writes espionage novels about a secret agent and a global spy syndicate realizes that the plot of the new book she's writing starts to mirror real-world events in real time.,reclusive author writes espionage novels secret agent global spy syndicate realizes plot new book writing starts mirror real world events real time
28. Secret Mall Apartment,"In 2003, eight Rhode Islanders created a secret apartment inside a busy mall and lived there for four years, filming everything along the way. Far more than a prank, the secret apartment became a deeply meaningful place for all involved.",eight rhode islanders created secret apartment inside busy mall lived four years filming everything along way far prank secret apartment became deeply meaningful place involved
29. Kinds of Kindness,"A man seeks to break free from his predetermined path, a cop questions his wife's demeanor after her return from a supposed drowning, and a woman searches for an extraordinary individual prophesied to become a renowned spiritual guide.",man seeks break free predetermined path cop questions wife demeanor return supposed drowning woman searches extraordinary individual prophesied become renowned spiritual guide
30. Challengers,"Tashi, a former tennis prodigy turned coach, transformed her husband into a champion. But to overcome a recent losing streak and redeem himself, he'll need to face off against his former best friend and Tashi's ex-boyfriend.",tashi former tennis prodigy turned coach transformed husband champion overcome recent losing streak redeem need face former best friend tashi ex boyfriend
31. Ghostbusters: Frozen Empire,"When the discovery of an ancient artifact unleashes an evil force, Ghostbusters new and old must join forces to protect their home and save the world from a second ice age.",discovery ancient artifact unleashes evil force ghostbusters new old must join forces protect home save world second ice age
32. MaXXXine,"In 1980s Hollywood, adult film star and aspiring actress Maxine Minx finally gets her big break. But as a mysterious killer stalks the starlets of Hollywood, a trail of blood threatens to reveal her sinister past.",hollywood adult film star aspiring actress maxine minx finally gets big break mysterious killer stalks starlets hollywood trail blood threatens reveal sinister past
33. We Bury the Dead,"After a catastrophic military disaster, the dead don't just rise - they hunt. Ava searches for her missing husband, but what she finds is far more terrifying.",catastrophic military disaster dead rise hunt ava searches missing husband finds far terrifying
34. I'm Still Here,A woman married to a former politician during the military dictatorship in Brazil is forced to reinvent herself and chart a new course for her family after a violent and arbitrary act.,woman married former politician military dictatorship brazil forced reinvent chart new course family violent arbitrary act
35. Ordinary Angels,Inspired by the incredible true story of a hairdresser who single-handedly rallies an entire community to help a widowed father save the life of his critically ill young daughter.,inspired incredible true story hairdresser single handedly rallies entire community help widowed father save life critically ill young daughter
36. The Beekeeper,A former operative of a powerful organization embarks on a brutal campaign for vengeance.,former operative powerful organization embarks brutal campaign vengeance
37. Friendship,A suburban dad falls hard for his charismatic new neighbor.,suburban dad falls hard charismatic new neighbor
38. Longlegs,"In pursuit of a serial killer, an FBI agent uncovers a series of occult clues that she must solve to end his terrifying killing spree.",pursuit serial killer fbi agent uncovers series occult clues must solve end terrifying killing spree
39. It Ends with Us,"When a woman's first love suddenly reenters her life, her relationship with a charming, but abusive neurosurgeon is upended and she realizes she must learn to rely on her own strength to make an impossible choice for her future.",woman first love suddenly reenters life relationship charming abusive neurosurgeon upended realizes must learn rely strength make impossible choice future
40. Speak No Evil,"A family is invited to spend a whole weekend in a lonely home in the countryside, but as the weekend progresses, they realize that a dark side lies within the family who invited them.",family invited spend whole weekend lonely home countryside weekend progresses realize dark side lies within family invited
41. Wolfs,"Two rival fixers cross paths when they're both called in to help cover up a prominent New York official's misstep. Over one explosive night, they'll have to set aside their petty grievances and their egos to finish the job.",two rival fixers cross paths called help cover prominent new york official misstep one explosive night set aside petty grievances egos finish job
42. We Live in Time,"After an unusual encounter, a talented chef and a recently divorcée fall in love and build the home and family they've always dreamed of, until a painful truth puts their love story to the test.",unusual encounter talented chef recently divorc e fall love build home family always dreamed painful truth puts love story test
43. Abigail,"After a group of criminals kidnap the ballerina daughter of a powerful underworld figure, they retreat to an isolated mansion, unaware that they're locked inside with no normal little girl.",group criminals kidnap ballerina daughter powerful underworld figure retreat isolated mansion unaware locked inside normal little girl
44. Small Things Like These,In 1985 devoted father Bill Furlong discovers disturbing secrets kept by the local convent and uncovers shocking truths of his own.,devoted father bill furlong discovers disturbing secrets kept local convent uncovers shocking truths
45. Furiosa: A Mad Max Saga,"After being snatched from the Green Place of Many Mothers, while the tyrants Dementus and Immortan Joe fight for power and control, the young Furiosa must survive many trials as she puts together the means to find her way home.",snatched green place many mothers tyrants dementus immortan joe fight power control young furiosa must survive many trials puts together means find way home
46. The Apprentice,"A young man took over his father's real-estate business in 1970s and '80s New York, and got the helping hand of an infamous closeted gay lawyer who helped him turn this young man into a notorious legend. Based on true events.",young man took father real estate business new york got helping hand infamous closeted gay lawyer helped turn young man notorious legend based true events
47. The Killer's Game,"When a hitman is diagnosed with a terminal illness, he decides to take a hit out on himself. But when the very hitmen he hired also target his ex-girlfriend, he must fend off an army of assassin colleagues.",hitman diagnosed terminal illness decides take hit hitmen hired also target ex girlfriend must fend army assassin colleagues
48. The Instigators,Follows two robbers who must go on the run with the help of one of their therapists after a theft doesn't go as planned.,follows two robbers must go run help one therapists theft go planned
49. Flow,"Cat is a solitary animal, but as its home is devastated by a great flood, he finds refuge on a boat populated by various species, and will have to team up with them despite their differences.",cat solitary animal home devastated great flood finds refuge boat populated various species team despite differences
50. The Idea of You,"Solène, a 40-year-old single mom, begins an unexpected romance with 24-year-old Hayes Campbell, the lead singer of August Moon, the hottest boy band on the planet.",sol ne year old single mom begins unexpected romance year old hayes campbell lead singer august moon hottest boy band planet
51. Road House,"Ex-UFC fighter Dalton takes a job as a bouncer at a Florida Keys roadhouse, only to discover that this paradise is not all it seems.",ex ufc fighter dalton takes job bouncer florida keys roadhouse discover paradise seems
52. Shell,"Desperate to reclaim her career, once-beloved actress Samantha Lake is drawn into the glamorous world of wellness mogul Zoe Shannon -only to uncover a monstrous truth beneath its flawless surface.",desperate reclaim career beloved actress samantha lake drawn glamorous world wellness mogul zoe shannon uncover monstrous truth beneath flawless surface
53. Twisters,"Kate Carter, a retired tornado-chaser and meteorologist, is persuaded to return to Oklahoma to work with a new team and new technologies.",kate carter retired tornado chaser meteorologist persuaded return oklahoma work new team new technologies
54. Kraven the Hunter,"Kraven's complex relationship with his ruthless father, Nikolai Kravinoff, starts him down a path of vengeance with brutal consequences, motivating him to become not only the greatest hunter in the world, but also one of its most feared.",kraven complex relationship ruthless father nikolai kravinoff starts path vengeance brutal consequences motivating become greatest hunter world also one feared
55. Caddo Lake,"When an 8-year-old girl disappears on Caddo Lake, a series of past deaths and disappearances begin to link together, altering a broken family's history.",year old girl disappears caddo lake series past deaths disappearances begin link together altering broken family history
56. The Order,A series of bank robberies and car heists frightens communities in the Pacific Northwest. A lone FBI agent believes that the crimes were not the work of financially motivated criminals but rather a group of dangerous domestic terrorists.,series bank robberies car heists frightens communities pacific northwest lone fbi agent believes crimes work financially motivated criminals rather group dangerous domestic terrorists
57. Juror #2,"While serving as a juror in a high-profile murder trial, a family man finds himself struggling with a serious moral dilemma, one he could use to sway the jury verdict and potentially convict or free the wrong killer.",serving juror high profile murder trial family man finds struggling serious moral dilemma one could use sway jury verdict potentially convict free wrong killer
58. Carry-On,A mysterious traveler blackmails a young TSA agent into letting a dangerous package slip through security and onto a Christmas Eve flight.,mysterious traveler blackmails young tsa agent letting dangerous package slip security onto christmas eve flight
59. The Count of Monte-Cristo,"After escaping from an island prison where he spent 14 years for being wrongly accused of state treason, Edmond Dantès returns as the count of Monte Cristo to exact revenge on the men who betrayed him.",escaping island prison spent years wrongly accused state treason edmond dant returns count monte cristo exact revenge men betrayed
60. Subservience,"A struggling father purchases a domestic SIM to help care for his family, unaware she will gain self-awareness.",struggling father purchases domestic sim help care family unaware gain self awareness
61. Bird,"Bailey lives with her brother Hunter and her father Bug, who raises them alone in a squat in northern Kent. Bug doesn't have much time to devote to them. Bailey looks for attention and adventure elsewhere.",bailey lives brother hunter father bug raises alone squat northern kent bug much time devote bailey looks attention adventure elsewhere
62. The Watchers,"A young artist gets stranded in an extensive, immaculate forest in western Ireland, where, after finding shelter, she becomes trapped alongside three strangers, stalked by mysterious creatures each night.",young artist gets stranded extensive immaculate forest western ireland finding shelter becomes trapped alongside three strangers stalked mysterious creatures night
63. Rebel Ridge,A former Marine grapples his way through a web of small-town corruption when an attempt to post bail for his cousin escalates into a violent standoff with the local police chief.,former marine grapples way web small town corruption attempt post bail cousin escalates violent standoff local police chief
64. Tell Me What You Want,"After his father's death, Eric Zimmerman travels to Spain to oversee his company's branches. In Madrid, he falls for Judith and engage in an intense, erotic relationship full of exploration. Eric fears his secret may end their affair.",father death eric zimmerman travels spain oversee company branches madrid falls judith engage intense erotic relationship full exploration eric fears secret may end affair
65. Immaculate,"Cecilia, a woman of devout faith, is warmly welcomed to the picture-perfect Italian countryside where she is offered a new role at an illustrious convent. But it becomes clear to Cecilia that her new home harbors dark and horrifying secrets.",cecilia woman devout faith warmly welcomed picture perfect italian countryside offered new role illustrious convent becomes clear cecilia new home harbors dark horrifying secrets
66. Freaky Tales,"Four interconnected stories set in 1987 Oakland, CA. will tell about the love of music, movies, people, places and memories beyond our knowable universe.",four interconnected stories set oakland ca tell love music movies people places memories beyond knowable universe
67. Venom: The Last Dance,Eddie Brock and Venom must make a devastating decision as they're pursued by a mysterious military man and alien monsters from Venom's home world.,eddie brock venom must make devastating decision pursued mysterious military man alien monsters venom home world
68. He's Watching You,A teenager investigating mysterious murders in his small town discovers a collection of VHS tapes that could reveal the identity of a notorious serial killer.,teenager investigating mysterious murders small town discovers collection vhs tapes could reveal identity notorious serial killer
69. Borderlands,"An infamous bounty hunter returns to her childhood home, the chaotic planet Pandora, and forms an unlikely alliance with a team of misfits to find the missing daughter of the most powerful man in the universe.",infamous bounty hunter returns childhood home chaotic planet pandora forms unlikely alliance team misfits find missing daughter powerful man universe
70. Inside Out 2,"A sequel that features Riley entering puberty and experiencing brand new, more complex emotions as a result. As Riley tries to adapt to her teenage years, her old emotions try to adapt to the possibility of being replaced.",sequel features riley entering puberty experiencing brand new complex emotions result riley tries adapt teenage years old emotions try adapt possibility replaced
71. A Quiet Place: Day One,A young woman named Sam finds herself trapped in New York City during the early stages of an invasion by alien creatures with ultra-sensitive hearing.,young woman named sam finds trapped new york city early stages invasion alien creatures ultra sensitive hearing
72. Moana 2,"After receiving an unexpected call from her wayfinding ancestors, Moana must journey to the far seas of Oceania and into dangerous, long-lost waters for an adventure unlike anything she's ever faced.",receiving unexpected call wayfinding ancestors moana must journey far seas oceania dangerous long lost waters adventure unlike anything ever faced
73. Damsel,"A dutiful damsel agrees to marry a handsome prince, only to find the royal family has recruited her as a sacrifice to repay an ancient debt.",dutiful damsel agrees marry handsome prince find royal family recruited sacrifice repay ancient debt
74. Fly Me to the Moon,"Marketing maven Kelly Jones wreaks havoc on NASA launch director Cole Davis's already difficult task. When the White House deems the mission too important to fail, the countdown truly begins.",marketing maven kelly jones wreaks havoc nasa launch director cole davis already difficult task white house deems mission important fail countdown truly begins
75. Sonic the Hedgehog 3,"Sonic, Knuckles, and Tails reunite against a powerful new adversary, Shadow, a mysterious villain with powers unlike anything they have faced before. With their abilities outmatched, Team Sonic must seek out an unlikely alliance.",sonic knuckles tails reunite powerful new adversary shadow mysterious villain powers unlike anything faced abilities outmatched team sonic must seek unlikely alliance
76. Joker: Folie à Deux,"Struggling with his dual identity, failed comedian Arthur Fleck meets the love of his life, Harley Quinn, while incarcerated at Arkham State Hospital.",struggling dual identity failed comedian arthur fleck meets love life harley quinn incarcerated arkham state hospital
77. The Unholy Trinity,Buried secrets of an 1870s Montana town spark violence when a young man returns to reclaim his legacy and is caught between a sheriff determined to maintain order and a mysterious stranger hell-bent on destroying it.,buried secrets montana town spark violence young man returns reclaim legacy caught sheriff determined maintain order mysterious stranger hell bent destroying
78. A Real Pain,"Mismatched cousins reunite for a tour through Poland to honor their beloved grandmother, but their old tensions resurface against the backdrop of their family history.",mismatched cousins reunite tour poland honor beloved grandmother old tensions resurface backdrop family history
79. Elevation,A single father and two women venture from the safety of their homes to face monstrous creatures to save the life of a young boy.,single father two women venture safety homes face monstrous creatures save life young boy
80. Smile 2,"About to embark on a world tour, global pop sensation Skye Riley begins experiencing increasingly terrifying and inexplicable events. Overwhelmed by the escalating horrors and the pressures of fame, Skye is forced to face her past.",embark world tour global pop sensation skye riley begins experiencing increasingly terrifying inexplicable events overwhelmed escalating horrors pressures fame skye forced face past
81. IF,A young girl who goes through a difficult experience begins to see everyone's imaginary friends who have been left behind as their real-life friends have grown up.,young girl goes difficult experience begins see everyone imaginary friends left behind real life friends grown
82. Madame Web,"Forced to confront her past, Cassandra Webb, a Manhattan paramedic that may have clairvoyant abilities, forms a relationship with three young women destined for powerful futures, if they can survive their threatening present.",forced confront past cassandra webb manhattan paramedic may clairvoyant abilities forms relationship three young women destined powerful futures survive threatening present
83. The Shrouds,"Karsh, an innovative businessman and grieving widower, builds a device to connect with the dead inside a burial shroud.",karsh innovative businessman grieving widower builds device connect dead inside burial shroud
84. Bad Boys: Ride or Die,"When their late police captain gets linked to drug cartels, wisecracking Miami cops Mike Lowrey and Marcus Burnett embark on a dangerous mission to clear his name.",late police captain gets linked drug cartels wisecracking miami cops mike lowrey marcus burnett embark dangerous mission clear name
85. The Strangers: Chapter 1,"After their car breaks down in an eerie small town, a young couple is forced to spend the night in a remote cabin. Panic ensues as they are terrorized by three masked strangers who strike with no mercy and seemingly no motive.",car breaks eerie small town young couple forced spend night remote cabin panic ensues terrorized three masked strangers strike mercy seemingly motive
86. Kingdom of the Planet of the Apes,"Many years after the reign of Caesar, a young ape goes on a journey that will lead him to question everything he's been taught about the past and make choices that will define a future for apes and humans alike.",many years reign caesar young ape goes journey lead question everything taught past make choices define future apes humans alike
87. Don't Let's Go to the Dogs Tonight,Depicts 8-year-old Bobo's life on her family's Rhodesian farm during the Bush War's final stages. It explores the family's bond with Africa's land and the war's impact on the region and individuals through Bobo's perspective.,depicts year old bobo life family rhodesian farm bush war final stages explores family bond africa land war impact region individuals bobo perspective
88. Despicable Me 4,"Gru, Lucy, Margo, Edith, and Agnes welcome a new member to the family, Gru Jr., who is intent on tormenting his dad. Gru faces a new nemesis in Maxime Le Mal and his girlfriend Valentina, and the family is forced to go on the run.",gru lucy margo edith agnes welcome new member family gru jr intent tormenting dad gru faces new nemesis maxime le mal girlfriend valentina family forced go run
89. Love Lies Bleeding,"Reclusive gym manager Lou falls hard for Jackie, an ambitious bodybuilder headed through town to Vegas in pursuit of her dream. But their love ignites violence, pulling them deep into the web of Lou's criminal family.",reclusive gym manager lou falls hard jackie ambitious bodybuilder headed town vegas pursuit dream love ignites violence pulling deep web lou criminal family
90. Queer,"In 1950s Mexico City, an American immigrant in his late forties leads a solitary life amidst a small American community. However, the arrival of a young student stirs the man into finally establishing a meaningful connection with someone.",mexico city american immigrant late forties leads solitary life amidst small american community however arrival young student stirs man finally establishing meaningful connection someone
91. Strange Harvest,"Detectives are thrust into a chilling hunt for ""Mr. Shiny""-a sadistic serial killer from the past whose return marks the beginning of a new wave of grotesque, otherworldly crimes tied to a dark cosmic force.",detectives thrust chilling hunt mr shiny sadistic serial killer past whose return marks beginning new wave grotesque otherworldly crimes tied dark cosmic force
92. The Damned,"A 19th-century widow has to make an impossible choice when, during an especially cruel winter, a foreign ship sinks off the coast of her Icelandic fishing village.",th century widow make impossible choice especially cruel winter foreign ship sinks coast icelandic fishing village
93. Kung Fu Panda 4,"After Po is tapped to become the Spiritual Leader of the Valley of Peace, he needs to find and train a new Dragon Warrior, while a wicked sorceress plans to re-summon all the master villains whom Po has vanquished to the spirit realm.",po tapped become spiritual leader valley peace needs find train new dragon warrior wicked sorceress plans summon master villains po vanquished spirit realm
94. The Luckiest Man in America,May 1984. An unemployed ice cream truck driver steps onto the game show Press Your Luck harboring a secret: the key to endless money. But his winning streak is threatened when the bewildered executives uncover his real motivations.,may unemployed ice cream truck driver steps onto game show press luck harboring secret key endless money winning streak threatened bewildered executives uncover real motivations
95. Fight or Flight,A mercenary takes on the job of tracking down a target on a plane but must protect that target when they're surrounded by people trying to kill both of them.,mercenary takes job tracking target plane must protect target surrounded people trying kill
96. The Assessment,"In the near future where parenthood is strictly controlled, a couple's seven-day assessment for the right to have a child unravels into a psychological nightmare.",near future parenthood strictly controlled couple seven day assessment right child unravels psychological nightmare
97. On Swift Horses,"Muriel and her husband Lee are about to begin a bright new life, which is upended by the arrival of Lee's brother. Muriel embarks on a secret life, gambling on racehorses and discovering a love she never thought possible.",muriel husband lee begin bright new life upended arrival lee brother muriel embarks secret life gambling racehorses discovering love never thought possible
98. Megalopolis,"The city of New Rome faces the duel between Cesar Catilina, a brilliant artist in favor of a Utopian future, and the greedy mayor Franklyn Cicero. Between them is Julia Cicero, with her loyalty divided between her father and her beloved.",city new rome faces duel cesar catilina brilliant artist favor utopian future greedy mayor franklyn cicero julia cicero loyalty divided father beloved
99. I Saw the TV Glow,A teenager just trying to make it through life in the suburbs is introduced by a classmate to a mysterious late-night TV show.,teenager trying make life suburbs introduced classmate mysterious late night tv show
100. Horizon: An American Saga - Chapter 1,"Chronicles a multi-faceted, 15-year span of pre-and post-Civil War expansion and settlement of the American west.",chronicles multi faceted year span pre post civil war expansion settlement american west
101. It's What's Inside,"A group of friends gather for a pre-wedding party that descends into an existential nightmare when an estranged friend arrives with a mysterious game that awakens long-hidden secrets, desires and grudges.",group friends gather pre wedding party descends existential nightmare estranged friend arrives mysterious game awakens long hidden secrets desires grudges
102. Saturday Night,"At 11:30pm on October 11th, 1975, a ferocious troupe of young comedians and writers changed television forever. Find out what happened behind the scenes in the 90 minutes leading up to the first broadcast of Saturday Night Live (1975).",pm october th ferocious troupe young comedians writers changed television forever find happened behind scenes minutes leading first broadcast saturday night live
103. The Six Triple Eight,"During World War II, 855 women joined the fight to fix the three-year backlog of undelivered mail. Faced with discrimination and a country devastated by war, they managed to sort more than 17 million pieces of mail ahead of time.",world war ii women joined fight fix three year backlog undelivered mail faced discrimination country devastated war managed sort million pieces mail ahead time
104. Transformers One,"The untold origin story of Optimus Prime and Megatron, better known as sworn enemies, but who once were friends bonded like brothers who changed the fate of Cybertron forever.",untold origin story optimus prime megatron better known sworn enemies friends bonded like brothers changed fate cybertron forever
105. Parthenope,"A woman born in the sea of Naples in 1950 searches for happiness over the long summers of her youth, falling in love with her home city and its many memorable characters.",woman born sea naples searches happiness long summers youth falling love home city many memorable characters
106. Here,"A generational story about families and the special place they inhabit, sharing in love, loss, laughter, and life.",generational story families special place inhabit sharing love loss laughter life
107. The Fable,"After discovering burned trees in his orchards, a wealthy landowner grows suspicious of his workers and nomads passing through his vast estate.",discovering burned trees orchards wealthy landowner grows suspicious workers nomads passing vast estate
108. Mufasa: The Lion King,"Mufasa, a cub lost and alone, meets a sympathetic lion named Taka, the heir to a royal bloodline. The chance meeting sets in motion an expansive journey of a group of misfits searching for their destiny.",mufasa cub lost alone meets sympathetic lion named taka heir royal bloodline chance meeting sets motion expansive journey group misfits searching destiny
109. Presence,A family becomes convinced they are not alone after moving into their new home in the suburbs.,family becomes convinced alone moving new home suburbs
110. I Was a Stranger,"Five strangers are pulled together, colliding on a single night where survival is uncertain.",five strangers pulled together colliding single night survival uncertain
111. Shelby Oaks,A woman's obsessive search for her missing sister leads her into a terrifying mystery at the hands of an unknown evil.,woman obsessive search missing sister leads terrifying mystery hands unknown evil
112. Godzilla x Kong: The New Empire,"Two ancient titans, Godzilla and Kong, clash in an epic battle as humans unravel their intertwined origins and connection to Skull Island's mysteries.",two ancient titans godzilla kong clash epic battle humans unravel intertwined origins connection skull island mysteries
113. The Return,"After 20 years Odysseus finally returns to Ithaca, where he finds his wife held prisoner by suitors vying to be king and his son facing death at their hands. To win back his family and all he has lost, Odysseus must rediscover his strength.",years odysseus finally returns ithaca finds wife held prisoner suitors vying king son facing death hands win back family lost odysseus must rediscover strength
114. Red One,"After Santa Claus is kidnapped, the North Pole's Head of Security must team up with a notorious hacker in a globe-trotting, action-packed mission to save Christmas.",santa claus kidnapped north pole head security must team notorious hacker globe trotting action packed mission save christmas
115. Sleeping Dogs,"An ex-homicide detective with memory loss is forced to solve a brutal murder, only to uncover chilling secrets from his forgotten past.",ex homicide detective memory loss forced solve brutal murder uncover chilling secrets forgotten past
116. Better Man,"A singular profile of pop superstar Robbie Williams, chronicling his meteoric rise, dramatic fall, and remarkable resurgence.",singular profile pop superstar robbie williams chronicling meteoric rise dramatic fall remarkable resurgence
117. Don't Move,"A seasoned killer injects a grieving woman with a paralytic agent. She must run, fight and hide before her body shuts down.",seasoned killer injects grieving woman paralytic agent must run fight hide body shuts
118. September 5,"During the 1972 Summer Olympics in Munich, Germany, an American sports broadcasting team must adapt to live coverage of the Israeli athletes being held hostage by a terrorist group.",summer olympics munich germany american sports broadcasting team must adapt live coverage israeli athletes held hostage terrorist group
119. The Penguin Lessons,A disillusioned Englishman who goes to work in a school in a divided Argentina in 1976 finds his life transformed when he rescues an orphaned penguin from the beach.,disillusioned englishman goes work school divided argentina finds life transformed rescues orphaned penguin beach
120. The Friend,"When a solitary writer adopts and bonds with a Great Dane that belonged to a late friend, she begins to come to terms with her past and her own creative inner life.",solitary writer adopts bonds great dane belonged late friend begins come terms past creative inner life
121. The Lord of the Rings: The War of the Rohirrim,"A sudden attack by Wulf, a clever and traitorous lord of Rohan seeking vengeance for the death of his father, forces Helm Hammerhand, the King of Rohan, and his people to make a daring last stand in the ancient stronghold of the Hornburg.",sudden attack wulf clever traitorous lord rohan seeking vengeance death father forces helm hammerhand king rohan people make daring last stand ancient stronghold hornburg
122. Emilia Pérez,"It follows three remarkable women in Mexico, each pursuing their own happiness. Cartel leader Emilia enlists unappreciated lawyer Rita to help fake her death so that she can finally live authentically as her true self.",follows three remarkable women mexico pursuing happiness cartel leader emilia enlists unappreciated lawyer rita help fake death finally live authentically true self
123. Miller's Girl,A creative writing assignment yields complex results between a teacher and his talented student.,creative writing assignment yields complex results teacher talented student
124. Oddity,A psychic medium attempts to uncover the truth behind her sister's murder at the site of the crime.,psychic medium attempts uncover truth behind sister murder site crime
125. Salem's Lot,"An author returns to his hometown of Jerusalem's Lot in search of inspiration for his next book, only to discover that the townspeople are being attacked by a bloodthirsty vampire.",author returns hometown jerusalem lot search inspiration next book discover townspeople attacked bloodthirsty vampire
126. Land of Bad,A Delta Force team fights for survival as an Air Force drone pilot becomes its eyes in the sky.,delta force team fights survival air force drone pilot becomes eyes sky
127. Spaceman,"Half a year into his solo mission on the edge of the solar system, an astronaut concerned with the state of his life back on Earth is helped by an ancient creature he discovers in the bowels of his ship.",half year solo mission edge solar system astronaut concerned state life back earth helped ancient creature discovers bowels ship
128. The Last Showgirl,A seasoned showgirl must plan for her future when her show abruptly closes after a 30-year run.,seasoned showgirl must plan future show abruptly closes year run
129. Bob Trevino Likes It,"When lonely 20-something Lily Trevino accidentally befriends a stranger online who shares the same name as her own self-centered father, encouragement and support from this new Bob Trevino could change her life.",lonely something lily trevino accidentally befriends stranger online shares name self centered father encouragement support new bob trevino could change life
130. Mahavatar Narsimha,The demon Hiranyakashyap seeks revenge on Vishnu and declares himself a god. His son Prahlad remains devoted to Vishnu. Vishnu manifests as Narsimha to defeat the demon and restore balance.,demon hiranyakashyap seeks revenge vishnu declares god son prahlad remains devoted vishnu vishnu manifests narsimha defeat demon restore balance
131. Homestead,"Amid chaos, ex-Green Beret joins prepper compound; love grows, truths arise, and a community unites.",amid chaos ex green beret joins prepper compound love grows truths arise community unites
132. Back to Black,"The life and music of Amy Winehouse, through the journey of adolescence to adulthood and the creation of one of the best-selling albums of our time.",life music amy winehouse journey adolescence adulthood creation one best selling albums time
133. The Girl with the Needle,"Copenhagen 1919: A young worker finds herself unemployed and pregnant. She meets Dagmar, who runs an underground adoption agency. A strong connection grows but her world shatters when she stumbles on the shocking truth behind her work.",copenhagen young worker finds unemployed pregnant meets dagmar runs underground adoption agency strong connection grows world shatters stumbles shocking truth behind work
134. Lift,A female master thief and her ex-boyfriend who works for the FBI team up to steal $100M worth of gold bullion being transported on a 777 passenger flight from London to Zurich.,female master thief ex boyfriend works fbi team steal worth gold bullion transported passenger flight london zurich
135. A Different Man,"An aspiring actor undergoes a radical medical procedure to drastically transform his appearance, but his new dream face quickly turns into a nightmare.",aspiring actor undergoes radical medical procedure drastically transform appearance new dream face quickly turns nightmare
136. Maharaja,"A barber seeks vengeance after his home is burglarized, cryptically telling police his ""lakshmi"" has been taken, leaving them uncertain if it's a person or object. His quest to recover the elusive ""lakshmi"" unfolds.",barber seeks vengeance home burglarized cryptically telling police lakshmi taken leaving uncertain person object quest recover elusive lakshmi unfolds
137. Kangaroo Island,"A struggling Hollywood actress returns home to Kangaroo Island, confronting the love triangle that tore her family apart.",struggling hollywood actress returns home kangaroo island confronting love triangle tore family apart
138. Bookworm,"11-year-old Mildred's world is turned upside down when her estranged father, the washed-up magician Strawn Wise, comes to look after her and agrees to take her camping to find a mythological beast known as the Canterbury Panther.",year old mildred world turned upside estranged father washed magician strawn wise comes look agrees take camping find mythological beast known canterbury panther
139. Thelma,"When 93-year-old Thelma Post gets duped by a phone scammer pretending to be her grandson, she sets out on a treacherous quest across the city to reclaim what was taken from her.",year old thelma post gets duped phone scammer pretending grandson sets treacherous quest across city reclaim taken
140. Terrifier 3,Art the Clown is set to unleash chaos on the unsuspecting residents of Miles County as they peacefully drift off to sleep on Christmas Eve.,art clown set unleash chaos unsuspecting residents miles county peacefully drift sleep christmas eve
141. My Old Ass,"A mushroom trip brings free-spirited Elliott face-to-face with her 39-year-old self. But when Elliott's ""old ass"" delivers warnings to her younger self, Elliott realizes she has to rethink everything about her family, life and love.",mushroom trip brings free spirited elliott face face year old self elliott old ass delivers warnings younger self elliott realizes rethink everything family life love
142. Nickel Boys,A powerful friendship develops between two young Black men as they navigate the harrowing trials of reform school together.,powerful friendship develops two young black men navigate harrowing trials reform school together
143. All of You,A stirring near-futuristic romance of two best friends who harbor an unspoken love for one another even after a test matches one of them up with their supposed soulmate.,stirring near futuristic romance two best friends harbor unspoken love one another even test matches one supposed soulmate
144. Horizon: An American Saga - Chapter 2,The continuation of one story of the settlement of the American west. It follows the further adventures of characters first featured in Horizon: An American Saga.,continuation one story settlement american west follows adventures characters first featured horizon american saga
145. The Union,"Construction worker Mike is thrust into the world of espionage when his high school sweetheart, Roxanne, recruits him for a high-stakes intelligence mission.",construction worker mike thrust world espionage high school sweetheart roxanne recruits high stakes intelligence mission
146. Nr. 24,"Young apprentice Gunnar Sønsteby from Rjukan decides to resist Nazi-Germany on the day of the invasion to later become the leader of the ""Oslo-gang"" carrying out countless daring acts of sabotage making him Norway's greatest war hero.",young apprentice gunnar nsteby rjukan decides resist nazi germany day invasion later become leader oslo gang carrying countless daring acts sabotage making norway greatest war hero
147. Drive-Away Dolls,"Jamie regrets her breakup with her girlfriend, while Marian needs to relax. In search of a fresh start, they embark on an unexpected road trip to Tallahassee. Things quickly go awry when they cross paths with a group of inept criminals.",jamie regrets breakup girlfriend marian needs relax search fresh start embark unexpected road trip tallahassee things quickly go awry cross paths group inept criminals
148. Mean Girls,"Cady Heron is a hit with the Plastics, an A-list girl clique at her new school. But everything changes when she makes the mistake of falling for Aaron Samuels, the ex-boyfriend of alpha Plastic Regina George.",cady heron hit plastics list girl clique new school everything changes makes mistake falling aaron samuels ex boyfriend alpha plastic regina george
149. King Ivory,"Based upon extensive research with law enforcement, gangs, inmates, migrants, and addicts, an exposé on fentanyl trafficking, and its effect on all walks of life.",based upon extensive research law enforcement gangs inmates migrants addicts expos fentanyl trafficking effect walks life
150. Monkey Man,An anonymous young man unleashes a campaign of vengeance against the corrupt leaders who murdered his mother and continue to systematically victimize the poor and powerless.,anonymous young man unleashes campaign vengeance corrupt leaders murdered mother continue systematically victimize poor powerless
151. Spermageddon,"Two narrative threads - one is an emerging love story between two awkward teens, John and Lisa, who are having sex for the first time and the other is an eventful quest of Simon the Semen and his friends to reach the golden goal, the Egg.",two narrative threads one emerging love story two awkward teens john lisa sex first time eventful quest simon semen friends reach golden goal egg
152. The Salt Path,A couple lose their home and later discover the husband has been diagnosed with a terminal illness as they embark on a year long coastal trek.,couple lose home later discover husband diagnosed terminal illness embark year long coastal trek
153. Hunting Matthew Nichols,"Twenty-three years after her brother vanished, a filmmaker investigates his disappearance. Uncovering evidence, she suspects he may still be alive, fueling her quest to unravel the mystery.",twenty three years brother vanished filmmaker investigates disappearance uncovering evidence suspects may still alive fueling quest unravel mystery
154. Sketch,"When a young girl's sketchbook falls into a strange pond, her drawings come to life-chaotic, real and on the loose. As the town descends into chaos, her family must reunite and stop the monsters they never meant to unleash.",young girl sketchbook falls strange pond drawings come life chaotic real loose town descends chaos family must reunite stop monsters never meant unleash
155. Young Hearts,Elias develops feelings for his new neighbor Alexander. He soon realizes he's falling in love for the first time.,elias develops feelings new neighbor alexander soon realizes falling love first time
156. The Crow,"Soulmates Eric and Shelly are brutally murdered. Given a chance to save the love of his life, Eric must sacrifice himself and traverse the worlds of the living and the dead, seeking revenge.",soulmates eric shelly brutally murdered given chance save love life eric must sacrifice traverse worlds living dead seeking revenge
157. Tarot,"When a group of friends recklessly violates the sacred rule of Tarot readings, they unknowingly unleash an unspeakable evil trapped within the cursed cards. One by one, they come face to face with fate and end up in a race against death.",group friends recklessly violates sacred rule tarot readings unknowingly unleash unspeakable evil trapped within cursed cards one one come face face fate end race death
158. Strangers,"A frustrated woman encounters a mysterious hitman. Their romance leads to vigilante killings of criminals. As she delves deeper, she questions her partner's true nature and their hidden motives.",frustrated woman encounters mysterious hitman romance leads vigilante killings criminals delves deeper questions partner true nature hidden motives
159. Souleymane's Story,A Paris food delivery cyclist and asylum seeker named Souleymane has two days to prepare his story for a make-or-break interview to secure legal residency.,paris food delivery cyclist asylum seeker named souleymane two days prepare story make break interview secure legal residency
160. Barron's Cove,"After his son is killed, a father abducts the child responsible, hellbent on revenge.",son killed father abducts child responsible hellbent revenge
161. No Other Land,This film made by a Palestinian-Israeli collective shows the destruction of the occupied West Bank's Masafer Yatta by Israeli soldiers and the alliance which develops between the Palestinian activist Basel and Israeli journalist Yuval.,film made palestinian israeli collective shows destruction occupied west bank masafer yatta israeli soldiers alliance develops palestinian activist basel israeli journalist yuval
162. Paddington in Peru,"Paddington returns to Peru to visit his beloved Aunt Lucy, who now resides at the Home for Retired Bears. With the Brown family in tow, a thrilling adventure ensues when a mystery plunges them into an unexpected journey.",paddington returns peru visit beloved aunt lucy resides home retired bears brown family tow thrilling adventure ensues mystery plunges unexpected journey
163. Rust,An orphaned boy of 13 left to fend for himself and his younger brother in 1880s Wyoming is sentenced to hang for the accidental killing of a local rancher. His estranged grandfather breaks him out of jail and they go on the run to Mexico.,orphaned boy left fend younger brother wyoming sentenced hang accidental killing local rancher estranged grandfather breaks jail go run mexico
164. Look Back,"The overly confident Fujino and the shut-in Kyomoto couldn't be more different, but a love of drawing manga brings these two small-town girls together.",overly confident fujino shut kyomoto different love drawing manga brings two small town girls together
165. The Ruse,An in-home caregiver fears for her life after being assigned to a mysterious elderly patient in a remote seaside home.,home caregiver fears life assigned mysterious elderly patient remote seaside home
166. Emmanuelle,"In search of a lost pleasure, Emmanuelle travels alone to Hong Kong on a business mission. In the vibrant and sensual global city, she indulges in intense encounters and new experiences.",search lost pleasure emmanuelle travels alone hong kong business mission vibrant sensual global city indulges intense encounters new experiences
167. Anaconda,"A re-interpretation of the iconic '90s creature feature, in which a group of circus athletes - having found themselves stranded in a rain forest - come face-to-face with the elements, a bloodthirsty poacher, and a formidable giant snake.",interpretation iconic creature feature group circus athletes found stranded rain forest come face face elements bloodthirsty poacher formidable giant snake
168. Ricky Stanicky,"When three childhood best friends pull a prank that goes wrong, they invent the imaginary Ricky Stanicky to get them out of trouble. Twenty years later, they still use the nonexistent Ricky as a handy alibi for their immature behavior.",three childhood best friends pull prank goes wrong invent imaginary ricky stanicky get trouble twenty years later still use nonexistent ricky handy alibi immature behavior
169. Beneath the Light,"Jacob takes a job at an isolated lighthouse, hoping to reconnect with a childhood friend. As strange events unfold, he grapples with reality, anxiety, and fractured memories while finding romance and an unexpected bond with the owner.",jacob takes job isolated lighthouse hoping reconnect childhood friend strange events unfold grapples reality anxiety fractured memories finding romance unexpected bond owner
170. Arthur the King,An adventure racer adopts a stray dog named Arthur to join him in an epic endurance race.,adventure racer adopts stray dog named arthur join epic endurance race
171. Brothers,"Two criminal twin brothers, one who is trying to reform, embark on a dangerous heist road trip. Facing legal troubles, gunfights, and family drama, they must reconcile their differences before their mission leads to self-destruction.",two criminal twin brothers one trying reform embark dangerous heist road trip facing legal troubles gunfights family drama must reconcile differences mission leads self destruction
172. A Family Affair,"A surprising romance kicks off comic consequences for a young woman, her mother, and her movie-star boss as they face the complications of love, sex, and identity.",surprising romance kicks comic consequences young woman mother movie star boss face complications love sex identity
173. Snack Shack,"Nebraska City, 1991, two best friends get the chance to run the swimming pool snack shack, that later comes to be the perfect scenario for transgression, fun, personal discovery and romance.",nebraska city two best friends get chance run swimming pool snack shack later comes perfect scenario transgression fun personal discovery romance
174. Arcadian,A father and his twin teenage sons fight to survive in a remote farmhouse at the end of the world.,father twin teenage sons fight survive remote farmhouse end world
175. Beverly Hills Cop: Axel F,Axel Foley returns to Beverly Hills after his daughter's life is threatened for a family reunion that includes old pals John Taggart and Billy Rosewood to uncover a conspiracy.,axel foley returns beverly hills daughter life threatened family reunion includes old pals john taggart billy rosewood uncover conspiracy
176. The Room Next Door,"Ingrid and Martha were close friends in their youth, when they worked together at the same magazine. After years of being out of touch, they meet again in an extreme but strangely sweet situation.",ingrid martha close friends youth worked together magazine years touch meet extreme strangely sweet situation
177. Memoir of a Snail,"A bittersweet memoir of a melancholic woman called Grace Pudel - a hoarder of snails, romance novels, and guinea pigs.",bittersweet memoir melancholic woman called grace pudel hoarder snails romance novels guinea pigs
178. Apartment 7A,"A struggling young dancer finds herself drawn in by dark forces when a peculiar, well-connected older couple promise her a shot at fame.",struggling young dancer finds drawn dark forces peculiar well connected older couple promise shot fame
179. Riff Raff,A former criminal's ordinary life is turned upside down when his old family shows up for a long-awaited reunion.,former criminal ordinary life turned upside old family shows long awaited reunion
180. Sidelined: The QB and Me,A headstrong dancer and a cocky quarterback fight against their feelings for each other as their post-grad future threatens to keep them apart.,headstrong dancer cocky quarterback fight feelings post grad future threatens keep apart
181. The Killer,"After being betrayed by her master, a disillusioned assassin takes one final shot with the intention of using the money to help a musician she accidentally blinded regain vision.",betrayed master disillusioned assassin takes one final shot intention using money help musician accidentally blinded regain vision
182. The First Omen,"A young American woman is sent to Rome to begin a life of service to the church, but encounters a darkness that causes her to question her faith and uncovers a terrifying conspiracy that hopes to bring about the birth of evil incarnate.",young american woman sent rome begin life service church encounters darkness causes question faith uncovers terrifying conspiracy hopes bring birth evil incarnate
183. Black Heat,"One night, two parents, out of options, infiltrate a top level drug dealer/pimp's apartment complex to rescue their teenage daughter.",one night two parents options infiltrate top level drug dealer pimp apartment complex rescue teenage daughter
184. Lisa Frankenstein,"A coming of RAGE love story about a teenager and her crush, who happens to be a corpse. After a set of horrific circumstances bring him back to life, the two embark on a journey to find love, happiness - and a few missing body parts.",coming rage love story teenager crush happens corpse set horrific circumstances bring back life two embark journey find love happiness missing body parts
185. Scared to Death,"Jasper, a young filmmaker, seizes a chance to direct when his crew attends a seance in a haunted children's shelter. Trapped inside, they're haunted by ghostly orphans and a sinister force.",jasper young filmmaker seizes chance direct crew attends seance haunted children shelter trapped inside haunted ghostly orphans sinister force
186. Attack on Titan the Movie: The Last Attack,"The fate of the world hangs in the balance as Eren unleashes the ultimate power of the Titans. With a burning determination to eliminate all who threaten Eldia, he leads an unstoppable army of Colossal Titans towards Marley.",fate world hangs balance eren unleashes ultimate power titans burning determination eliminate threaten eldia leads unstoppable army colossal titans towards marley
187. William Tell,"The narrative unfolds in the 14th Century amidst the days of the Holy Roman Empire where Europe's nations fiercely vie for supremacy and the ambitious Austrians, desiring more land, encroach upon Switzerland, a serene and pastoral nation.",narrative unfolds th century amidst days holy roman empire europe nations fiercely vie supremacy ambitious austrians desiring land encroach upon switzerland serene pastoral nation
188. Joy,"3 trailblazers: a young nurse, a visionary scientist and an innovative surgeon face opposition from the church, state, media, and medical establishment in their pursuit of the world's first 'test tube baby,' Louise Joy Brown.",trailblazers young nurse visionary scientist innovative surgeon face opposition church state media medical establishment pursuit world first test tube baby louise joy brown
189. The Seed of the Sacred Fig,"An investigating judge struggles with paranoia amid political unrest in Tehran caused by the death of a young woman. When his gun goes missing, he suspects his wife and daughters, imposing harsh measures that fray family ties.",investigating judge struggles paranoia amid political unrest tehran caused death young woman gun goes missing suspects wife daughters imposing harsh measures fray family ties
190. Exhuma,The process of excavating an ominous grave unleashes dreadful consequences buried underneath.,process excavating ominous grave unleashes dreadful consequences buried underneath
191. The Deliverance,"An Indiana family discovers strange, demonic occurrences that convince them and their community that the house is a portal to hell.",indiana family discovers strange demonic occurrences convince community house portal hell
192. A Sacrifice,"American social psychologist Ben Monroe investigates a local cult connected to a disturbing event, while his daughter becomes embroiled with a mysterious local boy.",american social psychologist ben monroe investigates local cult connected disturbing event daughter becomes embroiled mysterious local boy
193. The Beldham,"A struggling new mother fights a generations-old presence lurking within her family home, threatening her safety, her sanity, and the life of her infant child.",struggling new mother fights generations old presence lurking within family home threatening safety sanity life infant child
194. Maria,"Maria Callas, the world's greatest opera singer, lives the last days of her life in 1970s Paris, as she confronts her identity.",maria callas world greatest opera singer lives last days life paris confronts identity
195. The Surfer,"A man returns to the idyllic beach of his childhood to surf with his son. When he is humiliated by a group of locals, the man is drawn into a conflict that keeps rising and pushes him to his breaking point.",man returns idyllic beach childhood surf son humiliated group locals man drawn conflict keeps rising pushes breaking point
196. Greedy People,Follows the residents of a small island town who must navigate a sensational murder and the discovery of a million dollars; a series of increasingly bad decisions upend the once peaceful community.,follows residents small island town must navigate sensational murder discovery million dollars series increasingly bad decisions upend peaceful community
197. The Master and Margarita,"A writer's novel is banned and play canceled. He then conceives a satirical novel where a devil-like character metaphorically revenges those responsible. Knowing it cannot be published, his muse Margarita pushes him to write it anyway.",writer novel banned play canceled conceives satirical novel devil like character metaphorically revenges responsible knowing cannot published muse margarita pushes write anyway
198. Cuckoo,A 17-year-old is forced to move with her family to a resort where things are not what they seem.,year old forced move family resort things seem
199. Bob Marley: One Love,"The story of how reggae icon Bob Marley overcame adversity, and the journey behind his revolutionary music.",story reggae icon bob marley overcame adversity journey behind revolutionary music
200. Unstoppable,"Centers around the life of wrestler Anthony Robles, who was born with one leg and won a national championship in 2011 while competing at Arizona State University.",centers around life wrestler anthony robles born one leg national championship competing arizona state university
201. Witchboard,"A cursed Witchboard awakens dark forces, dragging a young couple into a deadly game of possession and deception",cursed witchboard awakens dark forces dragging young couple deadly game possession deception
202. The Beast Within,"After a series of strange events leads her to question her family's isolated life on a fortified compound deep in the English wilds, 10-year-old Willow follows her parents on one of their secret late-night treks to the heart of the forest.",series strange events leads question family isolated life fortified compound deep english wilds year old willow follows parents one secret late night treks heart forest
203. Kneecap,"When fate brings Belfast teacher JJ into the orbit of self-confessed ""low life scum"" Naoise and Liam Óg, the needle drops on a hip hop act like no other. Rapping in their native Irish, they lead a movement to save their mother tongue.",fate brings belfast teacher jj orbit self confessed low life scum naoise liam g needle drops hip hop act like rapping native irish lead movement save mother tongue
204. Old Guy,"Follows a contract killer facing the end of his career who is thrilled when The Company pulls him back into the field training Gen Z newcomer Wihlborg, a prodigy assassin with an attitude.",follows contract killer facing end career thrilled company pulls back field training gen z newcomer wihlborg prodigy assassin attitude
205. Addition,"A woman counts everything because numbers hold her world together, but when a chance encounter with a man turns her world upside down, her meticulously ordered life starts to unravel.",woman counts everything numbers hold world together chance encounter man turns world upside meticulously ordered life starts unravel
206. Dìdi,"In 2008, during the last month of summer before high school begins, an impressionable 13-year-old Taiwanese American boy learns what his family can't teach him: how to skate, how to flirt, and how to love your mom.",last month summer high school begins impressionable year old taiwanese american boy learns family teach skate flirt love mom
207. Y2K,Two high-school nobodies make the decision to crash a Y2K party. The night becomes even crazier than they could have ever dreamed when the clock strikes midnight.,two high school nobodies make decision crash k party night becomes even crazier could ever dreamed clock strikes midnight
208. The Cut,A retired boxer returns to the ring for one last shot at the title but only if he can make the weight. Holed up in a room in Las Vegas he embarks on an intensive and illegal weight cut program with an unscrupulous trainer.,retired boxer returns ring one last shot title make weight holed room las vegas embarks intensive illegal weight cut program unscrupulous trainer
209. The Outrun,"After living life on the edge in London, Rona attempts to come to terms with her troubled past. Hoping to heal, she returns to the wild beauty of Scotland's Orkney Islands where she grew up.",living life edge london rona attempts come terms troubled past hoping heal returns wild beauty scotland orkney islands grew
210. Uglies,A world in which a compulsory operation wipes out physical differences and makes everyone pretty.,world compulsory operation wipes physical differences makes everyone pretty
211. Psycho Therapy: The Shallow Tale of a Writer Who Decided to Write about a Serial Killer,"A writer in a creative crisis befriends a retired serial killer, who becomes his marriage therapist and consultant for a new book. But his wife begins to suspect she might be a target.",writer creative crisis befriends retired serial killer becomes marriage therapist consultant new book wife begins suspect might target
212. The Thinking Game,"Chronicles visionary scientist Demis Hassabis' relentless pursuit to crack artificial general intelligence, a journey of extraordinary perseverance.",chronicles visionary scientist demis hassabis relentless pursuit crack artificial general intelligence journey extraordinary perseverance
213. Blitz,The stories of a group of Londoners during the German bombing campaign of the British capital during World War II.,stories group londoners german bombing campaign british capital world war ii
214. Turtles All the Way Down,A teenager with OCD tries to solve a mystery surrounding a fugitive billionaire.,teenager ocd tries solve mystery surrounding fugitive billionaire
215. Cloud,"Yoshii, a young man who resells goods online, finds himself at the center of a series of mysterious events that put his life at risk.",yoshii young man resells goods online finds center series mysterious events put life risk
216. Winter Spring Summer or Fall,"Remi and Barnes, two very different teenagers, meet by chance in the winter of their senior year, then spend four days together over the course of a year that will change their lives forever.",remi barnes two different teenagers meet chance winter senior year spend four days together course year change lives forever
217. 40 Acres,"In a post-apocalyptic world with food scarcity, a Black family of Canadian farmers descended from American Civil War migrants defend their homestead against cannibals trying to seize their resources.",post apocalyptic world food scarcity black family canadian farmers descended american civil war migrants defend homestead cannibals trying seize resources
218. Wallace & Gromit: Vengeance Most Fowl,Top dog Gromit springs into action to save his master when Wallace's high-tech invention goes rogue and he is framed for a series of suspicious crimes.,top dog gromit springs action save master wallace high tech invention goes rogue framed series suspicious crimes
219. Beating Hearts,"Local rebellious teenager Clotaire falls for his schoolmate Jackie, but gang violence leads him to a darker destructive path. After years apart, the star-crossed lovers discover that every path they've taken leads them back together.",local rebellious teenager clotaire falls schoolmate jackie gang violence leads darker destructive path years apart star crossed lovers discover every path taken leads back together
220. Mothers' Instinct,"Alice and Celine live a traditional lifestyle with successful husbands and sons of the same age. Life's perfect harmony is suddenly shattered after a tragic accident. Guilt, suspicion and paranoia combine to unravel their sisterly bond.",alice celine live traditional lifestyle successful husbands sons age life perfect harmony suddenly shattered tragic accident guilt suspicion paranoia combine unravel sisterly bond
221. My Spy: The Eternal City,"JJ, a veteran CIA agent, reunites with his protégé Sophie, in order to prevent a catastrophic nuclear scheme threatening Vatican City, which disrupts a high school choir trip to Italy.",jj veteran cia agent reunites prot g sophie order prevent catastrophic nuclear scheme threatening vatican city disrupts high school choir trip italy
222. Monster Summer,"When a mysterious force begins to disrupt their big summer fun, a group of friends team up with a retired police detective to embark on an adventure to save their island.",mysterious force begins disrupt big summer fun group friends team retired police detective embark adventure save island
223. Incoming,Four freshmen navigate the terrors of adolescence at their first-ever high school party.,four freshmen navigate terrors adolescence first ever high school party
224. Lucky Baskhar,A cash-strapped cashier working at a bank embarks on a risky investment scheme and soon gets drawn into the murky world of money laundering.,cash strapped cashier working bank embarks risky investment scheme soon gets drawn murky world money laundering
225. Jackpot!,"In the near future, a 'Grand Lottery' has been newly established in California - the catch: kill the winner before sundown to legally claim their multi-billion dollar jackpot.",near future grand lottery newly established california catch kill winner sundown legally claim multi billion dollar jackpot
226. What About Love,"Two young lovers change the lives of their parents forever when the parents learn from the joyful experience of their kids, and allow themselves to again find their love.",two young lovers change lives parents forever parents learn joyful experience kids allow find love
227. Lost on a Mountain in Maine,"A 12-year-old boy, separated from his family by a fast-moving storm, must fight to stay alive during his nine-day adventure lost in the backwoods of Maine.",year old boy separated family fast moving storm must fight stay alive nine day adventure lost backwoods maine
228. A Nice Indian Boy,"When Naveen brings his fiancé Jay home to meet his traditional Indian family, they must contend with accepting his white-orphan-artist boyfriend and helping them plan the Indian wedding of their dreams.",naveen brings fianc jay home meet traditional indian family must contend accepting white orphan artist boyfriend helping plan indian wedding dreams
229. Mørkeland,"Ulrik Torp, once a fearless investigative journalist who is now tackling unemployment and a midlife crisis. He finds himself in the middle of a new political conspiracy.",ulrik torp fearless investigative journalist tackling unemployment midlife crisis finds middle new political conspiracy
230. U Are the Universe,"After Earth explodes, Ukrainian space trucker Andriy Melnyk becomes the last person in the universe until he receives a call from Catherine, a French woman on a distant space station. Despite the obstacles, Andriy decides to find her.",earth explodes ukrainian space trucker andriy melnyk becomes last person universe receives call catherine french woman distant space station despite obstacles andriy decides find
231. Year 10,"Following a catastrophic event that has destroyed civilization, a young man must confront a group of cannibals who have murdered his father and stolen the medicine keeping his girlfriend alive.",following catastrophic event destroyed civilization young man must confront group cannibals murdered father stolen medicine keeping girlfriend alive
232. The Day the Earth Blew Up: A Looney Tunes Movie,Porky Pig and Daffy Duck are Earth's only hope when facing the threat of alien invasion.,porky pig daffy duck earth hope facing threat alien invasion
233. Queen of the Ring,"In a time when pro wrestling for women was illegal all over the United States, a small town single mother embraces the danger as she dominates a peculiar American niche entertainment industry & becomes the first millionaire female athlete.",time pro wrestling women illegal united states small town single mother embraces danger dominates peculiar american niche entertainment industry becomes first millionaire female athlete
234. The Wonderful Story of Henry Sugar and Three More,Four tales unfold in writer-director Wes Anderson's anthology of short films adapted from Roald Dahl's beloved stories.,four tales unfold writer director wes anderson anthology short films adapted roald dahl beloved stories
235. Marmalade,"Baron teams up with his cellmate Otis to plan an escape, all while remembering how he fell for Marmalade and joined her in a risky bank robbery to support his sick mother and pursue a better future.",baron teams cellmate otis plan escape remembering fell marmalade joined risky bank robbery support sick mother pursue better future
236. In a Violent Nature,"When a locket is removed from a collapsed fire tower in the woods that entombs the rotting corpse of Johnny, a vengeful spirit spurred on by a horrific 70-year old crime, his body is resurrected and becomes hellbent on retrieving it.",locket removed collapsed fire tower woods entombs rotting corpse johnny vengeful spirit spurred horrific year old crime body resurrected becomes hellbent retrieving
237. Scoop,"An insider account of how BBC Newsnight obtained the bombshell interview with Prince Andrew about his friendship with convicted sex offender, Jeffrey Epstein.",insider account bbc newsnight obtained bombshell interview prince andrew friendship convicted sex offender jeffrey epstein
238. Hard Truths,Ongoing exploration of the contemporary world with a tragicomic study of human strengths and weaknesses.,ongoing exploration contemporary world tragicomic study human strengths weaknesses
239. Sister Midnight,A genre-bending comedy about a frustrated and misanthropic newlywed who discovers certain feral impulses that land her in unlikely situations.,genre bending comedy frustrated misanthropic newlywed discovers certain feral impulses land unlikely situations
240. The Rule of Jenny Pen,"Confined to a secluded rest home and trapped within his stroke-ridden body, a former Judge must stop an elderly psychopath who employs a child's puppet to abuse the home's residents with deadly consequences.",confined secluded rest home trapped within stroke ridden body former judge must stop elderly psychopath employs child puppet abuse home residents deadly consequences
241. How to Make Millions Before Grandma Dies,"A man, driven by his desire for a multi-million dollar inheritance, begins to care for his terminally ill grandmother. However, winning her favor will not be an easy task and he is not the only one with an eye on the money.",man driven desire multi million dollar inheritance begins care terminally ill grandmother however winning favor easy task one eye money
242. Millers in Marriage,"A tale of three middle-aged married couples coming to grips with universal questions about marriage and fidelity, professional success and failure, and the challenge of finding a second act.",tale three middle aged married couples coming grips universal questions marriage fidelity professional success failure challenge finding second act
243. MadS,"A teenager stops off to see his dealer to test a new drug before heading off for a night of partying. On the way home, he picks up an injured woman and the night takes a surreal turn.",teenager stops see dealer test new drug heading night partying way home picks injured woman night takes surreal turn
244. Rebel Moon - Part Two: The Scargiver,"Kora and surviving warriors prepare to defend Veldt, their new home, alongside its people against the Realm. The warriors face their pasts, revealing their motivations before the Realm's forces arrive to crush the growing rebellion.",kora surviving warriors prepare defend veldt new home alongside people realm warriors face pasts revealing motivations realm forces arrive crush growing rebellion
245. Four Letters of Love,"Based on Niall Williams' best-selling novel. Nicholas and Isabel were made for each other but how will they ever know it? As ghosts, fate and the sheer power of true love pull them together, so too does life threaten to tear them apart.",based niall williams best selling novel nicholas isabel made ever know ghosts fate sheer power true love pull together life threaten tear apart
246. Atlas,"In a bleak-sounding future, an A.I. soldier has determined that the only way to end war is to end humanity.",bleak sounding future soldier determined way end war end humanity
247. All We Imagine as Light,"In Mumbai, Nurse Prabha's routine is troubled when she receives an unexpected gift from her estranged husband. Her younger roommate, Anu, tries in vain to find a spot in the city to be intimate with her boyfriend.",mumbai nurse prabha routine troubled receives unexpected gift estranged husband younger roommate anu tries vain find spot city intimate boyfriend
248. Girls Will Be Girls,"At a strict boarding school nestled in the Himalayan foothills, 18-year-old Mira first discovers desire and romance. However, her curious, rebellious, coming-of-age is disrupted by her young mother, who never got to come of age herself.",strict boarding school nestled himalayan foothills year old mira first discovers desire romance however curious rebellious coming age disrupted young mother never got come age
249. Woodwalkers,"Carag, a shapeshifting puma raised in the wild, joins Clearwater High, a school for Woodwalkers. With friends Holly (squirrel) and Brandon (bison), he navigates mysteries and dangers of the Woodwalker world.",carag shapeshifting puma raised wild joins clearwater high school woodwalkers friends holly squirrel brandon bison navigates mysteries dangers woodwalker world
250. Dooba Dooba,In-home security cameras watch as an awkward sixteen year old girl terrorizes her well meaning babysitter.,home security cameras watch awkward sixteen year old girl terrorizes well meaning babysitter
251. Diane Warren: Relentless,"The untold story of a legendary songwriter. Featuring Cher, Common, Jennifer Hudson, Gloria Estefan, Kesha, LeAnn Rimes, and more.",untold story legendary songwriter featuring cher common jennifer hudson gloria estefan kesha leann rimes
252. Blackwater Lane,Late one night a woman drives by a stranded motorist who is later revealed to have been murdered. After a series of terrifying events the woman believes she is the killer's next victim.,late one night woman drives stranded motorist later revealed murdered series terrifying events woman believes killer next victim
253. Force of Nature,Five women participate in a hiking retreat but only four come out the other side. Federal agents Aaron Falk and Carmen Cooper head into the mountains hoping to find their informant still alive.,five women participate hiking retreat four come side federal agents aaron falk carmen cooper head mountains hoping find informant still alive
254. Uma Musume: Pretty Derby - Beginning of a New Era,"Uma Musume - they were born to run. Born with names from other worlds, sometimes with strange, sometimes with glorious histories, they inherit the souls of these names and run. Aiming only at the goal beyond our eyes.",uma musume born run born names worlds sometimes strange sometimes glorious histories inherit souls names run aiming goal beyond eyes
255. Last Night on Earth,"Faced with impending doom from a planet-killing asteroid, a couple flee to the hills of Tennessee to spend their last days together - but the chaotic breakdown of society disrupts their peaceful plans.",faced impending doom planet killing asteroid couple flee hills tennessee spend last days together chaotic breakdown society disrupts peaceful plans
256. Architecton,"An extraordinary journey through the material that makes up our habitat: concrete and its ancestor, stone.",extraordinary journey material makes habitat concrete ancestor stone
257. Harvest,"Over seven hallucinatory days, a village with no name, in an undefined time and place, disappears.",seven hallucinatory days village name undefined time place disappears
258. How to Make a Killing,"After a fatal car crash, Michel flees the scene. His passenger commits suicide. Michel and wife Cathy find EUR2M in a bag while covering up the incident, leading to a series of chaotic events.",fatal car crash michel flees scene passenger commits suicide michel wife cathy find eur bag covering incident leading series chaotic events
259. Kalki 2898 AD,A pregnant woman comes under the protection of an immortal warrior while being tracked down by bounty hunters.,pregnant woman comes protection immortal warrior tracked bounty hunters
260. Unfrosted,"In 1963 Michigan, business rivals Kellogg's and Post compete to create a cake that could change breakfast forever.",michigan business rivals kellogg post compete create cake could change breakfast forever
261. The Fix,"In a future with toxic air, a model takes a drug causing a transformation. She tries reversing it but learns her mutations could save humanity.",future toxic air model takes drug causing transformation tries reversing learns mutations could save humanity
262. Upgraded,"Ana, an ambitious intern at an art auction house in New York City, misrepresents herself to a handsome wealthy man as the director. As their romance develops, her deception creates challenges that threaten her career and relationship.",ana ambitious intern art auction house new york city misrepresents handsome wealthy man director romance develops deception creates challenges threaten career relationship
263. Bring Them Down,"An Irish shepherding family thrust into battle on several fronts: internal strife, hostility within the family, rivalry with another farmer. Paternalism, heritage, and the generational trauma cycle through the cultural prism of Ireland.",irish shepherding family thrust battle several fronts internal strife hostility within family rivalry another farmer paternalism heritage generational trauma cycle cultural prism ireland
264. Bad Shabbos,An engaged interfaith couple are about to have their parents meet for the first time over a Shabbat dinner when an accidental death gets in the way.,engaged interfaith couple parents meet first time shabbat dinner accidental death gets way
265. Culpa tuya,"Despite their parents' efforts to separate them, Noah and Nick's love seems unbreakable. However, work and college open their lives to new relationships.",despite parents efforts separate noah nick love seems unbreakable however work college open lives new relationships
266. The Platform 2,"A thrilling physical journey that allows an approach to the darkness, where it is scary to look. It appeals to the viewer's civil responsibility and forces them to face the limits of their own solidarity.",thrilling physical journey allows approach darkness scary look appeals viewer civil responsibility forces face limits solidarity
267. Viva Verdi!,"Oscar nominated for Best Song, VIVA VERDI. is an intimate glimpse into lives of celebrated opera singers and musicians living our their 'third act' while mentoring music students at Casa Verdi Milan, built by Giuseppe Verdi in 1896.",oscar nominated best song viva verdi intimate glimpse lives celebrated opera singers musicians living third act mentoring music students casa verdi milan built giuseppe verdi
268. Dirty Angels,It centers on a group of female soldiers who disguise themselves as medics to rescue a group of teenagers caught between ISIS and the forces of the Taliban.,centers group female soldiers disguise medics rescue group teenagers caught isis forces taliban
269. Jane Austen Wrecked My Life,"A desperately single bookseller, lost in a fantasy world, finds herself forced to fulfill her dreams of becoming a writer in order to stop messing up her love life.",desperately single bookseller lost fantasy world finds forced fulfill dreams becoming writer order stop messing love life
270. Paying for It,"When an introverted cartoonist's girlfriend wants to redefine their relationship, he begins sleeping with sex workers and discovers a new kind of intimacy in the process. An adaptation of the Graphic Novel by Chester Brown.",introverted cartoonist girlfriend wants redefine relationship begins sleeping sex workers discovers new kind intimacy process adaptation graphic novel chester brown
271. In the Fire of War,"Set in New Zealand in 1864, follows the story of a crucial conflict of the nation's first land warfare, fought between Maori and colonial soldiers against insurmountable odds.",set new zealand follows story crucial conflict nation first land warfare fought maori colonial soldiers insurmountable odds
272. Descendants: The Rise of Red,"After the Queen of Hearts incites a coup in Auradon, her rebellious daughter, Red, and Cinderella's perfectionist daughter, Chloe, must team up and travel in time to undo the traumatic event that drove a young Queen of Hearts to villainy.",queen hearts incites coup auradon rebellious daughter red cinderella perfectionist daughter chloe must team travel time undo traumatic event drove young queen hearts villainy
273. Dreams,"Johanne documents her intense crush on her french teacher. Her mother, grandmother end up reading these intimate writings. They're both horrified by the contents but taken by the powerful writing and story. Johanne navigates romantic ideals vs reality, exploring emotions of self-discovery, love, sexuality.",johanne documents intense crush french teacher mother grandmother end reading intimate writings horrified contents taken powerful writing story johanne navigates romantic ideals vs reality exploring emotions self discovery love sexuality
274. Long Distance,"It follows an asteroid miner who, after crash-landing on an alien planet, must make his way across the harsh terrain, running out of oxygen, hunted by strange creatures, to the only other survivor.",follows asteroid miner crash landing alien planet must make way across harsh terrain running oxygen hunted strange creatures survivor
275. Lazareth,"Lee protects her orphaned nieces Imogen and Maeve from a self-destructing world, raising them in isolation until an outsider threatens their peaceful existence.",lee protects orphaned nieces imogen maeve self destructing world raising isolation outsider threatens peaceful existence
276. Cellar Door,"Looking for a fresh start after a miscarriage, a couple find themselves being gifted the house of their dreams with one caveat - they can never open the cellar door. Whether they can live without knowing triggers shocking consequences.",looking fresh start miscarriage couple find gifted house dreams one caveat never open cellar door whether live without knowing triggers shocking consequences
277. The Bloody Hundredth,It honors the heroes of the 100th Bomb Group.,honors heroes th bomb group
278. Parvulos,"Three young brothers living in a cabin in the middle of the woods hide a dark, disturbing secret in their basement.",three young brothers living cabin middle woods hide dark disturbing secret basement
279. Article 370,"Ahead of a major constitutional decision, special agent Zooni Haksar is tasked with a secret mission to quell violence in a conflict-ridden region.",ahead major constitutional decision special agent zooni haksar tasked secret mission quell violence conflict ridden region
280. F*** Marry Kill,"As a serial killer targets women on dating apps, a true-crime junkie must figure out which of her three dates is a f-boy, marriage material, or is trying to kill her.",serial killer targets women dating apps true crime junkie must figure three dates f boy marriage material trying kill
281. Kishkindha Kaandam,"Strange events unfold in a monkey-inhabited village, prompting a newlywed pair and forest officials to embark on a mission to uncover the root cause of the peculiar disturbances.",strange events unfold monkey inhabited village prompting newlywed pair forest officials embark mission uncover root cause peculiar disturbances
282. Griffin in Summer,"Fourteen-year-old Griffin Nafly is the most ambitious playwright of his generation. But once he meets handsome twenty-five-year-old handyman Brad, his life and play will never be the same.",fourteen year old griffin nafly ambitious playwright generation meets handsome twenty five year old handyman brad life play never
283. The Suspect List,A riveting corporate thriller by Adv Irfan Kamal delving deep into the clandestine world of a prestigious company. It is centred on a fraud committed by an individual and the attempts to smoke him out.,riveting corporate thriller adv irfan kamal delving deep clandestine world prestigious company centred fraud committed individual attempts smoke
284. Apocalypse Z: The Beginning of the End,"Manel is sheltering from a rabies-like disease which sweeps the planet, until he is forced to leave and meet unlikely but essential traveling companions.",manel sheltering rabies like disease sweeps planet forced leave meet unlikely essential traveling companions
285. Sacramento,"An energetic and free-spirited young man convinces his long-time friend, who's settled into domestic life, to go on an impromptu road trip from Los Angeles to Sacramento.",energetic free spirited young man convinces long time friend settled domestic life go impromptu road trip los angeles sacramento
286. Armand,"Armand, a 6-year-old boy, is accused of crossing boundaries against his best friend at elementary school.",armand year old boy accused crossing boundaries best friend elementary school
287. Sew Torn,"A seamstress gets tangled in her own thread after stealing a briefcase from a drug deal gone bad. In an escalating game of cat and mouse, her different choices lead to drastically different outcomes along the way.",seamstress gets tangled thread stealing briefcase drug deal gone bad escalating game cat mouse different choices lead drastically different outcomes along way
288. Young Woman and the Sea,"The story of competitive swimmer Gertrude Ederle, who, in 1926, was the first woman to ever swim across the English Channel.",story competitive swimmer gertrude ederle first woman ever swim across english channel
289. Canary Black,It follows Avery Graves as she is blackmailed by terrorists into betraying her own country to save her kidnapped husband.,follows avery graves blackmailed terrorists betraying country save kidnapped husband
290. Waltzing with Brando,"Marlon Brando pulls idealistic Los Angeles architect Bernard Judge from his ordinary life and persuades him to design the world's first ecologically perfect retreat on a tiny, inhospitable Tahitian island.",marlon brando pulls idealistic los angeles architect bernard judge ordinary life persuades design world first ecologically perfect retreat tiny inhospitable tahitian island
291. Afraid,The Pike family is selected to test a new home device: a digital assistant called AIA. AIA learns the family's behaviors and begins to anticipate their needs. And she can make sure nothing - and no one - gets in her family's way.,pike family selected test new home device digital assistant called aia aia learns family behaviors begins anticipate needs make sure nothing one gets family way
292. Solo Leveling: ReAwakening,"Over a decade after 'gates' connecting worlds appeared, awakening 'hunters' with superpowers, weakest hunter Sung Jinwoo encounters a double dungeon and accepts a mysterious quest, becoming the only one able to level up, changing his fate.",decade gates connecting worlds appeared awakening hunters superpowers weakest hunter sung jinwoo encounters double dungeon accepts mysterious quest becoming one able level changing fate
293. Absolution,"An aging gangster attempts to reconnect with his children and rectify the mistakes in his past, but the criminal underworld won't loosen their grip willingly.",aging gangster attempts reconnect children rectify mistakes past criminal underworld loosen grip willingly
294. The Devil's Bath,"Austria in the 18th century. Forests surround villages. Killing a baby gets a woman sentenced to death. Agnes readies for married life with her beloved. But her mind and heart grow heavy. A gloomy path alone, evil thoughts arising.",austria th century forests surround villages killing baby gets woman sentenced death agnes readies married life beloved mind heart grow heavy gloomy path alone evil thoughts arising
295. Uprising,"In the Joseon Dynasty, two friends who grew up together, one the master and one the servant, reunite post-war as enemies on opposing sides.",joseon dynasty two friends grew together one master one servant reunite post war enemies opposing sides
296. The Silent Hour,A detective with hearing loss and a deaf witness to a murder must lean on each other to outsmart killers they can't hear coming when cornered in an abandoned apartment block.,detective hearing loss deaf witness murder must lean outsmart killers hear coming cornered abandoned apartment block
297. Role Play,"Emma has a wonderful husband and two kids in the suburbs of New Jersey. She also has a secret life as an assassin for hire, a secret that her husband Dave discovers when the couple decide to spice up their marriage with a little role play.",emma wonderful husband two kids suburbs new jersey also secret life assassin hire secret husband dave discovers couple decide spice marriage little role play
298. Reagan,"A drama based on the life of Ronald Reagan, from his childhood to his time in the oval office.",drama based life ronald reagan childhood time oval office
299. Never Let Go,A family that has been haunted by an evil spirit for years. Their safety and their surroundings come into question when one of the children questions if the evil is real.,family haunted evil spirit years safety surroundings come question one children questions evil real
300. Watchmen: Chapter I,"In 1985, the murder of a government sponsored superhero draws his outlawed colleagues out of retirement and into a mystery that threatens to upend their personal lives and the world itself.",murder government sponsored superhero draws outlawed colleagues retirement mystery threatens upend personal lives world
301. Loveable,"Maria juggles with four children and a demanding career while her second husband, Sigmund, travels all the time. One day they get into an ugly argument which led Sigmund to eventually ask her for a divorce.",maria juggles four children demanding career second husband sigmund travels time one day get ugly argument led sigmund eventually ask divorce
302. Werewolves,"After a worldwide pandemic the previous year of people turning into werewolves after a super-moon event, two scientists try to stop the mutation from happening again as part of a team effort, but the experiment goes wildly awry.",worldwide pandemic previous year people turning werewolves super moon event two scientists try stop mutation happening part team effort experiment goes wildly awry
303. Cash Out,"Professional thief Mason attempts his biggest heist with his brother, robbing a bank. When it goes wrong, they're trapped inside surrounded by law enforcement. Tension rises as Mason negotiates with his ex-lover, the lead negotiator.",professional thief mason attempts biggest heist brother robbing bank goes wrong trapped inside surrounded law enforcement tension rises mason negotiates ex lover lead negotiator
304. Night Swim,"A family moves into a new home, unaware that a dark secret from the house's past will unleash a malevolent force in the backyard pool.",family moves new home unaware dark secret house past unleash malevolent force backyard pool
305. Poison,A love story about a couple reunited years after tragedy drove them apart. Their brief and intense meeting brings simmering pain and resentment to the surface but is a reminder too of cherished intimacies and the love they once shared.,love story couple reunited years tragedy drove apart brief intense meeting brings simmering pain resentment surface reminder cherished intimacies love shared
306. Romance on the Ranch,"Sara sells her place and buys a camper to find happiness. Her truck breaks down, and she meets two brothers, Porter and Aiden, who smitten with her and soon she begins to have feelings for them both.",sara sells place buys camper find happiness truck breaks meets two brothers porter aiden smitten soon begins feelings
307. Wake,"Desperate for a lead role in a Hollywood remake, a struggling actress tracks down the lead of the original film who's now a mysterious recluse. Strange occurrences quickly turn the meeting into a nightmare.",desperate lead role hollywood remake struggling actress tracks lead original film mysterious recluse strange occurrences quickly turn meeting nightmare
308. Killer Heat,"Follows twin brothers who find themselves in a dangerous love triangle on an isolated Greek island. The investigation is given to ""The Jealousy Man,"" a wounded detective.",follows twin brothers find dangerous love triangle isolated greek island investigation given jealousy man wounded detective
309. Cabrini,"After witnessing disease and poverty in the slums of New York, Italian immigrant Francesca Cabrini embarks on a daring journey to persuade the hostile mayor to provide housing and healthcare for hundreds of orphaned children.",witnessing disease poverty slums new york italian immigrant francesca cabrini embarks daring journey persuade hostile mayor provide housing healthcare hundreds orphaned children
310. 2B Honest,"Murder, love, insurance policies. On the run from the law, Kato Roberts stumbles into a secret community that throws him into a world of chaos.",murder love insurance policies run law kato roberts stumbles secret community throws world chaos
311. The Children's Train,A seven-year-old boy named Amerigo who in 1946 leaves his impoverished family in Naples and gets on a train to go live with a wealthier family in the north as part of a postwar initiative to rescue children from poverty.,seven year old boy named amerigo leaves impoverished family naples gets train go live wealthier family north part postwar initiative rescue children poverty
312. On Becoming a Guinea Fowl,"On an empty road in the middle of the night, Shula stumbles across the body of her uncle. As funeral proceedings begin around them, she and her cousins bring to light the buried secrets of their middle-class Zambian family.",empty road middle night shula stumbles across body uncle funeral proceedings begin around cousins bring light buried secrets middle class zambian family
313. Bonjour Tristesse,Cécile's relaxing summer with her father in the south of France is upended by the arrival of the enigmatic Anne.,c cile relaxing summer father south france upended arrival enigmatic anne
314. Jack and Ava,"Two lovers, an orphan and a victim, find themselves in the most dangerous 72 hours of their lives when a heist goes wrong.",two lovers orphan victim find dangerous hours lives heist goes wrong
315. Azrael,"In a world where no one speaks, a devout female-led community hunts down a young woman who has escaped imprisonment. Recaptured, Azrael is due to be sacrificed to an ancient evil in the wilderness, but fights for her own survival.",world one speaks devout female led community hunts young woman escaped imprisonment recaptured azrael due sacrificed ancient evil wilderness fights survival
316. Bhoothaddam Bhaskar Narayana,"In a small town in southern India, a rash of unsolved murders over the past 18 years has left the region shrouded in mystery. Despite repeated efforts, local police have failed to find any explanation or suspect.",small town southern india rash unsolved murders past years left region shrouded mystery despite repeated efforts local police failed find explanation suspect
317. The Great Lillian Hall,"Lillian Hall, a Broadway actress, has never missed a performance throughout her long, illustrious career. Yet in the rehearsals her confidence is challenged. People and events conspire to take away her ability to do what she loves most.",lillian hall broadway actress never missed performance throughout long illustrious career yet rehearsals confidence challenged people events conspire take away ability loves
318. Fighter,A reckless yet brilliant squadron leader and his team of elite fighter pilots face mortal dangers and inner demons as they unite for a deadly mission.,reckless yet brilliant squadron leader team elite fighter pilots face mortal dangers inner demons unite deadly mission
319. Apocalypse in the Tropics,An exploration of the profound impact of evangelism on Brazil's political landscape.,exploration profound impact evangelism brazil political landscape
320. Sheepdog,"A decorated combat veteran is court-ordered into treatment when an ex-convict shows up on his doorstep, forcing him to confront his past and begin an unexpected journey toward post-traumatic growth.",decorated combat veteran court ordered treatment ex convict shows doorstep forcing confront past begin unexpected journey toward post traumatic growth
321. Time Cut,High school student accidentally travels back to 2003 and decides to stop the serial killer who murdered her sister.,high school student accidentally travels back decides stop serial killer murdered sister
322. Reunion,"Snowbound at their high school reunion, former classmates uncover a murder and scramble to identify the killer among them before they're all iced out for good.",snowbound high school reunion former classmates uncover murder scramble identify killer among iced good
323. Spellbound,"Ellian is a tenacious princess who must go on a daring quest to save her family and kingdom after a mysterious spell transforms her parents, the King and Queen of Lumbria, into monsters.",ellian tenacious princess must go daring quest save family kingdom mysterious spell transforms parents king queen lumbria monsters
324. Lilies Not for Me,"A gay novelist and his psychiatric nurse bond over a series of ""dates"" prescribed to ""cure"" his homosexuality. He tells her how his previous relationship degenerated when his partner tried a risky procedure to become heterosexual.",gay novelist psychiatric nurse bond series dates prescribed cure homosexuality tells previous relationship degenerated partner tried risky procedure become heterosexual
325. Utopia,"Soldier investigates wife's disappearance, infiltrates facility believing she's trafficked. Discovers facility is futuristic fantasy park blurring reality and illusion, complicating his search for truth about her fate.",soldier investigates wife disappearance infiltrates facility believing trafficked discovers facility futuristic fantasy park blurring reality illusion complicating search truth fate
326. Stree 2: Sarkate Ka Aatank,"After the events of Stree, the town of Chanderi is being haunted again. This time, women are mysteriously abducted by a terrifying headless entity. Once again, it's up to Vicky and his friends to save their town and loved ones.",events stree town chanderi haunted time women mysteriously abducted terrifying headless entity vicky friends save town loved ones
327. The Remarkable Life of Ibelin,"Mats Steen, a Norwegian gamer, died of a degenerative muscular disease at the age of 25. His parents mourned what they thought had been a lonely and isolated life, when they started receiving messages from online friends around the world.",mats steen norwegian gamer died degenerative muscular disease age parents mourned thought lonely isolated life started receiving messages online friends around world
328. Traumatika,Mikey's night terrors become reality when his mother begins showing signs of demonic possession. What he's about to experience will haunt him for the rest of his life and claim countless lives across generations.,mikey night terrors become reality mother begins showing signs demonic possession experience haunt rest life claim countless lives across generations
329. The Garfield Movie,"After Garfield's unexpected reunion with his long-lost father, ragged alley cat Vic, he and his canine friend Odie are forced from their perfectly pampered lives to join Vic on a risky heist.",garfield unexpected reunion long lost father ragged alley cat vic canine friend odie forced perfectly pampered lives join vic risky heist
330. Amber Alert,A ride-share turns into a high-stakes game of cat and mouse after it follows a car fitting the description of an AMBER ALERT.,ride share turns high stakes game cat mouse follows car fitting description amber alert
331. The Wailing,A group of young people inadvertently resurrect a seemingly invisible evil.,group young people inadvertently resurrect seemingly invisible evil
332. Bramayugam,"Thevan, a folk singer of the Paanan caste, has a fateful encounter when escaping slavery, leading to him discovering an ancient traditional mansion altering his destiny.",thevan folk singer paanan caste fateful encounter escaping slavery leading discovering ancient traditional mansion altering destiny
333. Will & Harper,"In this intimate portrayal of friendship, transition and America, Will Ferrell and his close friend of thirty years decide to go on a cross-country road trip to explore a new chapter in their relationship.",intimate portrayal friendship transition america ferrell close friend thirty years decide go cross country road trip explore new chapter relationship
334. A Desert,"A photographer's road trip takes a dark turn when he befriends a reckless couple, plunging him into a nightmarish neo-noir spiral of unpredictable horror.",photographer road trip takes dark turn befriends reckless couple plunging nightmarish neo noir spiral unpredictable horror
335. Pushpa: The Rule - Part 2,"A smuggling kingpin faces off against a vengeful rival while manipulating politics, making big deals, and navigating tense confrontations. A public apology leads to a dramatic showdown, ending with challenge.",smuggling kingpin faces vengeful rival manipulating politics making big deals navigating tense confrontations public apology leads dramatic showdown ending challenge
336. The Ties That Bind Us,"Exploring the challenges of modern family structures, the film follows a single father, a feminist librarian and a child seeking a place to belong as they navigate love and desires. It questions what it means to be a family.",exploring challenges modern family structures film follows single father feminist librarian child seeking place belong navigate love desires questions means family
337. Frewaka,"Follow a student of nursing palliative care, who is plagued by a trauma from her past that has a disorienting effect on her present, her relationship, her career and her ability to function.",follow student nursing palliative care plagued trauma past disorienting effect present relationship career ability function
338. The End,"In a luxurious bunker, a family maintains their pre-apocalyptic routines 25 years after Earth's ecological disaster made the surface uninhabitable.",luxurious bunker family maintains pre apocalyptic routines years earth ecological disaster made surface uninhabitable
339. Monsieur Aznavour,"Follows the beginnings of the iconic French-Armenian singer, songwriter and actor, Charles Aznavour, from zero to fame.",follows beginnings iconic french armenian singer songwriter actor charles aznavour zero fame
340. Goodrich,"Andy Goodrich's life is upended when his wife enters a rehab program, leaving him on his own with their young kids. Goodrich leans on Grace, his daughter from his first marriage, as he ultimately evolves into the father she never had.",andy goodrich life upended wife enters rehab program leaving young kids goodrich leans grace daughter first marriage ultimately evolves father never
341. Lonely Planet,"At a retreat in Morocco, a woman meets a young man whose acquaintanceship evolves into an intoxicating, life-altering love affair.",retreat morocco woman meets young man whose acquaintanceship evolves intoxicating life altering love affair
342. Saali Mohabbat,"A housewife gets entangled in a tale of infidelity, deceit, and murder.",housewife gets entangled tale infidelity deceit murder
343. Hellboy: The Crooked Man,"Hellboy and a rookie B.P.R.D. agent in the 1950s are sent to the Appalachians, where they discover a remote community dominated by witches and led by the sinister local demon, the Crooked Man.",hellboy rookie b p r agent sent appalachians discover remote community dominated witches led sinister local demon crooked man
344. K-Pops!,"Follows a washed-up musician who jumps at the chance to capitalize on his long-lost son's stardom for his own renaissance, but learns that fatherhood is much more than stardom.",follows washed musician jumps chance capitalize long lost son stardom renaissance learns fatherhood much stardom
345. Orion and the Dark,"A boy with an active imagination faces his fears on an unforgettable journey through the night with his new friend: a giant, smiling creature named Dark.",boy active imagination faces fears unforgettable journey night new friend giant smiling creature named dark
346. The Exorcism,A troubled actor begins to exhibit a disruptive behavior while shooting a horror film. His estranged daughter wonders if he's slipping back into his past addictions or if there's something more sinister at play.,troubled actor begins exhibit disruptive behavior shooting horror film estranged daughter wonders slipping back past addictions something sinister play
347. Lilly,About a courageous factory worker who fights for justice when cheated and mistreated by her company. Based on the life of Lilly Ledbetter.,courageous factory worker fights justice cheated mistreated company based life lilly ledbetter
348. Sex-Positive,"Virginia tumbles into a wild and thrilling new world of sexual liberation when she moves in with a group of polyamorous party animals, including the charming but commitment-phobic Jake.",virginia tumbles wild thrilling new world sexual liberation moves group polyamorous party animals including charming commitment phobic jake
349. 2073,A woman living in a ruined Earth tries to comprehend how the world was destroyed.,woman living ruined earth tries comprehend world destroyed
350. Armor,A father and son working as security guards for an armored truck company encounter a team of would-be robbers while on a bridge. They become trapped and must come up with a plan to escape and ensure their survival.,father son working security guards armored truck company encounter team would robbers bridge become trapped must come plan escape ensure survival
351. The Forge,"After graduating from high school without any plans for the future, Isaiah receives a push to start making better life decisions.",graduating high school without plans future isaiah receives push start making better life decisions
352. The Marching Band,"Acclaimed conductor Thibaut has leukemia and needs a bone marrow donor. Learning he was adopted, he finds an older brother, a musician and factory worker. Their reunion sparks a fraternal, musical journey amidst the town's factory closure.",acclaimed conductor thibaut leukemia needs bone marrow donor learning adopted finds older brother musician factory worker reunion sparks fraternal musical journey amidst town factory closure
353. My Favourite Cake,"Seventy-year-old Mahin, solitary until now, chooses to revive her love life. A chance encounter becomes an unforgettable evening.",seventy year old mahin solitary chooses revive love life chance encounter becomes unforgettable evening
354. Please Don't Feed the Children,"A gang of orphans travels to the south in quest of a new life after a viral outbreak decimates the adult population of the nation, only to find themselves at the mercy of a psychotic woman who is hiding a perilous secret.",gang orphans travels south quest new life viral outbreak decimates adult population nation find mercy psychotic woman hiding perilous secret
355. Marco,"The adoptive son of the Adattu family, Marco, sets off on a ruthless quest for vengeance after his brother is brutally murdered, finding only betrayal, loss and unimaginable brutality at every step.",adoptive son adattu family marco sets ruthless quest vengeance brother brutally murdered finding betrayal loss unimaginable brutality every step
356. Survive,A couple celebrates their son's birthday in the middle of the ocean on their boat. A violent storm hits and it brings up hungry creatures from the depths and they fight for their survival.,couple celebrates son birthday middle ocean boat violent storm hits brings hungry creatures depths fight survival
357. Goebbels and the Führer,Nazi propaganda minister Joseph Goebbels is in charge of building public support for the Holocaust and for the war that Hitler is about to start.,nazi propaganda minister joseph goebbels charge building public support holocaust war hitler start
358. Trigger Warning,"A special forces commando returns to her hometown after her father's sudden death, only to run afoul of a violent gang when she starts asking questions.",special forces commando returns hometown father sudden death run afoul violent gang starts asking questions
359. Take My Hand,"At the peak of her career in London, an Australian woman is diagnosed with MS. After losing her job and the death of her husband, she moves home with her three sons, where a chance encounter with a childhood sweetheart changes her life.",peak career london australian woman diagnosed ms losing job death husband moves home three sons chance encounter childhood sweetheart changes life
360. The Stickman's Hollow,A series of mysterious and savage murders plague an area of remote wilderness known for its insidious past.,series mysterious savage murders plague area remote wilderness known insidious past
361. Dargeçit,27 years and counting... A lawyer fights against the impunity in today's Turkey with the relatives of those who were forcibly disappeared in 1995.,years counting lawyer fights impunity today turkey relatives forcibly disappeared
362. Vermiglio,"1944, Vermiglio, a remote mountain village. The arrival of Pietro, a deserter, into the family of the local teacher, and his love for the teacher's eldest daughter, will change the course of everyone's life.",vermiglio remote mountain village arrival pietro deserter family local teacher love teacher eldest daughter change course everyone life
363. All That We Love,"Upon the loss of her beloved dog, Emma faces an empty nest and renewed feelings for her estranged ex-husband, as she navigates the joy and sorrow of starting anew.",upon loss beloved dog emma faces empty nest renewed feelings estranged ex husband navigates joy sorrow starting anew
364. Sharp Corner,A dedicated family man becomes obsessed with saving the lives of the car accident victims on the sharp corner in front of his house - an obsession that could cost him everything.,dedicated family man becomes obsessed saving lives car accident victims sharp corner front house obsession could cost everything
365. Suncoast,"While caring for her brother along with her audacious mother, a teenager strikes up a friendship with an eccentric activist who is protesting one of the most landmark medical cases of all time.",caring brother along audacious mother teenager strikes friendship eccentric activist protesting one landmark medical cases time
366. Empire Waist,Follows a group of teens learning to love their bodies through inclusive fashion design and friendship.,follows group teens learning love bodies inclusive fashion design friendship
367. The Summer Book,"Follows the inspirational tale of a young girl and her grandmother spending a summer on a small, uninhabited island in the Gulf of Finland.",follows inspirational tale young girl grandmother spending summer small uninhabited island gulf finland
368. Tina,"A woman, grieving her daughter's death in the Christchurch quakes, becomes a substitute teacher at an elite school. Unexpectedly, she discovers students lacking guidance and care, prompting her to provide inspiration and support.",woman grieving daughter death christchurch quakes becomes substitute teacher elite school unexpectedly discovers students lacking guidance care prompting provide inspiration support
369. Varshangalkku Shesham,"The story of two friends set in two different time periods. Two boys, Murali and Venu, hailing from northern Kerala meet coincidentally and become friends.",story two friends set two different time periods two boys murali venu hailing northern kerala meet coincidentally become friends
370. The Ceremony,Two troubled migrant workers in a Bradford car wash are dragged into an escalating moral crisis as night falls.,two troubled migrant workers bradford car wash dragged escalating moral crisis night falls
371. Misericordia,"Returning to Saint-Martial for his late boss's funeral, Jérémie's stay with widow Martine becomes entangled in a disappearance, a threatening neighbor, and an abbot's shady intentions.",returning saint martial late boss funeral j r mie stay widow martine becomes entangled disappearance threatening neighbor abbot shady intentions
372. On Falling,"The story focuses on Aurora, a Portuguese worker in a Scottish warehouse, navigating loneliness and alienation in an algorithm-driven gig economy as she seeks meaning and connection amidst solitude and workplace confines.",story focuses aurora portuguese worker scottish warehouse navigating loneliness alienation algorithm driven gig economy seeks meaning connection amidst solitude workplace confines
373. Weekend in Taipei,"A former DEA agent and a former undercover operative revisit their romance during a fateful weekend in Taipei, unaware of the dangerous consequences of their past.",former dea agent former undercover operative revisit romance fateful weekend taipei unaware dangerous consequences past
374. Afternoons of Solitude,"Explores the spiritual pain of bullfighting, the tormented torero in a ring, one of the most excessive and graphic examples of the origin of Southern European civilization",explores spiritual pain bullfighting tormented torero ring one excessive graphic examples origin southern european civilization
375. Unit 234,"After the shocking discovery of an unconscious man in a locked unit, the lone employee of a remote storage facility must fight to survive the night against a ruthless gang, dead set on retrieving their precious cargo - at any cost.",shocking discovery unconscious man locked unit lone employee remote storage facility must fight survive night ruthless gang dead set retrieving precious cargo cost
376. Sweet Dreams,"Follows Morris, who must coach a misfit softball team of his fellow housemates during his mandatory stay at Sweet Dreams sober living in order to get his life back on track.",follows morris must coach misfit softball team fellow housemates mandatory stay sweet dreams sober living order get life back track
377. Under Paris,"To save Paris from a bloodbath, a grieving scientist is forced to face her tragic past when a giant shark appears in the Seine.",save paris bloodbath grieving scientist forced face tragic past giant shark appears seine
378. Your Monster,"After her life falls apart, soft-spoken actress Laura Franco finds her voice again when she meets a terrifying, yet weirdly charming Monster living in her closet. A romantic-comedy-horror film about falling in love with your inner rage.",life falls apart soft spoken actress laura franco finds voice meets terrifying yet weirdly charming monster living closet romantic comedy horror film falling love inner rage
379. The Severed Sun,"Magpie lives in an isolated church community ruled over by her father, The Pastor. When a man is murdered, paranoia sets in and people start to whisper about a strange 'Beast' that lives in the forest.",magpie lives isolated church community ruled father pastor man murdered paranoia sets people start whisper strange beast lives forest
380. Dying,Lissy enjoys husband Gerd's deterioration in a home. Her joy is temporary as her health rapidly declines.,lissy enjoys husband gerd deterioration home joy temporary health rapidly declines
381. Good One,"During a weekend backpacking trip in the Catskills, 17-year-old Sam navigates the clash of egos between her father and his oldest friend.",weekend backpacking trip catskills year old sam navigates clash egos father oldest friend
382. Humane,"In the wake of an environmental collapse that is forcing humanity to shed 20% of its population, a family dinner erupts into chaos when a father's plan to enlist in the government's new euthanasia program goes horribly awry.",wake environmental collapse forcing humanity shed population family dinner erupts chaos father plan enlist government new euthanasia program goes horribly awry
383. KA,"In a village where the sun sinks below the horizon by 3 PM, darkness creeps in early, bringing with it a chilling wave of inexplicable horrors.",village sun sinks horizon pm darkness creeps early bringing chilling wave inexplicable horrors
384. The Visitor,"A refugee arrives at the home of an upper-class family in London and seduces each member of the family. When he suddenly is gone, he leaves behind a void that the rest try to fill in different ways.",refugee arrives home upper class family london seduces member family suddenly gone leaves behind void rest try fill different ways
385. La Cocina,"In the heart of a bustling Times Square kitchen, dreams and desperation collide as the staff each chase the elusive American dream.",heart bustling times square kitchen dreams desperation collide staff chase elusive american dream
386. The 4:30 Movie,A group of teens in the 1980s spend the day theater-hopping.,group teens spend day theater hopping
387. The Old Bachelor,"Two Iranian brothers live with their abusive father. When he rents to a young woman planning to marry her, her attraction to the older son creates tension in their already fractured family.",two iranian brothers live abusive father rents young woman planning marry attraction older son creates tension already fractured family
388. Get Away,A family's vacation to a remote getaway takes an unexpected turn when they discover the island they're on is inhabited by a serial killer.,family vacation remote getaway takes unexpected turn discover island inhabited serial killer
389. Slingshot,"An astronaut struggles to maintain his grip on reality aboard a possibly fatally compromised mission to Saturn's moon, Titan.",astronaut struggles maintain grip reality aboard possibly fatally compromised mission saturn moon titan
390. Diamonds,A director calls all his favorite actresses to film a movie set in Rome in the 70s that tells the vicissitudes revolving around a prestigious tailoring.,director calls favorite actresses film movie set rome tells vicissitudes revolving around prestigious tailoring
391. Ghost Train,"""Ghost Train"" is a horror movie in which Da Gyeong, a YouTuber with the lowest number of views, meets the station master of a mysterious subway station to find the source of a true horror story and encounters several strange stories.",ghost train horror movie da gyeong youtuber lowest number views meets station master mysterious subway station find source true horror story encounters several strange stories
392. Dear Santa,"When a young boy mails his Christmas wish list to Santa with one crucial spelling error, a devilish Jack Black arrives to wreak havoc on the holidays.",young boy mails christmas wish list santa one crucial spelling error devilish jack black arrives wreak havoc holidays
393. This Time Next Year,"Minnie and Quinn are born on the same day, one minute apart. Their lives may begin together, but their worlds couldn't be more different. Years later they find themselves together again. Maybe it's time to take a chance on love.",minnie quinn born day one minute apart lives may begin together worlds different years later find together maybe time take chance love
394. I Wish You All the Best,"After being kicked out of the house by their parents, a teen embarks upon a journey of self-discovery that teaches them about love, friendship, and family.",kicked house parents teen embarks upon journey self discovery teaches love friendship family
395. Rob Peace,"Based on a true story, a brilliant young man puts his bright future at risk to help his father.",based true story brilliant young man puts bright future risk help father
396. 18×2 Beyond Youthful Days,"Ami, a Japanese backpacker, and Jimmy work together at a KTV. They bond over work and adventures, but Ami leaves suddenly. Eighteen years later, Jimmy finds a postcard from Ami, sparking a journey to Japan to find closure and reconnect.",ami japanese backpacker jimmy work together ktv bond work adventures ami leaves suddenly eighteen years later jimmy finds postcard ami sparking journey japan find closure reconnect
397. Outside,"A family seeks refuge on an isolated farm during a zombie apocalypse, but long-buried secrets strain their relationships as they struggle to survive.",family seeks refuge isolated farm zombie apocalypse long buried secrets strain relationships struggle survive
398. Dead Mail,"An ominous help note finds its way to a 1980s post office, connecting a dead letter investigator to a kidnapped keyboard technician.",ominous help note finds way post office connecting dead letter investigator kidnapped keyboard technician
399. The Thicket,"When a bounty hunter and a band of unlikely heroes pursue a brutal killer, they find themselves in a deadly no-man's-land known as The Thicket.",bounty hunter band unlikely heroes pursue brutal killer find deadly man land known thicket
400. Am I Racist?,"A man investigates diversity, equity and inclusion practices, revealing absurdities through hidden social experiments.",man investigates diversity equity inclusion practices revealing absurdities hidden social experiments
401. Mother of the Bride,Lana's daughter Emma returns from London and announces that she's getting married next month. Things become more complicated when Lana learns that the man who stole Emma's heart is the son of the man who broke hers years ago.,lana daughter emma returns london announces getting married next month things become complicated lana learns man stole emma heart son man broke years ago
402. Lowlifes,The survival instincts of a road-tripping family are put to the test when they have no other choice but to stay the night at a remote homestead.,survival instincts road tripping family put test choice stay night remote homestead
403. Boneyard,Inspired by the true events of a serial killer that may still be out there today.,inspired true events serial killer may still today
404. April,"Nina, an OB-GYN, faces accusations after a newborn's death. Her life undergoes scrutiny during the investigation. She persists in her medical duties, determined to provide care others hesitate to offer, despite risks.",nina ob gyn faces accusations newborn death life undergoes scrutiny investigation persists medical duties determined provide care others hesitate offer despite risks
405. Ghostlight,"When a construction worker unexpectedly joins a local theater's production of Romeo and Juliet, the drama onstage starts to mirror his own life.",construction worker unexpectedly joins local theater production romeo juliet drama onstage starts mirror life
406. Players,"A sports writer unused to relationships falls for a fling, leading her to reconsider playing the field in favor of commitment.",sports writer unused relationships falls fling leading reconsider playing field favor commitment
407. Hot Frosty,"Widow Kathy magically brings a snowman to life. His innocence helps her heal and find love again. They bond before the holidays, but he's doomed to melt.",widow kathy magically brings snowman life innocence helps heal find love bond holidays doomed melt
408. Toxic,"Dreaming of an escape from the bleakness of their hometown, two teens form a unique bond at a local modeling school, where the promise of a better life pushes girls to violate their bodies in increasingly extreme ways.",dreaming escape bleakness hometown two teens form unique bond local modeling school promise better life pushes girls violate bodies increasingly extreme ways
409. Caught by the Tides,"A Chinese woman lives for herself in silence, celebrating the prosperous Belle Epoque with songs and dance.",chinese woman lives silence celebrating prosperous belle epoque songs dance
410. Spin the Bottle,The story of a group of teenagers in small town Texas who unleash a deadly force after playing the famous game in an abandoned house where a grisly massacre once took place.,story group teenagers small town texas unleash deadly force playing famous game abandoned house grisly massacre took place
411. Eephus,"Grown men's recreational baseball game stretches to extra innings on their beloved field's final day before demolition. Humor and nostalgia intertwine as daylight fades, signaling an era's end.",grown men recreational baseball game stretches extra innings beloved field final day demolition humor nostalgia intertwine daylight fades signaling era end
412. Winter in Sokcho,"A young Korean girl's life takes an unexpected turn when a French artist visits her country, disrupting her routine.",young korean girl life takes unexpected turn french artist visits country disrupting routine
413. No Way Up,Characters from different backgrounds are thrown together when the plane they're travelling on crashes into the Pacific Ocean. A nightmare fight for survival ensues with the air supply running out and dangers creeping in from all sides.,characters different backgrounds thrown together plane travelling crashes pacific ocean nightmare fight survival ensues air supply running dangers creeping sides
414. Badland Hunters,"When an earthquake turns Seoul into a lawless badland, a fearless huntsman goes on to rescue a teenager from a mad doctor who held the teenager captive in a camp full of dangerous cultists.",earthquake turns seoul lawless badland fearless huntsman goes rescue teenager mad doctor held teenager captive camp full dangerous cultists
415. Love Me,A post-apocalyptic romance in which a buoy and a satellite meet online and fall in love after the end of human civilization.,post apocalyptic romance buoy satellite meet online fall love end human civilization
416. Kiskisan,"Steamy tale of love, lust, and betrayal. When Adele's sister Bea returns with her girlfriend Cheska, a secret affair begins between Cheska and Adele's boyfriend, Rener, leading to a climactic ending when they're caught.",steamy tale love lust betrayal adele sister bea returns girlfriend cheska secret affair begins cheska adele boyfriend rener leading climactic ending caught
417. The Radleys,"A seemingly ordinary family actually has a dark secret: they are vampires. They choose not to drink blood despite their natural cravings, but their truth is revealed one day.",seemingly ordinary family actually dark secret vampires choose drink blood despite natural cravings truth revealed one day
418. 1978,"During the World Cup final between Argentina and Holland, in times of military dictatorship, a group of torturers kidnap a group of young people. What begins as an inhumane interrogation turns into hell: the wrong group has been kidnapped.",world cup final argentina holland times military dictatorship group torturers kidnap group young people begins inhumane interrogation turns hell wrong group kidnapped
419. The Uninvited,"A stranger crashes a party, sparking a comedy of errors, and a reordering of life.",stranger crashes party sparking comedy errors reordering life
420. Elie Wiesel: Soul on Fire,"Holocaust survivor Elie Wiesel's life journey, from his family's deportation to his legacy as writer and human rights advocate, told through personal archives, family interviews, and his own voice.",holocaust survivor elie wiesel life journey family deportation legacy writer human rights advocate told personal archives family interviews voice
421. In the Summers,"On a journey that spans the formative years of their lives, two sisters navigate their loving but volatile father during their yearly summer visits to his home in Las Cruces, New Mexico.",journey spans formative years lives two sisters navigate loving volatile father yearly summer visits home las cruces new mexico
422. Scared Shitless,"A plumber and his germophobic son are forced to get their hands dirty to save the residents of an apartment building, when a genetically engineered, blood-thirsty creature escapes into the plumbing system.",plumber germophobic son forced get hands dirty save residents apartment building genetically engineered blood thirsty creature escapes plumbing system
423. Red Right Hand,"Cash is trying to live an honest and quiet life, but when Big Cat forces him back into her services, he proves capable of anything to protect the town and the only family he has left.",cash trying live honest quiet life big cat forces back services proves capable anything protect town family left
424. Night Shift,"A young nurse with a past of family violence starts working the night shift at a small hospital, where during the night a ghost nurse materializes.",young nurse past family violence starts working night shift small hospital night ghost nurse materializes
425. Elyas,A former Special Forces soldier who has become solitary and paranoid since serving Afghanistan and recruited to provide the security for Amina and her daughter Nour.,former special forces soldier become solitary paranoid since serving afghanistan recruited provide security amina daughter nour
426. The Wasp,"Follows Heather and Carla, who meet after having not spoken in years. Heather is about to present a very unexpected proposition that could change their lives forever.",follows heather carla meet spoken years heather present unexpected proposition could change lives forever
427. Enough for Now,Siblings bake coconut cubes dessert to lure eldest brother home. Time appears frozen. Ordinary summer days become extraordinary. Joyous spirit alleviates darkness. Brothers reunite through baking shared favorite treat.,siblings bake coconut cubes dessert lure eldest brother home time appears frozen ordinary summer days become extraordinary joyous spirit alleviates darkness brothers reunite baking shared favorite treat
428. The Shadow Strays,"Codename 13, a 17-year-old assassin, is suspended due to a sloppy mission in Japan. She meets 11-year-old Monji, who loses his mother, and sets out to rescue him.",codename year old assassin suspended due sloppy mission japan meets year old monji loses mother sets rescue
429. Macbeth,"Macbeth encounters witches who foretell his kingship. Lady Macbeth hatches a plot to seize the throne. Guilt and paranoia consume them as rebellion and Lady Macbeth's spiral lead to their downfall, prophecies' sinister unraveling.",macbeth encounters witches foretell kingship lady macbeth hatches plot seize throne guilt paranoia consume rebellion lady macbeth spiral lead downfall prophecies sinister unraveling
430. Messy,"Follows the life of brutally self-aware, promiscuous, love addict Stella Fox, who moves to New York after a devastating breakup, and all her disappointing romantic dalliances over the course of a summer.",follows life brutally self aware promiscuous love addict stella fox moves new york devastating breakup disappointing romantic dalliances course summer
431. Imaginary,A woman returns to her childhood home to discover that the imaginary friend she left behind is very real and unhappy that she abandoned him.,woman returns childhood home discover imaginary friend left behind real unhappy abandoned
432. Bagman,"When a sinister threat from his childhood returns to haunt him, a father desperately struggles against his deepest inner fear. Only this time, the fight isn't for himself; it's for his family.",sinister threat childhood returns haunt father desperately struggles deepest inner fear time fight family
433. Second Life,"Whilst serving a prison sentence for killing a gang boss, Liang gives birth to a boy who is put into welfare. 30 years later, Liang is released from prison, and the gang send blind Ah Gui to pose as Liang's blind son so he can kill her.",whilst serving prison sentence killing gang boss liang gives birth boy put welfare years later liang released prison gang send blind ah gui pose liang blind son kill
434. Super/Man: The Christopher Reeve Story,"Reeve's rise to becoming a film star follows with a near-fatal horse-riding accident in 1995 that left him paralyzed from the neck down. After the accident, he became an activist for spinal cord injury treatments and disability rights.",reeve rise becoming film star follows near fatal horse riding accident left paralyzed neck accident became activist spinal cord injury treatments disability rights
435. The Tearsmith,Sometimes our greatest fear is accepting that someone can honestly love us for who we are. Nica and Rigel are ready to find it out together.,sometimes greatest fear accepting someone honestly love us nica rigel ready find together
436. Daddy's Head,A boy and his stepmother fear for their safety after an eerie creature resembling the boy's recently deceased father visits them.,boy stepmother fear safety eerie creature resembling boy recently deceased father visits
437. Summer Camp,"Follows Nora, Ginny, and Mary, three childhood best friends who used to spend every summer at a sleep-away camp together. After years, when the opportunity to get back together for a summer camp reunion presents itself, they all seize it.",follows nora ginny mary three childhood best friends used spend every summer sleep away camp together years opportunity get back together summer camp reunion presents seize
438. Code 8: Part II,Follows a girl fighting to get justice for her brother who was slain by corrupt police officers. She enlists the help of an ex-con and his former partner to face off against a highly regarded and well-protected police sergeant.,follows girl fighting get justice brother slain corrupt police officers enlists help ex con former partner face highly regarded well protected police sergeant
439. Teri Baaton Mein Aisa Uljha Jiya,"Aryan is not able to find a perfect life partner. He meets a perfect girl, Sifra, during an official assignment in the US and falls in love with her only to discover later that it's an impossible love story.",aryan able find perfect life partner meets perfect girl sifra official assignment us falls love discover later impossible love story
440. Watchmen: Chapter II,"In an alternate 1985 America, a group of retired superheroes investigate a conspiracy after one of their own is murdered.",alternate america group retired superheroes investigate conspiracy one murdered
441. Big World,"Liu Chunhe, a young man with cerebral palsy, overcomes physical and mental barriers while fulfilling his grandmother's dream and discovering his life's purpose, leading to transformation and a fresh start.",liu chunhe young man cerebral palsy overcomes physical mental barriers fulfilling grandmother dream discovering life purpose leading transformation fresh start
442. Lola,"Lola James works to save enough money to get her little brother, Arlo, out of their toxic home. Arlo keeps her hopeful, until one tragic night, when her whole world gets uprooted. From that moment on, nothing will ever be the same.",lola james works save enough money get little brother arlo toxic home arlo keeps hopeful one tragic night whole world gets uprooted moment nothing ever
443. Singham Again,"Bajirao Singham and a team of super cops must rescue his wife, Avni, who is producing a stage play based on the Ramayana, from a villainous kidnapper.",bajirao singham team super cops must rescue wife avni producing stage play based ramayana villainous kidnapper
444. Drawing Closer,"With only a year left to live, 17-year-old Akito finds new meaning in life by bringing joy to a terminally ill girl who has just six months remaining.",year left live year old akito finds new meaning life bringing joy terminally ill girl six months remaining
445. Manas,"Aware that the future does not hold many options for her in a riverside community on Marajó Island, a 13-year-old girl decides to confront the violent machinery that governs her family and the women in her community.",aware future hold many options riverside community maraj island year old girl decides confront violent machinery governs family women community
446. Drugstore June,"After the pharmacy in her small town is robbed, a girl who still lives at home with her parents takes matters into her own hands to solve the crime, while at the same time trying to get over her ex-boyfriend and become more of an adult.",pharmacy small town robbed girl still lives home parents takes matters hands solve crime time trying get ex boyfriend become adult
447. How to Date Billy Walsh,"Follows a pair of childhood friends: Amelia and Archie. Archie has always kept his love for her a secret, but just as he builds up the courage to declare his feelings, Amelia falls for Billy Walsh, the new transfer student.",follows pair childhood friends amelia archie archie always kept love secret builds courage declare feelings amelia falls billy walsh new transfer student
448. Crossing,"Lia, a retired teacher, has promised to find her long-lost niece, Tekla. Her search takes her to Istanbul where she meets Evrim, a lawyer fighting for trans rights, and Tekla starts to feel closer than ever.",lia retired teacher promised find long lost niece tekla search takes istanbul meets evrim lawyer fighting trans rights tekla starts feel closer ever
449. Twilight of the Warriors: Walled In,"Follows troubled youth Chan Lok-kwun as he accidentally enters the Walled City, discovers the order amidst its chaos, and learns important life lessons along the way.",follows troubled youth chan lok kwun accidentally enters walled city discovers order amidst chaos learns important life lessons along way
450. Drive Back,A couple returning from their engagement party must escape a sinister and seemingly endless road.,couple returning engagement party must escape sinister seemingly endless road
451. Went Up the Hill,"Jack ventures to remote New Zealand for the funeral of his estranged mother and meets her widow Jill. But his mother's spirit returns to inhabit each of their bodies, instigating a life-threatening three-way nocturnal dance.",jack ventures remote new zealand funeral estranged mother meets widow jill mother spirit returns inhabit bodies instigating life threatening three way nocturnal dance
452. Sooryavansham,,nan
453. Magpie,A couple find their lives turned upside-down when their daughter is cast alongside a controversial major star.,couple find lives turned upside daughter cast alongside controversial major star
454. Handling the Undead,"On a hot summer day in Oslo, the dead mysteriously awaken, and three families are thrown into chaos when their deceased loved ones come back to them.",hot summer day oslo dead mysteriously awaken three families thrown chaos deceased loved ones come back
455. The Courier,Follows a hustler and his rise to the top of the corruption that surrounded the real estate bubble after the arrival of the euro in Spain.,follows hustler rise top corruption surrounded real estate bubble arrival euro spain
456. Boys Go to Jupiter,"A teenager in suburban Florida desperately hustles to make $5,000 in this dreamy and surreal animated coming-of-age story.",teenager suburban florida desperately hustles make dreamy surreal animated coming age story
457. Santosh,"Newly widowed Santosh inherits her husband's job as a police constable in the rural badlands of Northern India. When a girl's body is found, she's pulled into the investigation under the wing of charismatic feminist inspector Sharma.",newly widowed santosh inherits husband job police constable rural badlands northern india girl body found pulled investigation wing charismatic feminist inspector sharma
458. Die Alone,Tells the story of a young man who has amnesia. He bands together with a rugged survivalist in a zombie-like outbreak to find his girlfriend.,tells story young man amnesia bands together rugged survivalist zombie like outbreak find girlfriend
459. Black Dog,"Released from jail, Lang returns to his hometown in Northwest China. As part of a dog patrol tasked with clearing stray dogs before the 2008 Olympics, he bonds with a black stray. The two lonely souls embark on a new journey together.",released jail lang returns hometown northwest china part dog patrol tasked clearing stray dogs olympics bonds black stray two lonely souls embark new journey together
460. The Piano Lesson,"Follows the lives of the Charles family as they deal with themes of family legacy and more, in deciding what to do with an heirloom, the family piano.",follows lives charles family deal themes family legacy deciding heirloom family piano
461. Noise,A woman with a hearing impediment is haunted by sounds linking to her sister's disappearance and the presence of a malevolent spirit.,woman hearing impediment haunted sounds linking sister disappearance presence malevolent spirit
462. A Brother and 7 Siblings,"After the untimely death of his older siblings, a struggling young architect suddenly becomes a ""single-parent"" for his nephews. When opportunity for a better life arises, he must choose between his love life, career, or his nephews.",untimely death older siblings struggling young architect suddenly becomes single parent nephews opportunity better life arises must choose love life career nephews
463. The Program,"Explores the unprecedented bipartisan congressional effort to uncover what intelligence agencies really know about UFOs, now referred to as UAP.",explores unprecedented bipartisan congressional effort uncover intelligence agencies really know ufos referred uap
464. My Fault,"A criminal defense attorney, unhappy in her marriage, finds herself seduced by her mysterious new client, an artist accused of murdering his girlfriend.",criminal defense attorney unhappy marriage finds seduced mysterious new client artist accused murdering girlfriend
465. Ick,"Science teacher Hank's life changes when he reconnects with his first love and suspects a new student is his daughter, all while facing an alien threat in their town.",science teacher hank life changes reconnects first love suspects new student daughter facing alien threat town
466. Long Gone Heroes,"A special forces soldier who has given up country, religion, and even hope, must return to the field of battle to track down his niece, a reporter, caught in the middle of an illegal private contracting operation that went dead wrong.",special forces soldier given country religion even hope must return field battle track niece reporter caught middle illegal private contracting operation went dead wrong
467. Skincare,"Famed aesthetician Hope Goldman's skincare business faces sabotage when rival Angel Vergara opens a boutique across the street. Aided by friend Jordan, Hope seeks to uncover who's trying to ruin her reputation.",famed aesthetician hope goldman skincare business faces sabotage rival angel vergara opens boutique across street aided friend jordan hope seeks uncover trying ruin reputation
468. Superboys of Malegaon,"The journey of an aspiring filmmaker as he bands together his group of friends to make a film for his town, Malegaon.",journey aspiring filmmaker bands together group friends make film town malegaon
469. My Dead Friend Zoe,"Engaged in a mysterious relationship with her dead best friend from the Army, a female Afghanistan veteran comes head to head with her Vietnam vet grandfather at the family's ancestral lake house.",engaged mysterious relationship dead best friend army female afghanistan veteran comes head head vietnam vet grandfather family ancestral lake house
470. Simarik,"This is the story of Mete, the spoiled son of a wealthy businessman whose father makes him believe he has reincarnated as a servant in a 16th-century Ottoman city.",story mete spoiled son wealthy businessman whose father makes believe reincarnated servant th century ottoman city
471. Familiar Touch,"An octogenarian woman transitions to life in assisted living as she contends with her conflicting relationship to herself and her caregivers amidst her shifting memory, age identity, and desires.",octogenarian woman transitions life assisted living contends conflicting relationship caregivers amidst shifting memory age identity desires
472. What Happened to Dorothy Bell?,"Ozzie Gray video documents her investigation into the traumatic events from her early childhood, which involved her late grandmother, Dorothy Bell.",ozzie gray video documents investigation traumatic events early childhood involved late grandmother dorothy bell
473. Legend of the White Dragon,"In the Aftermath, the city was left decimated. A past reminder of the great battle and fall of heroes. The heroes were blamed, stripped of their titles and hunted.",aftermath city left decimated past reminder great battle fall heroes heroes blamed stripped titles hunted
474. The Front Room,"It tells the story of a newly pregnant couple who are forced to take in an ailing, estranged stepmother.",tells story newly pregnant couple forced take ailing estranged stepmother
475. Bonhoeffer: Pastor. Spy. Assassin.,"As the world teeters on the brink of annihilation, Dietrich Bonhoeffer joins a deadly plot to assassinate Hitler, risking his faith and fate to save millions of Jews from genocide.",world teeters brink annihilation dietrich bonhoeffer joins deadly plot assassinate hitler risking faith fate save millions jews genocide
476. Vechnaya zima,Zero. Winter. Ural city. A high school student is beaten on the street. He is dying. Parents experience the tragedy in different ways. Mother finds the diary. Only after the death of her son does she begin to understand how he lived. The father is obsessed with revenge and is looking for killers.,zero winter ural city high school student beaten street dying parents experience tragedy different ways mother finds diary death son begin understand lived father obsessed revenge looking killers
477. Hiçbir Sey Normal Degil,A circus-like dark comedy about a country of destruction.,circus like dark comedy country destruction
478. From the Ashes,"A seemingly normal school day ends in unthinkable disaster when a mysterious fire breaks out in the school basement. Chaos, panic and confusion prevail among students and teachers.",seemingly normal school day ends unthinkable disaster mysterious fire breaks school basement chaos panic confusion prevail among students teachers
479. In Waves and War,Highly decorated Navy SEAL Marcus Capone struggles with PTSD after returning from Afghanistan. His wife finds hope in psychedelic therapy. They embark on providing access to this treatment for other veterans battling mental health issues.,highly decorated navy seal marcus capone struggles ptsd returning afghanistan wife finds hope psychedelic therapy embark providing access treatment veterans battling mental health issues
480. Our Little Secret,Two resentful exes must awkwardly spend Christmas together after they learn that their new partners are siblings.,two resentful exes must awkwardly spend christmas together learn new partners siblings
481. Endurance,"Maritime Heritage Trust locates Shackleton's shipwrecked Endurance near Antarctica in 1915. Shackleton and 27 crew survive incredible journey to South Georgia to seek rescue after ship sinks, showcasing human resilience against all odds.",maritime heritage trust locates shackleton shipwrecked endurance near antarctica shackleton crew survive incredible journey south georgia seek rescue ship sinks showcasing human resilience odds
482. Turn Me On,"Under the control of a pill that eradicates human emotion, a young couple skip doses and discover new feelings, but realize that comes with emotional baggage to deal with.",control pill eradicates human emotion young couple skip doses discover new feelings realize comes emotional baggage deal
483. Kryptic,"A woman searches for a missing monster hunter, realizing she has an inextricable bond with the creature being pursued.",woman searches missing monster hunter realizing inextricable bond creature pursued
484. Rumours,"The leaders of seven wealthy democracies get lost in the woods while drafting a statement on a global crisis, facing danger as they attempt to find their way out.",leaders seven wealthy democracies get lost woods drafting statement global crisis facing danger attempt find way
485. Tura!,"Documentary on the life of Faster, Pussycat. Kill. Kill. star/Asian American actress Tura Satana. A wild ride chronicling Tura's brutal childhood, burlesque career, cult movie stardom, and impact as a female icon and cinema pioneer.",documentary life faster pussycat kill kill star asian american actress tura satana wild ride chronicling tura brutal childhood burlesque career cult movie stardom impact female icon cinema pioneer
486. Hell Hole,"Hell Hole hails from the filmmaking family behind Hellbender and centers on an American-led fracking crew that uncovers a living French soldier frozen in time from a Napoleonic campaign, whose body hosts a parasitic monster.",hell hole hails filmmaking family behind hellbender centers american led fracking crew uncovers living french soldier frozen time napoleonic campaign whose body hosts parasitic monster
487. Harsh Treatment,"When a pair of failed outlaws botch a big score, they settle for a smaller one instead - putting them in the crosshairs of a dangerous tracker who'll do anything to recover the priceless treasure they don't realize they've stolen.",pair failed outlaws botch big score settle smaller one instead putting crosshairs dangerous tracker anything recover priceless treasure realize stolen
488. Officer Black Belt,A talented martial artist who can't walk past a person in need unites with a probation officer to fight and prevent crime as a martial arts officer.,talented martial artist walk past person need unites probation officer fight prevent crime martial arts officer
489. Manjummel Boys,"A group of friends get into a daring rescue mission to save their friend from Guna Caves, a perilously deep pit from where nobody has ever been brought back.",group friends get daring rescue mission save friend guna caves perilously deep pit nobody ever brought back
490. Amaran,"The life of Major Mukund Varadarajan and is set against the backdrop of the Qazipathri Operation in Shopian, Kashmir, which took place back in 2014.",life major mukund varadarajan set backdrop qazipathri operation shopian kashmir took place back
491. Aavesham,Three teenagers reach Bangalore for their engineering degree and gets involved in a fight with seniors. They find a local gangster named Ranga to help them take revenge.,three teenagers reach bangalore engineering degree gets involved fight seniors find local gangster named ranga help take revenge
492. Things Will Be Different,"In order to escape police after a robbery, two estranged siblings lie low in a farmhouse that hides them away in a different time. There they reckon with a mysterious force that pushes their familial bonds to unnatural breaking points.",order escape police robbery two estranged siblings lie low farmhouse hides away different time reckon mysterious force pushes familial bonds unnatural breaking points
493. Dead Talents Society,Follows ghosts who want to become the spookiest of urban legends and most successful and famous stars in the underworld through their scare tactics and performances amongst the living.,follows ghosts want become spookiest urban legends successful famous stars underworld scare tactics performances amongst living
494. Soundtrack to a Coup d'Etat,Jazz and decolonization are entwined in this historical rollercoaster that rewrites the Cold War episode that led musicians Abbey Lincoln and Max Roach to crash the UN Security Council in protest against the murder of Patrice Lumumba.,jazz decolonization entwined historical rollercoaster rewrites cold war episode led musicians abbey lincoln max roach crash un security council protest murder patrice lumumba
"495. Thank You, Dr. Fauci",Award-winning documentarian Jenner Furst seeks answers from Dr. Fauci about the origins of COVID-19,award winning documentarian jenner furst seeks answers dr fauci origins covid
496. Find Me Falling,"After a failed comeback album, rock star John Allman escapes to a dreamy Mediterranean island, only to discover that his new cliffside home has an unfortunate notoriety that attracts unwanted visitors and an old flame.",failed comeback album rock star john allman escapes dreamy mediterranean island discover new cliffside home unfortunate notoriety attracts unwanted visitors old flame
497. Demon Slayer: Kimetsu No Yaiba - To the Hashira Training,"Tanjiro undergoes rigorous training with the Stone Hashira, Himejima, in his quest to become a Hashira. Meanwhile, Muzan continues to search for Nezuko and Ubuyashiki.",tanjiro undergoes rigorous training stone hashira himejima quest become hashira meanwhile muzan continues search nezuko ubuyashiki
498. Daughters,"Four young girls prepare for a special Daddy/Daughter Dance with their incarcerated fathers as part of a unique fatherhood program in a Washington, D.C. jail.",four young girls prepare special daddy daughter dance incarcerated fathers part unique fatherhood program washington c jail
499. Buy Now! The Shopping Conspiracy,"Pulls back the curtain on the world's top brands, exposing the hidden tactics and covert strategies used to keep all of us locked in an endless cycle of buying, no matter the cost.",pulls back curtain world top brands exposing hidden tactics covert strategies used keep us locked endless cycle buying matter cost
500. Sweethearts,"Two college freshmen pull a ""Turkey Dump"" and break up with their high school sweethearts over ""Drunksgiving"" - the one chaotic night before Thanksgiving in their hometown that puts their codependent friendship to the test.",two college freshmen pull turkey dump break high school sweethearts drunksgiving one chaotic night thanksgiving hometown puts codependent friendship test
501. The Last Breath,A group of old college friends reunite on a Caribbean scuba diving trip exploring the wreckage of a WWII battleship and find themselves trapped inside the underwater labyrinth of rusted metal surrounded by great white sharks.,group old college friends reunite caribbean scuba diving trip exploring wreckage wwii battleship find trapped inside underwater labyrinth rusted metal surrounded great white sharks
502. The Inheritance,"A billionaire on the eve of his 75th birthday, invites his estranged children back home out of fear that tonight someone or something is going to kill him. He puts each of their inheritances on the line, to make sure they'll help.",billionaire eve th birthday invites estranged children back home fear tonight someone something going kill puts inheritances line make sure help
503. Boss Ma'am,"When a terror female boss was blackmailed by her assistant, she has no choice but to obey and play with her.",terror female boss blackmailed assistant choice obey play
504. Hidden Face,"Seong-jin, a conductor, and Su-yeon, a cellist, are engaged. Su-yeon disappears, leaving a video. Mi-joo replaces Su-yeon and develops a secret relationship with Seong-jin. They feel watched as their bond deepens.",seong jin conductor su yeon cellist engaged su yeon disappears leaving video mi joo replaces su yeon develops secret relationship seong jin feel watched bond deepens
505. I Don't Understand You,"Stranded in rural Italy without transportation or language skills, an American couple on the verge of adopting tries to reconnect during a disastrous vacation, as their fears and relationship problems threaten to boil over.",stranded rural italy without transportation language skills american couple verge adopting tries reconnect disastrous vacation fears relationship problems threaten boil
506. The Merry Gentlemen,"To save her parents' small-town performing venue, a former big-city dancer decides to stage an all-male, Christmas-themed revue.",save parents small town performing venue former big city dancer decides stage male christmas themed revue
507. Kill the Jockey,"Remo's self-destructive behavior overshadows his talent. Abril, an upcoming jockey is pregnant by Remo and has to decide between child or continuing to race. They both race for Sirena, a businessman who saved Remo's life in the past .",remo self destructive behavior overshadows talent abril upcoming jockey pregnant remo decide child continuing race race sirena businessman saved remo life past
508. Block Pass,"Willy and Jojo are childhood friends who never leave each other's side. To beat boredom, they train at the Pampa, a motocross track. One evening, Willy discovers Jojo's secret.",willy jojo childhood friends never leave side beat boredom train pampa motocross track one evening willy discovers jojo secret
509. The Colors Within,A girl who can see colors in people's hearts joins a band with two other people.,girl see colors people hearts joins band two people
510. Ponyboi,"Unfolding over the course of Valentine's Day in New Jersey, a young intersex sex worker must run from the mob after a drug deal goes sideways, forcing him to confront his past.",unfolding course valentine day new jersey young intersex sex worker must run mob drug deal goes sideways forcing confront past
511. Reading Lolita in Tehran,The autobiographical story of a fearless teacher who secretly gathers seven of her female students to read forbidden Western classics in revolutionary Iran.,autobiographical story fearless teacher secretly gathers seven female students read forbidden western classics revolutionary iran
512. Boong,"A schoolboy, Boong, navigates racial tensions and border challenges in Manipur, driven by resilience and determination to reunite his divided family.",schoolboy boong navigates racial tensions border challenges manipur driven resilience determination reunite divided family
513. Queen of Bones,"In 1931 Oregon, twins Lily and Sam defy their father's silence to uncover the dark supernatural ties behind their mother's death on their isolated homestead.",oregon twins lily sam defy father silence uncover dark supernatural ties behind mother death isolated homestead
514. The Painter,"An ex-CIA operative is thrown back into a dangerous world when a mysterious woman from his past resurfaces. Now exposed and targeted by a relentless killer and a rogue black ops program, he must rely on skills he thought he left behind.",ex cia operative thrown back dangerous world mysterious woman past resurfaces exposed targeted relentless killer rogue black ops program must rely skills thought left behind
515. Classified,A career CIA hitman who's been solely using the classified section of various newspapers to receive his orders suddenly discovers that his division's actually been shut down for years.,career cia hitman solely using classified section various newspapers receive orders suddenly discovers division actually shut years
516. Timestalker,The hapless heroine Agnes is reincarnated every time she makes the same mistake: falling in love with the wrong man.,hapless heroine agnes reincarnated every time makes mistake falling love wrong man
517. Holy Cow,"Totone's carefree teenage life of drinking and dancing takes a turn when he must provide for his 7-year-old sister. Seeking income, he channels his energy into producing an award-winning comté cheese to claim a competition prize.",totone carefree teenage life drinking dancing takes turn must provide year old sister seeking income channels energy producing award winning comt cheese claim competition prize
518. Golam,A mysterious death during work hours in an office puzzles all but only Investigator ASP Sandeep Krishna observes it as a murder.,mysterious death work hours office puzzles investigator asp sandeep krishna observes murder
519. Mon Potongo,"Two young outcasts from different faiths dream of owning a luxury armchair they see in a store window. Working as laborers in the big city, they fight against social barriers and poverty to make their shared dream come true.",two young outcasts different faiths dream owning luxury armchair see store window working laborers big city fight social barriers poverty make shared dream come true
520. Love,"Marianne, a doctor, and Tor, a nurse, avoid relationships. After meeting on a ferry where Tor seeks casual encounters, Marianne explores the possibility of spontaneous intimacy, questioning societal norms.",marianne doctor tor nurse avoid relationships meeting ferry tor seeks casual encounters marianne explores possibility spontaneous intimacy questioning societal norms
521. Winnie-the-Pooh: Blood and Honey 2,"Not wanting to live in the shadows any longer, Winnie-the-Pooh, Piglet, Owl, and Tigger take their fight to the town of Ashdown, leaving a bloody trail of death and mayhem in their wake.",wanting live shadows longer winnie pooh piglet owl tigger take fight town ashdown leaving bloody trail death mayhem wake
522. Harold and the Purple Crayon,"Inside of his book, adventurous Harold can make anything come to life simply by drawing it. After he grows up and draws himself off the book's pages and into the physical world, Harold finds he has a lot to learn about real life.",inside book adventurous harold make anything come life simply drawing grows draws book pages physical world harold finds lot learn real life
523. Alien: Rubicon,A series of alien spheres land on planet Earth destroying everything in their path with ease. It's up to a scientist and the President of the USA to find a way to stop the alien invasion.,series alien spheres land planet earth destroying everything path ease scientist president usa find way stop alien invasion
524. Eks,Three compelling stories in one erotic experience. Yen Durano plays three different women in three titillating stories.,three compelling stories one erotic experience yen durano plays three different women three titillating stories
525. Irish Wish,"When the love of Maddie's life gets engaged to her best friend, she puts her feelings aside to be a bridesmaid at their wedding in Ireland.",love maddie life gets engaged best friend puts feelings aside bridesmaid wedding ireland
526. Charlotte,"Left alone with nowhere to go, Charlotte is picked up by an older man with questionable intentions.",left alone nowhere go charlotte picked older man questionable intentions
527. The Trainer,"Follows Jack, a fitness expert living with his mother in Los Angeles, who takes a maniacal swing at fame and fortune pursuing his version of the American dream.",follows jack fitness expert living mother los angeles takes maniacal swing fame fortune pursuing version american dream
528. Ghost Killer,"After being possessed by the ghost of vengeful hit man Kudo, college student Fumika Matsuoka agrees to help him finish his quest for vengeance from beyond the grave.",possessed ghost vengeful hit man kudo college student fumika matsuoka agrees help finish quest vengeance beyond grave
529. Beautiful Wedding,"After a crazy night in Las Vegas, Abby and Travis discover that they're married, and they head to Mexico for a honeymoon with friends and family.",crazy night las vegas abby travis discover married head mexico honeymoon friends family
530. River Returns,"Yucha from a village threatened by typhoons in 1958 ventures into the mountains, confronting the grieving spirit Oyo, whose sorrow has caused catastrophic floods for centuries, returning a sacred water-filled bowl to Oyo's drowning spot.",yucha village threatened typhoons ventures mountains confronting grieving spirit oyo whose sorrow caused catastrophic floods centuries returning sacred water filled bowl oyo drowning spot
531. Seeking Haven for Mr. Rambo,"On a quest to save Rambo, his dog and best friend; Hassan is forced to confront the fears of his past and rediscovers himself.",quest save rambo dog best friend hassan forced confront fears past rediscovers
532. Vampire Zombies... From Space!,"In 1957, the small town of Marlow is under attack by: see title",small town marlow attack see title
533. Do Patti,Twin sisters harbouring deep secrets and a determined police inspector seeking to uncover the truth in an attempted murder case.,twin sisters harbouring deep secrets determined police inspector seeking uncover truth attempted murder case
534. Guns & Moses,A beloved small town rabbi in the high desert becomes an unlikely gunslinger after his community is violently attacked.,beloved small town rabbi high desert becomes unlikely gunslinger community violently attacked
535. Wynonna Earp: Vengeance,Wynonna Earp is coming home to battle her greatest foe yet: a psychotic seductress hellbent on revenge against her...and everyone she loves.,wynonna earp coming home battle greatest foe yet psychotic seductress hellbent revenge everyone loves
536. Sex,Follows two colleagues who in different ways struggle with the same issues about their sexuality.,follows two colleagues different ways struggle issues sexuality
537. Blood Star,A petty thief driving through the New Mexico desert finds herself the target of a psychopathic small town sheriff who views his badge as a license to prey on vulnerable young women. She must use all of her street-smarts to survive.,petty thief driving new mexico desert finds target psychopathic small town sheriff views badge license prey vulnerable young women must use street smarts survive
538. Sector 36,"A fictional story Inspired by true events, several children go missing from a basti (slum) in Sector 36. A determined police officer must now face off with a cunning serial killer as a chilling investigation and dark secrets unfold.",fictional story inspired true events several children go missing basti slum sector determined police officer must face cunning serial killer chilling investigation dark secrets unfold
539. Jhamkudi,"Raniwada, a village in Gujarat, is cursed by an evil witch named JHAMKUDI during Navratri celebrations. Real estate agent Bablo and royal family heir Kumud return to face the witch's wrath and save Raniwada.",raniwada village gujarat cursed evil witch named jhamkudi navratri celebrations real estate agent bablo royal family heir kumud return face witch wrath save raniwada
540. Milk & Serial,A surprise birthday prank takes a turn for the worse when a popular social media duo must face the reality of the terrifying aftermath.,surprise birthday prank takes turn worse popular social media duo must face reality terrifying aftermath
541. Lick,"Evelyn wakes up in Vegas married to rock star David after blacking out on her 21st birthday. Thrust into his fame, she questions if she can handle his lifestyle as they navigate if their marriage is real or a mistake.",evelyn wakes vegas married rock star david blacking st birthday thrust fame questions handle lifestyle navigate marriage real mistake
542. V/H/S/Beyond,"Six bloodcurdling tapes unleash horror in a sci-fi inspired hellscape, pushing the boundaries of fear and suspense.",six bloodcurdling tapes unleash horror sci fi inspired hellscape pushing boundaries fear suspense
543. From Contract Lover to the Billionaire's Bride,Chloe's fiance Mason dumps her to marry wealthy Sophia. He frames Chloe's father for his crimes. Lawyer Ethan initially dislikes Chloe but they team up when he agrees to defend her father to protect his sister.,chloe fiance mason dumps marry wealthy sophia frames chloe father crimes lawyer ethan initially dislikes chloe team agrees defend father protect sister
544. Peacock,"Matthias masters impersonating roles for hire: cultured boyfriend, perfect son, sparring partner. Professionally adept at pretending daily, his true challenge lies in being himself.",matthias masters impersonating roles hire cultured boyfriend perfect son sparring partner professionally adept pretending daily true challenge lies
545. The Beautiful Game,Advocates to end homelessness organize an annual tournament for homeless men to compete in a series of football matches known as The Homeless World Cup.,advocates end homelessness organize annual tournament homeless men compete series football matches known homeless world cup
546. Sunlight,"A hilariously dark and unconventional love story, following two people on the edge of life who find purpose and romance through an unlikely connection, escaping the darkness in search of some sunlight.",hilariously dark unconventional love story following two people edge life find purpose romance unlikely connection escaping darkness search sunlight
547. Levels,"After witnessing his girlfriend's murder, a man risks everything - including reality itself - to discover the truth.",witnessing girlfriend murder man risks everything including reality discover truth
548. The Moogai,"A young Aboriginal couple brings home their second baby. What should be a joyous time takes a sinister turn, as the baby's mother starts seeing a malevolent spirit she is convinced is trying to take her baby.",young aboriginal couple brings home second baby joyous time takes sinister turn baby mother starts seeing malevolent spirit convinced trying take baby
549. The Balconettes,Three women in a Marseille apartment get stuck in a heat wave. They find themselves trapped in a terrifying affair and longing for freedom.,three women marseille apartment get stuck heat wave find trapped terrifying affair longing freedom
550. In Our Blood,"Filmmaker Emily Wyland reunites with estranged mother for documentary. When mother disappears, Emily and cinematographer Danny pursue clues to her whereabouts amidst traces of her past addictions.",filmmaker emily wyland reunites estranged mother documentary mother disappears emily cinematographer danny pursue clues whereabouts amidst traces past addictions
551. Pechi,Revolves around age-old practices such as black magic and witchcraft.,revolves around age old practices black magic witchcraft
552. The Astronaut Lovers,"Pedro returns to Argentina to spend the holidays with friends and family. He meets up with Maxi, a childhood friend who attracts him. Both engage in a playful game of flirtation and seduction.",pedro returns argentina spend holidays friends family meets maxi childhood friend attracts engage playful game flirtation seduction
553. Skywalkers: A Love Story,"A daring couple travels worldwide to climb the 118-story megatall skyscraper, Merdeka 118, in Kuala Lumpur, Malaysia, attempting a bold acrobatic stunt on the spire to salvage both their career and relationship.",daring couple travels worldwide climb story megatall skyscraper merdeka kuala lumpur malaysia attempting bold acrobatic stunt spire salvage career relationship
554. Everyone Is Going to Die,An entrepreneur is attempting to reconnect with his daughter on her Birthday. The party is interrupted and they are taken hostage by two masked female robbers who appear to have real problems with the Patriarchy.,entrepreneur attempting reconnect daughter birthday party interrupted taken hostage two masked female robbers appear real problems patriarchy
555. Midas Man,"On Thursday 9 November 1961, a man named Brian descended the stairs to a cellar in Liverpool and changed the world forever.",thursday november man named brian descended stairs cellar liverpool changed world forever
556. Love in the Big City,"Misunderstood as more than friends, roommates Jae-hee and Heung-soo navigate the complexities of modern romance in Seoul's big city.",misunderstood friends roommates jae hee heung soo navigate complexities modern romance seoul big city
557. The New Year That Never Came,"On the brink of revolution in 1989 Romania, six lives intersect amid protests and personal struggles, leading to the explosive fall of Ceausescu and the communist regime.",brink revolution romania six lives intersect amid protests personal struggles leading explosive fall ceausescu communist regime
558. The Vampire Next Door,"Introverted Cameron, is desperately in love with his high school crush Diane. But his romantic pursuit is halted when Victoria, a female vampire moves in next door. Cameron soon discovers he's in the middle of a life-and-death adventure.",introverted cameron desperately love high school crush diane romantic pursuit halted victoria female vampire moves next door cameron soon discovers middle life death adventure
559. Let's Start a Cult,"After missing out on a long-awaited mass suicide, an obnoxious cult member teams up with his former leader to gain a new following.",missing long awaited mass suicide obnoxious cult member teams former leader gain new following
560. Night Call,"This night is like all the others for Mady, student by day, locksmith by night. But Claire, the enigmatic young girl he helps out that night, is not who she claims to be. Mady has only one night to prove his innocence in a city in turmoil.",night like others mady student day locksmith night claire enigmatic young girl helps night claims mady one night prove innocence city turmoil
561. That Christmas,"It's an unforgettable Christmas for the townsfolk of Wellington-on-Sea when the worst snowstorm in history alters everyone's plans, including Santa's.",unforgettable christmas townsfolk wellington sea worst snowstorm history alters everyone plans including santa
562. Uranus 2324,"Love is deeper than the ocean, and bigger than the universe.",love deeper ocean bigger universe
563. Sasquatch Sunset,A year in the life of a unique family. It captures the daily life of the Sasquatch with a level of detail and rigor that is simply unforgettable.,year life unique family captures daily life sasquatch level detail rigor simply unforgettable
564. Anweshippin Kandethum,Revolves around two major crimes that shook kerala and the subsequent inquiry into the cases by sop.,revolves around two major crimes shook kerala subsequent inquiry cases sop
565. Riefenstahl,"Explores Leni Riefenstahl's artistic legacy and her complex ties to the Nazi regime, juxtaposing her self-portrayal with evidence suggesting awareness of the regime's atrocities.",explores leni riefenstahl artistic legacy complex ties nazi regime juxtaposing self portrayal evidence suggesting awareness regime atrocities
566. Brats,Centers on 1980s films starring the 'Brat Pack' and their profound impact on the young stars' lives.,centers films starring brat pack profound impact young stars lives
567. My Hero Academia: You're Next,"Deku, Bakugo, Todoroki and the rest of U.A. High Class 1-A must face off against Dark Might and the obscure crime organisation under his control, the Gollini Family.",deku bakugo todoroki rest u high class must face dark might obscure crime organisation control gollini family
568. Init,"When a young barrio lass moves in to the city to study, she lives in a boarding house with other college students. Unknown to them, behind her shy and timid personality is a woman with insatiable hunger for sex.",young barrio lass moves city study lives boarding house college students unknown behind shy timid personality woman insatiable hunger sex
569. The Clock,"After Mike and Sara bring home a grandfather clock, strange and frightening things begin to happen. As the incidents become more sinister, they learn that their clock, may be much more than they bargained for.",mike sara bring home grandfather clock strange frightening things begin happen incidents become sinister learn clock may much bargained
570. Breathe,"An East Flatbush mother and daughter, barely surviving in an oxygen-less world, must band together to protect each other when intruders arrive claiming to know their missing father.",east flatbush mother daughter barely surviving oxygen less world must band together protect intruders arrive claiming know missing father
571. Chime,A school teacher is woken by a sound that fills him with dread.,school teacher woken sound fills dread
572. I Am What I Am 2,"A Juan, an unknown person who came to Shanghai to work, agreed to participate in the ""Shanghai Fight Night"" martial arts competition on behalf of the declining Chuanwu Boxing Gym in order to make money to treat his father's illness.",juan unknown person came shanghai work agreed participate shanghai fight night martial arts competition behalf declining chuanwu boxing gym order make money treat father illness
573. Behind the Lines,Follows a passionate historian who travels the world to find and preserve letters written during times of war.,follows passionate historian travels world find preserve letters written times war
574. Black Box Diaries,"Journalist Shiori Ito investigates her own sexual assault, seeking to prosecute the high-profile offender. Her quest becomes a landmark case, exposing Japan's outdated judicial and societal systems.",journalist shiori ito investigates sexual assault seeking prosecute high profile offender quest becomes landmark case exposing japan outdated judicial societal systems
575. The Kingdom,"Lesia, a teenager, is taken by a man to a villa where her fugitive father and his men are hiding. A war erupts, leading to death and a chase where father and daughter bond.",lesia teenager taken man villa fugitive father men hiding war erupts leading death chase father daughter bond
576. Space Cadet,"Rex, a Florida party girl, turns out to be the only hope for the NASA space program after a fluke puts her in training with other candidates who may have better resumés, but don't have her smarts, heart, and moxie.",rex florida party girl turns hope nasa space program fluke puts training candidates may better resum smarts heart moxie
577. Harbin,Follows Korean independence activists who launched a daring attack in Harbin against the Japanese to gain their country's independence.,follows korean independence activists launched daring attack harbin japanese gain country independence
578. Cat and Dog,"When a cat and a dog escape their cages in the airport, their owners must work together to recover their prized pets.",cat dog escape cages airport owners must work together recover prized pets
579. Christmas Eve in Miller's Point,"On Christmas Eve, a family gathers for what could be the last holiday in their ancestral home. As the night wears on and generational tensions arise, one of the teenagers sneaks out with her friends to claim the wintry suburb for her own.",christmas eve family gathers could last holiday ancestral home night wears generational tensions arise one teenagers sneaks friends claim wintry suburb
580. The Commandant's Shadow,"Follows Hans Jürgen Höss, the son of Rudolf Höss, the Camp Commandant of Auschwitz when he confronts his father's involvement in the murder of over a million Jews during the Holocaust.",follows hans j rgen h ss son rudolf h ss camp commandant auschwitz confronts father involvement murder million jews holocaust
"581. Oh, Canada","Leonard Fife, one of sixty thousand draft evaders and deserters who fled to Canada to avoid serving in Vietnam, shares all his secrets to de-mythologize his mythologized life.",leonard fife one sixty thousand draft evaders deserters fled canada avoid serving vietnam shares secrets de mythologize mythologized life
582. Joe Baby,"A money collector for a private investigator is hired to track down 10 million dollars stolen in a dodgy real estate deal, opening a complex can of worms.",money collector private investigator hired track million dollars stolen dodgy real estate deal opening complex worms
583. I Love You Forever,A subversive romantic comedy gone wrong that follows a young woman into and out of an emotionally abusive relationship.,subversive romantic comedy gone wrong follows young woman emotionally abusive relationship
584. The Roundup: Punishment,"Detective Ma Seok-do joins the Cyber Investigation Team to nab Baek Chang-ki, a former mercenary and the head of an online gambling organization.",detective seok joins cyber investigation team nab baek chang ki former mercenary head online gambling organization
585. When Fall Is Coming,"Michelle, a retiree in Burgundy, expects her grandson Lucas but a mistake ruins her plans. Her friend Marie-Claude's son is released from prison, reviving Michelle's purpose.",michelle retiree burgundy expects grandson lucas mistake ruins plans friend marie claude son released prison reviving michelle purpose
586. The Prosecutor,"A poor young man is wrongly charged with drug trafficking after being deceived. An ex-prosecutor investigates the case, uncovers a corrupt lawyer team's scheme, and restores justice despite obstruction from evil forces.",poor young man wrongly charged drug trafficking deceived ex prosecutor investigates case uncovers corrupt lawyer team scheme restores justice despite obstruction evil forces
587. Dragonkeeper,"The fate of ancient China rests on the shoulders of one young girl, who must find the last remaining dragon egg and fulfill her destiny.",fate ancient china rests shoulders one young girl must find last remaining dragon egg fulfill destiny
588. Wonderland,"In 'Wonderland', people can use an A.I. program to communicate with virtual versions of their comatose or lost loved ones.",wonderland people use program communicate virtual versions comatose lost loved ones
589. Don't Tell Mom the Babysitter's Dead,Tanya's summer plans are canceled when her mom jets off for a last-minute retreat and the elderly babysitter who arrives at her door unexpectedly passes away.,tanya summer plans canceled mom jets last minute retreat elderly babysitter arrives door unexpectedly passes away
590. Bull Run,"In the wilds of Wall Street, one junior banker discovers that the only thing more dangerous than billion-dollar deals are the men signing them.",wilds wall street one junior banker discovers thing dangerous billion dollar deals men signing
591. Audrey's Children,"1969. Dr. Audrey Evans joins world-renowned children's hospital and battles sexism, medical conventions, and the subterfuge of her peers to develop revolutionary treatments and purchase the first Ronald McDonald House, impacting millions.",dr audrey evans joins world renowned children hospital battles sexism medical conventions subterfuge peers develop revolutionary treatments purchase first ronald mcdonald house impacting millions
592. Unsung Hero,A mother's faith stands against all odds and inspires her husband and children to hold onto theirs. Based on a remarkable true story.,mother faith stands odds inspires husband children hold onto based remarkable true story
593. The Best Christmas Pageant Ever,Nobody is ready for the mayhem and surprises that ensue when six of the worst youngsters disrupt the town's yearly Christmas performance.,nobody ready mayhem surprises ensue six worst youngsters disrupt town yearly christmas performance
594. Sikandar Ka Muqaddar,"After an unsolved diamond heist, a hard-nosed cop's pursuit of his key suspect turns into obsession, until they finally face each other and the truth.",unsolved diamond heist hard nosed cop pursuit key suspect turns obsession finally face truth
595. Lost & Found in Cleveland,"A 24-hour slice-of-life following five people whose paths cross when an antiques appraisal TV show visits their Midwestern city, exploring their personal journeys amidst the post-industrial American dream.",hour slice life following five people whose paths cross antiques appraisal tv show visits midwestern city exploring personal journeys amidst post industrial american dream
596. Space Cowboy,"Joe Jennings, a pioneer of skydiving cinematography, looks back on creating iconic moments in film and television, while he tries to turn a dreamlike vision into reality.",joe jennings pioneer skydiving cinematography looks back creating iconic moments film television tries turn dreamlike vision reality
597. A Game in the Woods,"After a Texas rancher dies, his granddaughter and her girlfriend discover masked hunters at his ranch competing in a twisted game of life and death. Will the beauties and their already rocky romance survive the brutal carnage?",texas rancher dies granddaughter girlfriend discover masked hunters ranch competing twisted game life death beauties already rocky romance survive brutal carnage
598. #MissingCouple,"A real #vanlife couple were on an adventure to renovate an abandoned farm in middle-of-nowhere Mississippi. Cameras blazing, they chronicled their project on social media. But the farm was full of disturbing surprises, especially at night.",real vanlife couple adventure renovate abandoned farm middle nowhere mississippi cameras blazing chronicled project social media farm full disturbing surprises especially night
599. Checkpoint Zoo,"Checkpoint Zoo documents a daring rescue led by a heroic team of zookeepers and volunteers, who risked their lives to save thousands of animals trapped in a zoo behind enemy lines in the Russian Invasion of Ukraine.",checkpoint zoo documents daring rescue led heroic team zookeepers volunteers risked lives save thousands animals trapped zoo behind enemy lines russian invasion ukraine
600. The Train of Death,"Bloody terror wiped out the Sangkara Train carriages one by one, putting passengers at risk of life and death.",bloody terror wiped sangkara train carriages one one putting passengers risk life death
601. The Strange Dark,"With her family's safety on the line, Susan must choose who to trust: her husband, who claims he can see the future, or the mysterious strangers at her door.",family safety line susan must choose trust husband claims see future mysterious strangers door
602. Angels Fallen: Warriors of Peace,"When an Iraq War veteran receives a calling from a higher power, he embarks on a mission to stop a fallen angel from raising an army of the dead to take over the world.",iraq war veteran receives calling higher power embarks mission stop fallen angel raising army dead take world
603. Winner,Winner is a brilliant young misfit from Texas who finds her morals challenged while serving in the U.S. Air Force and working as an NSA contractor.,winner brilliant young misfit texas finds morals challenged serving u air force working nsa contractor
604. Girl Haunts Boy,"Follows Bea, a teenager ghost who forms a special friendship with Cole, the new guy in town, whose house she has been inhabiting for over 100 years.",follows bea teenager ghost forms special friendship cole new guy town whose house inhabiting years
605. Lake George,"Two misfit oddballs embark on a road trip, strike a dubious deal too enticing to refuse, and find redemption amid shady circumstances.",two misfit oddballs embark road trip strike dubious deal enticing refuse find redemption amid shady circumstances
606. B.O.Y.: Bruises of Yesterday,"A 16-year-old boy who spends the summer with his grandparents falls in love with an older young man, but when tragedy strikes he falls into a dark hole of self-harm, lust, and loneliness.",year old boy spends summer grandparents falls love older young man tragedy strikes falls dark hole self harm lust loneliness
607. Rita,"A new wife Rita, who finds herself alone when husband Ariel works abroad. They both find sexual satisfaction in other people. When Ariel comes back, they both act like nothing happened. But will this keep their marriage from falling apart?",new wife rita finds alone husband ariel works abroad find sexual satisfaction people ariel comes back act like nothing happened keep marriage falling apart
608. A Mistake,"In the midst of a new scheme to publicly report surgeons' performance, a gifted surgeon's life is thrown into disarray as her colleagues begin to close ranks, and even her partner who is a nurse at the hospital turns her back on her.",midst new scheme publicly report surgeons performance gifted surgeon life thrown disarray colleagues begin close ranks even partner nurse hospital turns back
609. This Is Me... Now,This narrative-driven odyssey that coincides with the release of her same-named album tells the story of Jennifer Lopez's journey to love through her own eyes.,narrative driven odyssey coincides release named album tells story jennifer lopez journey love eyes
610. Touch,"A romantic and thrilling story that spans several decades and continents; Touch follows one man's emotional journey to find his first love who disappeared 50 years ago, before his time runs out.",romantic thrilling story spans several decades continents touch follows one man emotional journey find first love disappeared years ago time runs
611. Bougainvillea,A family entangled in a police investigation surrounding the mysterious disappearance of tourists in Kerala.,family entangled police investigation surrounding mysterious disappearance tourists kerala
612. Dead Money,Professional poker player Andy and his girlfriend Chloe are involved in a crazy 24 hours after a home poker game is robbed. Andy ends up playing the largest poker game of his life as both of their lives are in danger.,professional poker player andy girlfriend chloe involved crazy hours home poker game robbed andy ends playing largest poker game life lives danger
613. Sahbek Rajel,"Two cops - one reckless, one family-oriented and honest - become partners, leading to action-packed and comedic situations.",two cops one reckless one family oriented honest become partners leading action packed comedic situations
614. The Shadow,"Juhan Liiv, a struggling poet and an unlikely detective suffering from the early stages of schizophrenia, solves gruesome murder cases in Estonia in the 1890s under the shadow of the tyrannical Russian Empire.",juhan liiv struggling poet unlikely detective suffering early stages schizophrenia solves gruesome murder cases estonia shadow tyrannical russian empire
615. Shaitaan,"A family's getaway turns terrifying when an intruder possesses the teen daughter's body, putting her at the mercy of his increasingly sinister commands.",family getaway turns terrifying intruder possesses teen daughter body putting mercy increasingly sinister commands
616. The American Society of Magical Negroes,A young man is recruited into a secret society of magical black people who dedicate their lives to a cause of utmost importance: making white people's lives easier.,young man recruited secret society magical black people dedicate lives cause utmost importance making white people lives easier
617. You Will Die in 6 Hours,"Jun Woo alerts Jeong Yun about her upcoming murder. Skeptical, she investigates, uncovering Jun Woo's link to serial killings. She races to learn if he's protecting or deceiving her before her prophesized death.",jun woo alerts jeong yun upcoming murder skeptical investigates uncovering jun woo link serial killings races learn protecting deceiving prophesized death
618. Ultraman: Rising,"Ken Sato is a superstar baseball player who returns to Japan to become the latest hero to carry the mantle of Ultraman. However, he is compelled to raise a newborn kaiju monster, the offspring of his greatest enemy, as his own child.",ken sato superstar baseball player returns japan become latest hero carry mantle ultraman however compelled raise newborn kaiju monster offspring greatest enemy child
619. Handsome Guys,"Self-proclaimed tough guys 'Jae-pil' and 'Sang-gu' move into their dream European-style house. When unwanted visitors arrive, awakening an evil spirit hitherto sealed in the basement, a dark aura begins to envelop the house.",self proclaimed tough guys jae pil sang gu move dream european style house unwanted visitors arrive awakening evil spirit hitherto sealed basement dark aura begins envelop house
620. Through My Window: Looking at You,"After the events of the summer, Ares and Raquel can't find a way to carry on their relationship and decide to go their separate ways. When they see each other again in winter, the love and attraction they feel for each other is undeniable.",events summer ares raquel find way carry relationship decide go separate ways see winter love attraction feel undeniable
621. Little Wing,A 13-year-old girl is dragged into the world of pigeon racing as she deals with her parents' divorce and the impending loss of her home.,year old girl dragged world pigeon racing deals parents divorce impending loss home
622. Witchy Ways,"Retreating to a cabin her late mother believed was magical, a skeptical Eve meets Danni, a witch whose secrets challenge Eve's logic. As romance sparks, supernatural secrets and a vengeful neighbor threaten everything Danni holds dear.",retreating cabin late mother believed magical skeptical eve meets danni witch whose secrets challenge eve logic romance sparks supernatural secrets vengeful neighbor threaten everything danni holds dear
623. Detained,"A woman wakes up in a police interrogation room with no memory of the night prior. However, something does not seem quite right in this police station.",woman wakes police interrogation room memory night prior however something seem quite right police station
624. The Apocalypse of St. John,"Watch 'The Apocalypse of Saint John, ' a visually stunning film that explores prophecy and the power of faith.",watch apocalypse saint john visually stunning film explores prophecy power faith
625. Love Across Time,A real estate inspector working in England at an old Georgian manor accidentally opens a portal to its 18th-century past and its dashing then-owner.,real estate inspector working england old georgian manor accidentally opens portal th century past dashing owner
626. The Long Game,"Ambitious young actress Holly Sloan agrees to help her boyfriend Richard Metzger scam Hollywood legend Mariah McKay, but the two women strike up an unlikely friendship instead. Soon Holly must decide where her true loyalties lie.",ambitious young actress holly sloan agrees help boyfriend richard metzger scam hollywood legend mariah mckay two women strike unlikely friendship instead soon holly must decide true loyalties lie
627. Music by John Williams,Follows the life of legendary composer John Williams.,follows life legendary composer john williams
628. House of Sayuri,"A family moves into a house, but discover that it is haunted by a murdered girl.",family moves house discover haunted murdered girl
629. The Fabulous Four,It tells the story of two friends who travel to be bridesmaids in a surprise wedding of their college girlfriend.,tells story two friends travel bridesmaids surprise wedding college girlfriend
630. The Goat Life,"An Indian man seeking work follows a job lead to Saudi Arabia, only to find himself forced to labor without pay as a goat herder in the remote desert.",indian man seeking work follows job lead saudi arabia find forced labor without pay goat herder remote desert
631. Jim Henson: Idea Man,"A trip into the mind of creative visionary Jim Henson, from his early years puppeteering on local television to the worldwide success of Sesame Street (1969), The Muppet Show (1976), and beyond.",trip mind creative visionary jim henson early years puppeteering local television worldwide success sesame street muppet show beyond
632. Mononoke the Movie: The Phantom in the Rain,"A deadly and mysterious master of the occult travels across feudal Japan, seeking malevolent spirits called Mononoke to slay. He must uncover their Form, Truth, and Reason to wield the mighty Exorcism Sword against them.",deadly mysterious master occult travels across feudal japan seeking malevolent spirits called mononoke slay must uncover form truth reason wield mighty exorcism sword
633. Paradox Effect,"An ex junkie witnesses a murder. She is forced to cooperate with the killer to save her daughter's life. She must fight time, the police and criminal underworld to save the only person who means something to her.",ex junkie witnesses murder forced cooperate killer save daughter life must fight time police criminal underworld save person means something
634. Lover Stalker Killer,"In this twisting documentary, a mechanic tries online dating for the first time and meets a woman who takes romantic obsession to a deadly extreme.",twisting documentary mechanic tries online dating first time meets woman takes romantic obsession deadly extreme
635. Outlaw Posse,"In 1908, an outlaw returns from years of hiding in Mexico to claim stolen gold hidden in the hills of Montana.",outlaw returns years hiding mexico claim stolen gold hidden hills montana
636. Panda Plan,International action superstar Jackie Chan is involved in a rescue operation of a beloved zoo panda named Hu Hu.,international action superstar jackie chan involved rescue operation beloved zoo panda named hu hu
637. Omni Loop,"A woman from Miami, Florida decides to solve time travel in order to go back and be the person she always intended to.",woman miami florida decides solve time travel order go back person always intended
638. The Contract,"Following up on a murder investigation, failed journalist Giuseppe falls into the trap of the devil.",following murder investigation failed journalist giuseppe falls trap devil
639. The Fire Inside,Claressa Shields becomes the first American woman to win a gold medal only to learn that not all dreams are created equal.,claressa shields becomes first american woman win gold medal learn dreams created equal
640. Waves,A compromising record can change history.,compromising record change history
641. Same Old West,"In the backlands of Goiás, two brutal men, after being abandoned by the same woman, turn violently against each other.",backlands goi two brutal men abandoned woman turn violently
642. The Glassworker,"The life of a young glassblower in training and his relationships over the years, as his land goes through war and strife.",life young glassblower training relationships years land goes war strife
643. Hey Joe,"An American veteran who got involved with a young woman from Naples during World War II returns to the same city in the early 1970s to meet his son, who has no interest in his father.",american veteran got involved young woman naples world war ii returns city early meet son interest father
644. Happyend,"In near-future Tokyo, the threat of a catastrophic quake looms. Two friends prank their principal before graduation, leading to school surveillance installation.",near future tokyo threat catastrophic quake looms two friends prank principal graduation leading school surveillance installation
645. Mom,"Struggling with postnatal depression and feeling misunderstood by her husband, Meredith begins to experience terrifying visions foreshadowing an ultimate tragedy.",struggling postnatal depression feeling misunderstood husband meredith begins experience terrifying visions foreshadowing ultimate tragedy
646. Blue Sun Palace,"When tragedy strikes, an unexpected bond forms between two migrants in the Chinese community of Queens. Far from home, their labor-filled lives intertwine as they grieve and search for familial connections.",tragedy strikes unexpected bond forms two migrants chinese community queens far home labor filled lives intertwine grieve search familial connections
647. Succubus,"A new father struggling with fatigue, emotional insecurities, and a failing marriage joins a dating app, only to swipe right on what may be an inhuman presence.",new father struggling fatigue emotional insecurities failing marriage joins dating app swipe right may inhuman presence
648. Stranger Eyes,"A man obsessively searches for his missing daughter after receiving disturbing videos exposing his secrets, leading to a chilling confrontation with the voyeur.",man obsessively searches missing daughter receiving disturbing videos exposing secrets leading chilling confrontation voyeur
649. The Wages of Fear,"In order to prevent a deadly explosion, an illicit crack team has 24 hours to drive two truckloads of nitroglycerine across a desert laden with danger.",order prevent deadly explosion illicit crack team hours drive two truckloads nitroglycerine across desert laden danger
650. Mary,"In this timeless coming-of-age story, Mary is shunned following an otherworldly conception and forced to flee when Herod's insatiable thirst for power ignites a murderous pursuit for the newborn.",timeless coming age story mary shunned following otherworldly conception forced flee herod insatiable thirst power ignites murderous pursuit newborn
"651. Beautiful Evening, Beautiful Day","Four close friends are renowned filmmakers in Yugoslavia in the 1950s, but their sexual orientation raises suspicion. A communist party loyalist is sent to sabotage their lives, turning their pursuit of freedom into a battle for survival.",four close friends renowned filmmakers yugoslavia sexual orientation raises suspicion communist party loyalist sent sabotage lives turning pursuit freedom battle survival
652. Here Now,Sophie a young Californian traveling in Italy on her vacation with her sister. She meets Giulio and his group of friends with whom she spends the most terrifying night of her life.,sophie young californian traveling italy vacation sister meets giulio group friends spends terrifying night life
653. Dead Sea,"Stranded in the open sea after a fatal accident, a young woman and her two friends are rescued by a fishing vessel's captain, unaware that the ship harbors a chilling secret.",stranded open sea fatal accident young woman two friends rescued fishing vessel captain unaware ship harbors chilling secret
654. Porcelain War,"Under roaring fighter jets, Ukrainian artists Slava, Anya, and Andrey choose to stay behind. Defiantly finding beauty amid destruction, they show that although it's easy to make people afraid, it's hard to destroy their passion for living.",roaring fighter jets ukrainian artists slava anya andrey choose stay behind defiantly finding beauty amid destruction show although easy make people afraid hard destroy passion living
655. The Greatest Hits,"A love story centering on the connection between music and memory and how they transport us, sometimes literally.",love story centering connection music memory transport us sometimes literally
656. Bedspacer,Janice's steamy obsession to imitate Lexi propels them to campus stardom. But dark secrets blur the lines between authenticity and seductive deception.,janice steamy obsession imitate lexi propels campus stardom dark secrets blur lines authenticity seductive deception
657. Colors of Evil: Red,"When a girl's body is found on a beach in Poland's Tricity, a prosecutor teams up with the victim's mother on an impassioned quest for the truth.",girl body found beach poland tricity prosecutor teams victim mother impassioned quest truth
658. Terminator: Skynet Rising,"Since Legion was destroyed, the machines have been working to restore Skynet. Now the resistance has discovered their plans and must find a way to prevent them.",since legion destroyed machines working restore skynet resistance discovered plans must find way prevent
659. Pani,"When the peaceful married life of a couple is unexpectedly disrupted by two youngsters with criminal inclination, the trials and tribulations connect the mobster lives of Thrissur by becoming a part of vengeance.",peaceful married life couple unexpectedly disrupted two youngsters criminal inclination trials tribulations connect mobster lives thrissur becoming part vengeance
660. The Damned,"In the winter of 1862, during the Civil War, the U.S. Army sends a volunteer company to patrol the uncharted Western territories.",winter civil war u army sends volunteer company patrol uncharted western territories
661. Latency,"When Hana, a professional gamer who suffers from acute agoraphobia, receives new equipment that enhances her game, she begins to wonder if it is reading her mind - or controlling it.",hana professional gamer suffers acute agoraphobia receives new equipment enhances game begins wonder reading mind controlling
662. Bang Bang,"Follows 'Bang Bang' Rozyski, an eccentric retired pugilist obsessed with rectifying the sins of his past.",follows bang bang rozyski eccentric retired pugilist obsessed rectifying sins past
663. Tyler Perry's Divorce in the Black,Ava's husband Dallas leaves her heartbroken as he abandons their marriage.,ava husband dallas leaves heartbroken abandons marriage
664. Look Into My Eyes,A documentary through a series of intimate sessions with psychics and their clients.,documentary series intimate sessions psychics clients
665. The Playroom,"Fırat and Filiz come to a small hotel called Evcilik on the Aegean coast to add some color to their boring lives, and they disturb the owner of the hotel and his wife by imitating their accents and their love for each other.",f rat filiz come small hotel called evcilik aegean coast add color boring lives disturb owner hotel wife imitating accents love
666. The Knife,"After the mysterious appearance of a stranger in their home, a young Black family must deal with the fallout of their choices, big and small, as a steadfast detective tries to crack the case over the course of one fateful night.",mysterious appearance stranger home young black family must deal fallout choices big small steadfast detective tries crack case course one fateful night
667. Sugarcane,An investigation into abuse and missing children at an Indian residential school sparks a reckoning on the nearby Sugarcane Reserve.,investigation abuse missing children indian residential school sparks reckoning nearby sugarcane reserve
668. Darkest Miriam,"Miriam Gordon lives in a fog of grief while working in a downtown public library branch. When a burgeoning love-affair coincides with her receiving a series of oddly threatening letters, Miriam's sheltered existence is cracked open.",miriam gordon lives fog grief working downtown public library branch burgeoning love affair coincides receiving series oddly threatening letters miriam sheltered existence cracked open
669. The Day Iceland Stood Still,"Oct. 24, 1975, Iceland: 90% of women just took the day off, and men scrambled to fulfill their duties, sometimes comically so. A gleeful, amazing tale of the feminist collective, ""The Red Stockings"", and their search for equality.",oct iceland women took day men scrambled fulfill duties sometimes comically gleeful amazing tale feminist collective red stockings search equality
670. The Greatest Night in Pop,"On January 28th 1985, dozens of the era's most popular musicians gathered in Los Angeles to record a charity single for African famine relief. Setting egos aside, they collaborated on a song that would make history.",january th dozens era popular musicians gathered los angeles record charity single african famine relief setting egos aside collaborated song would make history
671. Head South,"In 1979, Angus, with his father's support, discovers the underground post-punk music scene in Christchurch, New Zealand, overcoming self-doubt, derision, and a family tragedy to perform.",angus father support discovers underground post punk music scene christchurch new zealand overcoming self doubt derision family tragedy perform
672. White Snake: Afloat,"Xiaobai finally found Xu Xian, the reincarnation of Axuan, after 500 years, the two met on the Broken Bridge. Xiaobai and sister hid in the streets and alleys, started a lively life in human world with him and his brother-in-law Li Gongfu.",xiaobai finally found xu xian reincarnation axuan years two met broken bridge xiaobai sister hid streets alleys started lively life human world brother law li gongfu
673. The Shameless,"After killing a cop in a Delhi brothel, Renuka takes refuge in a northern India community of sex workers. There, she begins a forbidden romance with the 17-year-old Devika. Against all odds, they try to forge their path to freedom.",killing cop delhi brothel renuka takes refuge northern india community sex workers begins forbidden romance year old devika odds try forge path freedom
674. Aftermath,"A returning war veteran, stricken with PTSD, unwittingly gets trapped with his teenage sister on Boston's Tobin Memorial Bridge as a heavily weaponized group of ex-military revolutionists take everyone hostage.",returning war veteran stricken ptsd unwittingly gets trapped teenage sister boston tobin memorial bridge heavily weaponized group ex military revolutionists take everyone hostage
675. She's Obsessed with My Husband,"A woman moves in next door to her ex high school boyfriend, he's now married, and she schemes to end his marriage so she can become his wife instead.",woman moves next door ex high school boyfriend married schemes end marriage become wife instead
676. De wilde Noordzee,Flora and fauna in the North Sea; a spectacular underwater world unknown to most.,flora fauna north sea spectacular underwater world unknown
677. Gunner,"Lee Gunner tries to save his sons, Luke and Travis, from a dangerous drug gang.",lee gunner tries save sons luke travis dangerous drug gang
678. Karnika,"A writer faces an attack in Peyavoor village. Police investigate, leading them to Poovarasi Mana ancestral house where the writer found hidden secrets.",writer faces attack peyavoor village police investigate leading poovarasi mana ancestral house writer found hidden secrets
679. A Game of Two Halves,"When Sanjay, a young British student finds himself in India teaching football to poor children he is unaware of the journey of self-discovery he is about to embark on.",sanjay young british student finds india teaching football poor children unaware journey self discovery embark
680. An Autumn Summer,"In a magical lake town, one couple and four best friends spend the final month before college chasing an endless summer.",magical lake town one couple four best friends spend final month college chasing endless summer
681. Duchess,"Follows a tough, working-class, petty criminal who morphs into an anti-heroine to be reckoned with in a murky underworld, in the treacherous world of diamond smuggling.",follows tough working class petty criminal morphs anti heroine reckoned murky underworld treacherous world diamond smuggling
682. TL,"Brenda, a top agent in a BPO company, is always overlooked for promotion. But not this time; as she gets more than intimate with her TL. Is her long awaited position within her reach? Or did she just put herself in a bad situation?",brenda top agent bpo company always overlooked promotion time gets intimate tl long awaited position within reach put bad situation
683. Bhakshak,Revolves around the journey of an unwavering woman's quest to seek justice and her perseverance in getting a heinous crime to light.,revolves around journey unwavering woman quest seek justice perseverance getting heinous crime light
684. Sumala,"Sumala, a name that is feared by people in a village in Semarang Regency from the past until now. No one dares to go out when night falls because Sumala will come to kill.",sumala name feared people village semarang regency past one dares go night falls sumala come kill
685. Sookshma Darshini,"Manuel returns with his mother to their former home in a middle-class neighbourhood. Suspicious of his intentions, Priyadarshini and her friends begin gathering clues, convinced he may be hiding something sinister.",manuel returns mother former home middle class neighbourhood suspicious intentions priyadarshini friends begin gathering clues convinced may hiding something sinister
686. A Stranger by the Hill,"Mahi, an NRI photographer visiting her late mother's beloved Manali, meets charming teacher Angad. After a passionate night together, she finds herself locked in and trapped in an increasingly dangerous situation.",mahi nri photographer visiting late mother beloved manali meets charming teacher angad passionate night together finds locked trapped increasingly dangerous situation
687. Dan Da Dan: First Encounter,Momo Ayase is a school girl who meets her classmate Ken Takakura (named after the actor). Their unlikely friendship will face them against ghosts and aliens in a series of dark and funny adventures.,momo ayase school girl meets classmate ken takakura named actor unlikely friendship face ghosts aliens series dark funny adventures
688. House of Spoils,"It tells the story of a chef who opens her first restaurant where she battles kitchen chaos, a dubious investor and self doubt, but the pressure heats up thanks to the spirit of the estate's previous owner who threatens to sabotage her.",tells story chef opens first restaurant battles kitchen chaos dubious investor self doubt pressure heats thanks spirit estate previous owner threatens sabotage
689. Psychonaut,"Enabled by a mysterious futuristic machine, Max, a young woman, dives inside the mind of her dying girlfriend, trying to find the essential memory that could save her life, all the while being hunted by a man they presumed to be dead.",enabled mysterious futuristic machine max young woman dives inside mind dying girlfriend trying find essential memory could save life hunted man presumed dead
690. Saint-Exupéry,"When Airmail's best pilot Henri Guillaumet disappears in the Andes, his best friend Antoine de Saint-Exupéry decides to set out in search of him against all odds.",airmail best pilot henri guillaumet disappears andes best friend antoine de saint exup ry decides set search odds
691. Eno,"A generative documentary about artist Brian Eno, with 52 quintillion possible iterations, so that no viewing is the same twice.",generative documentary artist brian eno quintillion possible iterations viewing twice
692. We Will Dance Again,"A minute-by-minute retelling of the Supernova Music Festival Massacre, which took place on October 7th.",minute minute retelling supernova music festival massacre took place october th
693. French Girl,"Gordon Kinski, a high school teacher from Brooklyn, goes with his girlfriend and chef Sophie Tremblay to her hometown of Quebec City where she is testing for the Michelin 3-star restaurant of super-chef Ruby Collins.",gordon kinski high school teacher brooklyn goes girlfriend chef sophie tremblay hometown quebec city testing michelin star restaurant super chef ruby collins
694. The Code,"Follows the misadventures of a sexless couple, as their relationship falls into shambles in the early part of the pandemic.",follows misadventures sexless couple relationship falls shambles early part pandemic
695. I Can Never Be Yours,"When fresh-faced college graduate Sheryl Davis has a one-night stand with billionaire Liam Anderson on New Year's Eve, she never expects to become his secretary. Will Liam realize his perfect match has been right before him all along?",fresh faced college graduate sheryl davis one night stand billionaire liam anderson new year eve never expects become secretary liam realize perfect match right along
696. Beatles '64,The capture of the electrifying moment of The Beatles' first visit to the United States.,capture electrifying moment beatles first visit united states
697. One to One: John & Yoko,"Set in 1972 New York, this documentary explores John and Yoko's world amid a turbulent era. Centered on the One to One charity concert for special needs children, it features unseen archives, home movies, and restored footage.",set new york documentary explores john yoko world amid turbulent era centered one one charity concert special needs children features unseen archives home movies restored footage
698. The Night Before Christmas in Wonderland,"The Queen of Hearts has outlawed Christmas. As a child, the white rabbit missed her gift. Years later, Father Christmas receives the lost letter and voyages to Wonderland. With the help of curious young Alice, can Christmas be saved?",queen hearts outlawed christmas child white rabbit missed gift years later father christmas receives lost letter voyages wonderland help curious young alice christmas saved
699. The Mehta Boys,"A father and son embark on an involuntary 48-hour odyssey, navigating clashing perspectives as they confront the intricate nuances of their strained relationship.",father son embark involuntary hour odyssey navigating clashing perspectives confront intricate nuances strained relationship
700. Bureau 749,A traumatized young man with physical abnormalities is forced to join a mysterious bureau to confront a disaster spreading across the earth caused by an unknown creature. He embarks on an adventure uncovering mysteries about his life.,traumatized young man physical abnormalities forced join mysterious bureau confront disaster spreading across earth caused unknown creature embarks adventure uncovering mysteries life
701. A Want in Her,"Myrid searches for her missing mother in Ireland, facing family disputes over property, life-threatening secrets; her journey explores love's influence and struggle for freedom.",myrid searches missing mother ireland facing family disputes property life threatening secrets journey explores love influence struggle freedom
702. To a Land Unknown,A Palestinian refugee living on the fringes of society in Athens gets ripped off by a smuggler and sets out to seek revenge.,palestinian refugee living fringes society athens gets ripped smuggler sets seek revenge
703. He Ain't Heavy,A desperate woman kidnaps and enforces rehab on her violent brother in a last-ditch effort to save their lives.,desperate woman kidnaps enforces rehab violent brother last ditch effort save lives
704. Justice League: Crisis on Infinite Earths - Part Three,"Trapped in a pocket universe, surviving Earths face annihilation by the Anti-Monitor. Time shatters, bringing past heroes to aid Justice League against the epitome of evil. Their sacrifice may lead to victory.",trapped pocket universe surviving earths face annihilation anti monitor time shatters bringing past heroes aid justice league epitome evil sacrifice may lead victory
705. The Blue Angels,Follows the veterans and newest class of Navy and Marine Corps flight squadron as they go through intense training and into a season of heart-stopping aerial artistry.,follows veterans newest class navy marine corps flight squadron go intense training season heart stopping aerial artistry
706. Pedro Páramo,"Follows a dusty road to a town of death. Time shifts from one consciousness to another in a hypnotic flow of dreams, desires and memories, a world of ghosts dominated by the figure of Pedro Páramo, lover, overlord, murderer.",follows dusty road town death time shifts one consciousness another hypnotic flow dreams desires memories world ghosts dominated figure pedro p ramo lover overlord murderer
707. River of Blood,Four kayakers take the wrong river into a jungle inhabited by a tribe of merciless cannibals.,four kayakers take wrong river jungle inhabited tribe merciless cannibals
708. Invasion,"When neighboring country Veragua suddenly attacks Curaçao and Aruba, the Dutch government is taken completely by surprise. The conflict escalates rapidly. Three young Dutch Corps recruits must figure out what is the right thing to do.",neighboring country veragua suddenly attacks cura ao aruba dutch government taken completely surprise conflict escalates rapidly three young dutch corps recruits must figure right thing
709. The Partisan,A Polish spy who works for the British during the Second World War is compromised in Warsaw after a betrayal and finds herself in a murky world of treachery.,polish spy works british second world war compromised warsaw betrayal finds murky world treachery
710. Lembayung,Pica and Arum were still doing practical field work (PFW) at that time. They underwent PFW at the dental clinic in a small hospital in Central Java.,pica arum still practical field work pfw time underwent pfw dental clinic small hospital central java
711. Operation: Raqqa,"In 2014, on the streets of Raqa, an international spy Haibala (aka El Saharawi) tries to hunt down El Jordano, one of the most wanted ISIS leaders.",streets raqa international spy haibala aka el saharawi tries hunt el jordano one wanted isis leaders
712. The Trail,"A young woman embarks on a remote hiking trail in the Alps to cope with a trauma. In the midst of the rustic landscape, she is now not only confronted with her own fears, but also has to face an alien threat.",young woman embarks remote hiking trail alps cope trauma midst rustic landscape confronted fears also face alien threat
713. Thalavan,"Retired Dysp Udhayabhanu narrates events of his professional life in a TV program. He reveals the intriguing details of the 'Chepanamthota case', a milestone event in his career.",retired dysp udhayabhanu narrates events professional life tv program reveals intriguing details chepanamthota case milestone event career
714. You Gotta Believe,"A Little League baseball team of misfits dedicates their season to a player's dying father. In doing so, they accomplish the impossible by reaching the World Series finals in a game that became an ESPN instant classic.",little league baseball team misfits dedicates season player dying father accomplish impossible reaching world series finals game became espn instant classic
715. Meanwhile on Earth,"A 23-year-old girl is contacted by an unknown life form claiming to be able to bring her older brother, who disappeared during a space mission, safely back to Earth.",year old girl contacted unknown life form claiming able bring older brother disappeared space mission safely back earth
716. Donselya,"An 18-year-old virgin, Iris, enters a marriage of convenience with wealthy widower Joaquin for financial gain. However, the discovery of her deceit regarding her purity leads to a disastrous honeymoon.",year old virgin iris enters marriage convenience wealthy widower joaquin financial gain however discovery deceit regarding purity leads disastrous honeymoon
717. Vanished Into the Night,"A father, immersed in a difficult divorce process, embarks on a dangerous mission when his children disappear from their isolated country house.",father immersed difficult divorce process embarks dangerous mission children disappear isolated country house
718. Meet Me Next Christmas,"In pursuit of a fairytale romance with the man of her dreams, Layla must race through New York City to get her hands on the hottest ticket in town: the sold out Pentatonix Christmas Eve Concert.",pursuit fairytale romance man dreams layla must race new york city get hands hottest ticket town sold pentatonix christmas eve concert
719. Stag,"Gold reappears after vanishing for months. His car breaks down in a remote area. He meets peculiar people in a house. Waking up in his car, he questions if it was a dream or reality.",gold reappears vanishing months car breaks remote area meets peculiar people house waking car questions dream reality
720. Krazy House,"Set in the 1990s, Krazy House follows religious homemaker Bernie and his sitcom family. When Russian workers in Bernie's house turn out to be wanted criminals, Bernie has to man up and save his imprisoned family, while slowly going crazy.",set krazy house follows religious homemaker bernie sitcom family russian workers bernie house turn wanted criminals bernie man save imprisoned family slowly going crazy
721. The Paradise of Thorns,"Unmarried gay couple builds home, durian farm together. After one partner's accidental death, his family seizes assets due to lack of legal marriage recognition. Surviving partner fights to reclaim their shared property and life's work.",unmarried gay couple builds home durian farm together one partner accidental death family seizes assets due lack legal marriage recognition surviving partner fights reclaim shared property life work
722. Mistress Dispeller,A Chinese woman hires someone to secretly end her husband's extramarital relationship in an attempt to save her marriage.,chinese woman hires someone secretly end husband extramarital relationship attempt save marriage
723. Bad Faith,"Exposes how Christian Nationalism has become the most powerful anti-democratic force in America. Leaders join forces to defend our country from this march to fascism, but American citizens seem unaware of the threat.",exposes christian nationalism become powerful anti democratic force america leaders join forces defend country march fascism american citizens seem unaware threat
724. A Little Something Extra,"To escape the police, a son and his father find refuge in a summer camp for young adults with disabilities, posing as a resident and his educator. The beginning of trouble and a wonderful human experience that will change them forever.",escape police son father find refuge summer camp young adults disabilities posing resident educator beginning trouble wonderful human experience change forever
725. Vicky Vidya Ka Woh Wala Video,"A newly married couple's relationship and reputation are put at risk when their private video CD is stolen. The story follows their roller coaster journey to recover the CD, navigating a series of unexpected difficulties along the way.",newly married couple relationship reputation put risk private video cd stolen story follows roller coaster journey recover cd navigating series unexpected difficulties along way
726. Four Mothers,A writer about to publish his new novel is forced to take care of three eccentric older women - and his own mother - over the course of one chaotic weekend in Dublin.,writer publish new novel forced take care three eccentric older women mother course one chaotic weekend dublin
727. Strictly Confidential,"A haunted young woman finds herself drawn into a world of seduction, duplicity and betrayal as she desperately tries to uncover the mystery surrounding her best friend's suicide.",haunted young woman finds drawn world seduction duplicity betrayal desperately tries uncover mystery surrounding best friend suicide
728. Johnny Puff: Secret Mission,Follows Johnny Puff and his friends as they embark on a secret mission to save Taigasville from the evil plans of Otto von Walrus.,follows johnny puff friends embark secret mission save taigasville evil plans otto von walrus
729. Hamlet,"Shakespeare's timeless story of revenge is reimagined as a modern psychological thriller. The classic tragedy transcends the stage through a unique, contemporary lens.",shakespeare timeless story revenge reimagined modern psychological thriller classic tragedy transcends stage unique contemporary lens
730. Life After Fighting,"A martial arts instructor is confronted with the disappearance of two of his students, leading him into a direct confrontation with a group of international child traffickers.",martial arts instructor confronted disappearance two students leading direct confrontation group international child traffickers
731. Frida,"A raw and magical journey into the life of iconic artist Frida Kahlo, told through her own words from diaries, letters, essays, and interviews. Vividly brought to life with lyrical animation inspired by her unforgettable artwork.",raw magical journey life iconic artist frida kahlo told words diaries letters essays interviews vividly brought life lyrical animation inspired unforgettable artwork
732. The Thundermans Return,"It centers on the family as they begin a new era of superhero crimefighting. When one save goes wrong, the Thundermans are sent back to Hiddenville.",centers family begin new era superhero crimefighting one save goes wrong thundermans sent back hiddenville
733. What Jennifer Did,"When Jennifer Pan calls 911 to report that her parents have been shot, she becomes the primary focus of a captivating criminal case.",jennifer pan calls report parents shot becomes primary focus captivating criminal case
734. Return of the King: The Fall and Rise of Elvis Presley,He had one chance to show the world he was still the King of Rock 'n' Roll. Discover the story behind Elvis Presley's triumphant '68 comeback special.,one chance show world still king rock n roll discover story behind elvis presley triumphant comeback special
735. Baby John,Revolves around a DCP who transforms and travels to a different place in order to safeguard his family.,revolves around dcp transforms travels different place order safeguard family
736. The M Factor: Shredding the Silence on Menopause,"Menopause is a silent epidemic affecting the health and well-being of millions of women. This film confronts this neglected crisis, challenges societal and medical shortcomings and advocates for a revolutionary approach to women's health.",menopause silent epidemic affecting health well millions women film confronts neglected crisis challenges societal medical shortcomings advocates revolutionary approach women health
737. Justice League: Crisis on Infinite Earths - Part One,"The Anti-Monitor, the Monitor's evil counterpart, is released into the DC Multiverse and begins to destroy the different Earths that compose it. The Monitor attempts to recruit heroes from across the Multiverse to fight back.",anti monitor monitor evil counterpart released dc multiverse begins destroy different earths compose monitor attempts recruit heroes across multiverse fight back
738. Merry Christmas,Two strangers meet on a fateful Christmas Eve. A night of delirious romance turns into a nightmare. Revealing anything more would be a crime.,two strangers meet fateful christmas eve night delirious romance turns nightmare revealing anything would crime
739. Private Tutor,"Joy, a struggling teacher, tutors Erica. Erica's wealthy widower father Gordon and Erica develop feelings for Joy, who is dissatisfied with her partner Vigo's lack of support.",joy struggling teacher tutors erica erica wealthy widower father gordon erica develop feelings joy dissatisfied partner vigo lack support
740. Wallbanger,"Caroline, a single interior designer, moves into what seems like the perfect apartment only to be awakened nightly by her neighbor, the 'wallbanger,' sparking an unexpected, tension-filled connection.",caroline single interior designer moves seems like perfect apartment awakened nightly neighbor wallbanger sparking unexpected tension filled connection
741. Die Hart 2: Die Harter,"Hart plans an innovative action film with unscripted, unexpected scenes to cement his legacy as the greatest. However, a blind spot leads him to fall victim to a vengeful plot from his past.",hart plans innovative action film unscripted unexpected scenes cement legacy greatest however blind spot leads fall victim vengeful plot past
742. Inside the Mind of a Dog,Embark on a delightful journey into the world of dogs in this documentary that reveals scientific and emotional insights about our lovable BFFs.,embark delightful journey world dogs documentary reveals scientific emotional insights lovable bffs
743. All Illusions Must Be Broken,"Through the lens of American cultural anthropologist and Pultizer Prize-winning author Ernest Becker, ALL ILLUSIONS MUST BE BROKEN is a cinematic rumination on human mortality and the lengths to which we go to deny it.",lens american cultural anthropologist pultizer prize winning author ernest becker illusions must broken cinematic rumination human mortality lengths go deny
744. The Second Act,"Florence wants to introduce David, the man she's madly in love with, to her father. But David isn't attracted to her and wants to throw her into the arms of his friend Willy. The characters meet in a restaurant in the middle of nowhere.",florence wants introduce david man madly love father david attracted wants throw arms friend willy characters meet restaurant middle nowhere
745. 10 Lives,"A pampered cat takes for granted the lucky hand he has been dealt after he is rescued and loved by Rose, a kind-hearted and passionate student. When he loses his ninth life, fate steps in to set him on a transformative journey.",pampered cat takes granted lucky hand dealt rescued loved rose kind hearted passionate student loses ninth life fate steps set transformative journey
746. Monster Island,"Set in the Pacific, 1942. A Japanese soldier and a British prisoner of war are stranded on a deserted island, hunted by a deadly creature. Two mortal enemies must come together to survive the unknown.",set pacific japanese soldier british prisoner war stranded deserted island hunted deadly creature two mortal enemies must come together survive unknown
747. Love Me Dead,"Reclusive mortician Issac forms bond with waitress Cassi. After harrowing incident, they embark on a path of revenge, blurring lines between reality and fiction in this psychological thriller's tense narrative.",reclusive mortician issac forms bond waitress cassi harrowing incident embark path revenge blurring lines reality fiction psychological thriller tense narrative
748. Snow White,"Looking for love on dating apps. Iman falls for the romantic Emad online, she hides her dwarfism using a filter and catfishes Emad, but for the sake of love. Will her little secret be forgiven?",looking love dating apps iman falls romantic emad online hides dwarfism using filter catfishes emad sake love little secret forgiven
749. Whatever It Takes,"In 2019, a middle-aged couple are subjected to cyberstalking and bizarre deliveries. As the harassment intensifies, the police and FBI close in on a Silicon Valley giant and some very unlikely suspects.",middle aged couple subjected cyberstalking bizarre deliveries harassment intensifies police fbi close silicon valley giant unlikely suspects
750. Hold Your Breath,"In 1930s Oklahoma amid the region's horrific dust storms, a woman is convinced that a sinister presence is threatening her family.",oklahoma amid region horrific dust storms woman convinced sinister presence threatening family
751. The Containment,A dark and sinister being enters the body of an innocent child.,dark sinister enters body innocent child
752. Hobal,The Saudi family is following strict instructions from their grandfather to remain confined in the desert during the early 1990s. A series of events shakes the family's foundation and they find them in a struggle between life and death.,saudi family following strict instructions grandfather remain confined desert early series events shakes family foundation find struggle life death
753. The Gentleman,"Eccentric director Rande faces threat from young actor Dane to his success, Oscar aspirations, marriage, and career. His jealousy and indecisiveness jeopardize his lavish Hollywood life, forcing him to reevaluate priorities.",eccentric director rande faces threat young actor dane success oscar aspirations marriage career jealousy indecisiveness jeopardize lavish hollywood life forcing reevaluate priorities
754. Sons,The idealistic prison officer Eva is faced with the dilemma of her life when a young man from her past gets transferred to the prison where she works.,idealistic prison officer eva faced dilemma life young man past gets transferred prison works
755. Pavements,"Documentary about the American indie band Pavement, which combines scripts with documentary images of the band and a musical mise-en-scene composed of songs from their discography.",documentary american indie band pavement combines scripts documentary images band musical mise en scene composed songs discography
756. Auction,"André Masson, specialist in modern art, receives a letter according to which a painting by Egon Schiele had been discovered in Mulhouse. He finds that the work has been missing since 1939. This discovery puts his career in danger.",andr masson specialist modern art receives letter according painting egon schiele discovered mulhouse finds work missing since discovery puts career danger
757. Hijack 1971,The movie depics the story of people fighting for their lives in an extreme situation when a passenger plane is hijacked in the airspace of Korea in 1971.,movie depics story people fighting lives extreme situation passenger plane hijacked airspace korea
758. Beyond the Rush,"Working undercover to expose a corrupt judge, an investigative journalist confronts his secret past to reconcile his mother's mental illness and must choose between addiction, obsession and the past, or love, redemption and the future.",working undercover expose corrupt judge investigative journalist confronts secret past reconcile mother mental illness must choose addiction obsession past love redemption future
759. Traffic,"Natalia and Ginel leave their small Romanian Danube village to work abroad in a big Flemish city. One evening, when she is assaulted after meeting a local, Natalia asks Ita, a friend from home turned into a crook, to help her.",natalia ginel leave small romanian danube village work abroad big flemish city one evening assaulted meeting local natalia asks ita friend home turned crook help
760. Spread,"To make ends meet, an aspiring journalist is forced to take a job at the world's largest porn magazine-beginning her journey to change her life, and the porn industry, forever.",make ends meet aspiring journalist forced take job world largest porn magazine beginning journey change life porn industry forever
761. Alienoid: The Return to the Future,Ancient Taoists travel through time and space in an effort to obtain a divine sword.,ancient taoists travel time space effort obtain divine sword
762. Another End,"Two people who have loved each other, and continue to love each other, even after one of them dies.",two people loved continue love even one dies
763. RapeD,"Based on crime investigation. Story starts as serial rape and murder case investigation but, later on A.C.P. got to know there is involvement of drugs.",based crime investigation story starts serial rape murder case investigation later c p got know involvement drugs
764. Ardaas Sarbat De Bhalle Di,"Gurmukh Singh and diverse individuals embark on a pilgrimage to Sri Hazur Sahib, and during their bus journey, their personal prayers become a shared Ardaas.",gurmukh singh diverse individuals embark pilgrimage sri hazur sahib bus journey personal prayers become shared ardaas
765. The Birds Who Fear Death,"Two brothers, disinherited and desperate for cash, journey into the Canadian wilds to find themselves, their people and their fortune.",two brothers disinherited desperate cash journey canadian wilds find people fortune
766. My Undesirable Friends: Part I - Last Air in Moscow,"Julia Loktev documents independent journalists in Moscow facing government crackdown as Russia invades Ukraine, capturing their fight for speech amid risks of being branded ""foreign agents"" and the country's drift towards authoritarianism.",julia loktev documents independent journalists moscow facing government crackdown russia invades ukraine capturing fight speech amid risks branded foreign agents country drift towards authoritarianism
767. He Loves Me Not,"An aspiring actress chosen as a wild card for a reality TV dating show uses a secret elixir to win the heart of the star, but when her deception is revealed, she discovers a messy but real chance for love.",aspiring actress chosen wild card reality tv dating show uses secret elixir win heart star deception revealed discovers messy real chance love
768. Daye: Seret ahl el Daye,"Daye, an 14-year-old Nubian albino with a golden voice, faces adversity due to his unique appearance. Abandoned by his father and bullied by peers, he dreams of following his idol, Mohamed Mounir.",daye year old nubian albino golden voice faces adversity due unique appearance abandoned father bullied peers dreams following idol mohamed mounir
769. We Shall Not Be Moved,"Socorro, obsessed with finding her brother's killer from 1968's Tlatelolco massacre, receives a clue and risks everything, straining family ties, to avenge his death by locating the former soldier.",socorro obsessed finding brother killer tlatelolco massacre receives clue risks everything straining family ties avenge death locating former soldier
770. Chaari 111,"Following a bombing in Hyderabad, the chief minister directs classified intelligence unit Rudra Netra to track down the attackers. Brahmachaari, an assured but quirky officer, heads the mission.",following bombing hyderabad chief minister directs classified intelligence unit rudra netra track attackers brahmachaari assured quirky officer heads mission
771. Dagr,Fame seeking YouTubers find themselves in a paranormal nightmare when the advert team they are stealing from awakens a murderous occultist from the past.,fame seeking youtubers find paranormal nightmare advert team stealing awakens murderous occultist past
772. The Lost Children,"Four Indigenous children are stranded in the Colombian Amazon after their plane crashes. Guided by ancestral knowledge, they're able to survive while awaiting rescue amid the jungle's challenges.",four indigenous children stranded colombian amazon plane crashes guided ancestral knowledge able survive awaiting rescue amid jungle challenges
773. Chain Reactions,"The Texas Chain Saw Massacre's impact on 5 artists - Patton Oswalt, Takashi Miike, Alexandra Heller-Nicholas, Stephen King, Karyn Kusama - through interviews, outtakes, exploring how it shaped their art, psyche from childhood trauma.",texas chain saw massacre impact artists patton oswalt takashi miike alexandra heller nicholas stephen king karyn kusama interviews outtakes exploring shaped art psyche childhood trauma
774. Air Force One Down,A rookie agent aboard the hijacked Air Force One battle terrorists threatening the energy deal and the president.,rookie agent aboard hijacked air force one battle terrorists threatening energy deal president
775. Nutcrackers,"In the most unlikely of places, four siblings find a loving shelter in an unexpected turn of circumstances. This endearing comedy-drama draws inspiration from actual events and deftly crafts a gripping story that unites everyone.",unlikely places four siblings find loving shelter unexpected turn circumstances endearing comedy drama draws inspiration actual events deftly crafts gripping story unites everyone
776. Longing,A business mogul runs into his old small town girlfriend while she is visiting the big city only to find out that they had a child together that he was unaware of. Based on an award-winning foreign language film.,business mogul runs old small town girlfriend visiting big city find child together unaware based award winning foreign language film
777. Between the Temples,A cantor in a crisis of faith finds his world turned upside down when his grade school music teacher re-enters his life as his new adult Bat Mitzvah student.,cantor crisis faith finds world turned upside grade school music teacher enters life new adult bat mitzvah student
778. Else,"A romance blossoms between an introvert and a confident woman, but their relationship faces a threat when a strange epidemic causes the infected to merge with their surroundings, trapping the couple in a shapeshifting nightmare.",romance blossoms introvert confident woman relationship faces threat strange epidemic causes infected merge surroundings trapping couple shapeshifting nightmare
779. Blame the Game,"A young man meets his new girlfriend's friends for the first time at their regular game night, putting him under pressure to make a good impression. But then suddenly, her ex shows up as well.",young man meets new girlfriend friends first time regular game night putting pressure make good impression suddenly ex shows well
780. The Haunting of Cottonwood,"David and Georgina's luck is about to change when good news arrives that David has inherited Cottonwood, an old Victorian house once used as an orphanage. What the family doesn't realize is that they've also inherited its evil past.",david georgina luck change good news arrives david inherited cottonwood old victorian house used orphanage family realize also inherited evil past
781. Rich Flu,Explores how far people would go to save themselves when the wealth that made the world go round then becomes its most dangerous commodity after a strange disease threatens to kill anyone with any sort of fortune.,explores far people would go save wealth made world go round becomes dangerous commodity strange disease threatens kill anyone sort fortune
782. The Bitter Taste,"A former pentathlete is captured by an undead countess and her cursed followers. To survive a deadly hunt, she must revive her athletic skills and form an uneasy alliance with a charming fisherman and a grumpy cop.",former pentathlete captured undead countess cursed followers survive deadly hunt must revive athletic skills form uneasy alliance charming fisherman grumpy cop
783. Julie Keeps Quiet,"Julie is a star player at an elite tennis academy. When her coach falls under investigation and is suddenly suspended, all of the club's players are encouraged to speak up. But Julie decides to keep quiet.",julie star player elite tennis academy coach falls investigation suddenly suspended club players encouraged speak julie decides keep quiet
784. Hazard,A young man faces hard life choices and tragedies as he attempts to break the cycle of addiction tearing his family apart.,young man faces hard life choices tragedies attempts break cycle addiction tearing family apart
785. Outbreak,"A Psychological Thriller about a state park ranger husband and his wife struggling to come to terms with their missing teenage son while dealing with a local mystery that questions their relationship and in the end, their grip on reality.",psychological thriller state park ranger husband wife struggling come terms missing teenage son dealing local mystery questions relationship end grip reality
786. Hot Spot,It features three stories that are humorously evocative and a fourth one that's deeply disturbing.,features three stories humorously evocative fourth one deeply disturbing
787. La pie voleuse,"An aging caregiver steals small amounts from her elderly clients despite caring for them devotedly and being loved in return, as she struggles financially but won't accept her situation.",aging caregiver steals small amounts elderly clients despite caring devotedly loved return struggles financially accept situation
788. Cult Killer,"After a renowned private investigator is murdered, his protégé takes on the case. As her investigation unfolds, she is forced into a dangerous alliance with his killer to uncover the town's grisly secrets and bring justice to its victims.",renowned private investigator murdered prot g takes case investigation unfolds forced dangerous alliance killer uncover town grisly secrets bring justice victims
789. Arcadia,"Radiant psychologist Katerina has to confront her worst suspicions as she accompanies Yannis, an early once-respected doctor, to identify the victim of a tragic car accident at an off-season seaside resort.",radiant psychologist katerina confront worst suspicions accompanies yannis early respected doctor identify victim tragic car accident season seaside resort
790. Rebellious,"In this modern twist on a classic fairy tale, a headstrong princess is stolen by an evil sorcerer, and her scholarly fiancé must use his wits in an epic quest to find her while she boldly challenges her captors and plots a daring escape.",modern twist classic fairy tale headstrong princess stolen evil sorcerer scholarly fianc must use wits epic quest find boldly challenges captors plots daring escape
791. The Lost Tiger,"Adopted by a wrestler kangaroo family, Teo's life changes when visions lead him to his roots. He embarks on an epic journey to save his homeland from destruction.",adopted wrestler kangaroo family teo life changes visions lead roots embarks epic journey save homeland destruction
792. Premalu,"Sachin's quest for love takes unexpected turns, creating a laughter-filled love triangle.",sachin quest love takes unexpected turns creating laughter filled love triangle
793. Blue Cave,"Navy soldier Cem embarks on trip to ""Blue Cave"" he promised wife Alara. Journey unveils details of their relationship, affirming enduring love beyond death.",navy soldier cem embarks trip blue cave promised wife alara journey unveils details relationship affirming enduring love beyond death
794. Junction,"Junction addresses the modern day opioid crisis in America, and asks how did this happen, from three different points of view. The CEO of a pharmaceutical company, a doctor, and a patient.",junction addresses modern day opioid crisis america asks happen three different points view ceo pharmaceutical company doctor patient
795. Billy & Molly: An Otter Love Story,A man forms an unlikely friendship with a wild otter while living in the remote Shetland Islands,man forms unlikely friendship wild otter living remote shetland islands
796. Time Travel Is Dangerous,"Best friends Ruth and Megan run a vintage shop in Muswell Hill. Stumbling across a time machine, they embark on trips to the past to stock their shop with no idea of the irreparable damage they're causing to the fabric of the universe.",best friends ruth megan run vintage shop muswell hill stumbling across time machine embark trips past stock shop idea irreparable damage causing fabric universe
797. Depravity,"A group of tenants, suspecting that their neighbor could be is a serial killer, stumble upon an art heist worth millions.",group tenants suspecting neighbor could serial killer stumble upon art heist worth millions
798. Shadow Land,"Haunted by relentless nightmares foretelling his untimely demise, Former President Robert Wainwright summons his past psychiatrist to his upstate residence who discovers the threat may be more real than imagined.",haunted relentless nightmares foretelling untimely demise former president robert wainwright summons past psychiatrist upstate residence discovers threat may real imagined
799. My Penguin Friend,"Inspired by a true story; an enchanting adventure about a lost penguin rescued from an oil spill, who transforms the life of a heartbroken fisherman. They soon become unlikely friends, so bonded that even the vast ocean cannot divide them.",inspired true story enchanting adventure lost penguin rescued oil spill transforms life heartbroken fisherman soon become unlikely friends bonded even vast ocean cannot divide
800. El 47,"Inspired on the true story of Manolo Vital, a bus driver who helped create the modern Barcelona during the 1970s city's boom.",inspired true story manolo vital bus driver helped create modern barcelona city boom
801. Calamity Jane,"After her husband-to-be Wild Bill Hickok is killed in an infamous poker game, Calamity Jane must break out of prison and find his murderers before Deadwood's Sheriff can arrest her.",husband wild bill hickok killed infamous poker game calamity jane must break prison find murderers deadwood sheriff arrest
802. Roadkill,Vengeance rides the open road when a young woman traveling alone encounters a renegade drifter and ends up in a fight for her life.,vengeance rides open road young woman traveling alone encounters renegade drifter ends fight life
803. Seize Them!,"Dark Ages Britain where Queen Dagan is toppled by a revolution led by Humble Joan. The Queen becomes a fugitive in her own land, and must face hardship and danger as she embarks on a voyage to win back her throne.",dark ages britain queen dagan toppled revolution led humble joan queen becomes fugitive land must face hardship danger embarks voyage win back throne
804. Der Spitzname,"Amid the chaos of acting dreams, career obstacles, bitcoin trading, overprotective parents, job loss, and mischievous children, a couple's Alpine wedding hangs in the balance.",amid chaos acting dreams career obstacles bitcoin trading overprotective parents job loss mischievous children couple alpine wedding hangs balance
805. He's Watching You,"Killer Reports report on crime scenes across the UK. However, when they hear about the Mystery of The Masked Man, they decide to try and get an exclusive report. Will they survive to tell the tale?",killer reports report crime scenes across uk however hear mystery masked man decide try get exclusive report survive tell tale
"806. From Hilde, with Love","In Berlin 1942, Hilde is a member of an anti-Nazi group. She falls in love with another member, Hans. The two spend a summer together until they get caught by the Gestapo and Hilde is imprisoned, eight months pregnant.",berlin hilde member anti nazi group falls love another member hans two spend summer together get caught gestapo hilde imprisoned eight months pregnant
807. Rez Ball,"The Chuska Warriors, a Native American high school basketball team from New Mexico, must band together after losing their star player if they want to keep their quest for a state championship alive.",chuska warriors native american high school basketball team new mexico must band together losing star player want keep quest state championship alive
808. The Freshly Cut Grass,"Pablo, a university professor, becomes romantically involved with a student. At the same time, Natalia, a university professor, becomes romantically involved with a student. Two paralleled stories, similar but different at the same time.",pablo university professor becomes romantically involved student time natalia university professor becomes romantically involved student two paralleled stories similar different time
809. Come Closer,"Wild, restless Eden, following her brother's death, discovers his secret girlfriend, sparking a passionate, perilous bond. Israel's 2025 Oscars entry.",wild restless eden following brother death discovers secret girlfriend sparking passionate perilous bond israel oscars entry
810. Sound of Hope: The Story of Possum Trot,"The true story of Donna and Reverend WC Martin and their church in East Texas, in which 22 families adopted 77 children from the local foster system, igniting a movement for vulnerable children everywhere.",true story donna reverend wc martin church east texas families adopted children local foster system igniting movement vulnerable children everywhere
811. Prom Dates,"Jess and Hannah, at 13 years old made a pact to have the perfect prom, only 24 hours before the big event, everything is ruined when they break up with their dates. Now they have one night to find new dates and make the fantasy comes true.",jess hannah years old made pact perfect prom hours big event everything ruined break dates one night find new dates make fantasy comes true
812. Siccin 7,"Kemal and family move to uncle's mansion after deal with child panhandling mafia, hiding daughter Rüya's illness. Mother Lale's Alzheimer's triggers paranormal occurrences. Meral infiltrates, plans ritual on Black Moon 2018.",kemal family move uncle mansion deal child panhandling mafia hiding daughter r ya illness mother lale alzheimer triggers paranormal occurrences meral infiltrates plans ritual black moon
813. ReEntry,"A romantic sci-fi drama about a woman whose husband disappears in a scientific experiment, only to return a year later.",romantic sci fi drama woman whose husband disappears scientific experiment return year later
814. Top 1,"Azi and Dex are both vying to be their batch valedictorian but Dex is always behind Azi. He then plans to make her fall in love to be a distraction, but his plan is a double-edged sword.",azi dex vying batch valedictorian dex always behind azi plans make fall love distraction plan double edged sword
815. Silent Love,"Just love. In this complicated and muddy age, this is the most sad love story of this winter, gently holding up a transparent pure love.",love complicated muddy age sad love story winter gently holding transparent pure love
816. The Backrooms,"After discovering the myth and legend of the Backrooms, a group of friends enter into Earth's darkest corners to find them - unknown to the danger they'd encounter. Now it's up to them to escape their own prison and avoid a fake reality.",discovering myth legend backrooms group friends enter earth darkest corners find unknown danger encounter escape prison avoid fake reality
817. The Menendez Brothers,"In 1996, the Menendez brothers faced trial for killing their parents, a case that captivated America. Years later, they share their side through interviews with those involved, offering a fresh take on the events.",menendez brothers faced trial killing parents case captivated america years later share side interviews involved offering fresh take events
818. Exhibiting Forgiveness,"A Black artist on the path to success is derailed by an unexpected visit from his estranged father, a recovering addict desperate to reconcile. Together, they struggle and learn that forgetting might be a greater challenge than forgiving.",black artist path success derailed unexpected visit estranged father recovering addict desperate reconcile together struggle learn forgetting might greater challenge forgiving
819. The Girl in the Pool,A well-to-do family man is forced to struggle through a surprise birthday party moments after hiding the murdered corpse of his mistress.,well family man forced struggle surprise birthday party moments hiding murdered corpse mistress
820. Out of the Nest,"In the Kingdom of Castilia, a dark force rises again. Days from the coronation of the new Emperor and Empress, their seven royal fledglings are taken and it's up to one hero to return them safely; a teenage delivery boy, Arthur the Goat. His dreams of becoming a world-class barber are put on hold when he becomes a parent overnight. If he's going to keep the rambunctious toddlers safe on their journey, he must first grow up, discover his own past, and along the way, awaken forgotten champions. Can Arthur return the heirs and ultimately save the kingdom?",kingdom castilia dark force rises days coronation new emperor empress seven royal fledglings taken one hero return safely teenage delivery boy arthur goat dreams becoming world class barber put hold becomes parent overnight going keep rambunctious toddlers safe journey must first grow discover past along way awaken forgotten champions arthur return heirs ultimately save kingdom
821. The Ballad of Davy Crockett,"In 1815, an American Legend, whose wife has fallen deathly ill, leaving his young children to survive on their own, must fight his way back to them across the many perils found in the Savage Lands of the wild frontier.",american legend whose wife fallen deathly ill leaving young children survive must fight way back across many perils found savage lands wild frontier
822. Above the Knee,"Amir has a secret. He's tormented by visions of his leg rotting and longs to cut it off, convinced it doesn't belong to him. So, he devises a plan - one that will drag everyone around him into his relentless quest for a dark redemption.",amir secret tormented visions leg rotting longs cut convinced belong devises plan one drag everyone around relentless quest dark redemption
823. Justice League: Crisis on Infinite Earths - Part Two,The Anti-Monitor (the Monitor's evil counterpart) is released into the DC Multiverse and begins to destroy the different Earths that compose it. The Monitor attempts to recruit heroes from across the Multiverse to fight back.,anti monitor monitor evil counterpart released dc multiverse begins destroy different earths compose monitor attempts recruit heroes across multiverse fight back
824. No Dogs Allowed,"15-year-old Gabo struggles to control and hide his pedophilic urges, confiding only in online forums where he encounters the manipulative older Dave. When Dave is arrested for suspected abuse of minors, Gabo must make a choice.",year old gabo struggles control hide pedophilic urges confiding online forums encounters manipulative older dave dave arrested suspected abuse minors gabo must make choice
825. The Last Front,"Amidst World War I's chaos, a grieving father turns hero, leading villagers to safety while evading a relentless enemy driven by vengeance.",amidst world war chaos grieving father turns hero leading villagers safety evading relentless enemy driven vengeance
826. Stormskerry Maja,"Seventeen-year-old Maja marries Janne, a fisherman, against her will. Her life on Stormskäret is full of challenges and setbacks. As a fisherman's wife, she has to fend for herself and take care of the family when her husband is at sea.",seventeen year old maja marries janne fisherman life stormsk ret full challenges setbacks fisherman wife fend take care family husband sea
827. Spring Garden,"The story about So-hee who lost her happy family due to her husband's sudden death, and experiences strange and creepy things after visiting Neulbom Garden, a rural mansion left by her husband.",story hee lost happy family due husband sudden death experiences strange creepy things visiting neulbom garden rural mansion left husband
828. From Ground Zero,"From Ground Zero is a collection of 22 short films made in Gaza. Initiated by Palestinian director Rashid Masharawi, the project was born to give a voice to 22 Gazan filmmakers to tell the untold stories of the current war on film.",ground zero collection short films made gaza initiated palestinian director rashid masharawi project born give voice gazan filmmakers tell untold stories current war film
829. Takintilar,"Famous therapist Dr. Baykal is late. Six obsessive compulsive disorder patients meet in a clinic, get acquainted, and explore group therapy while waiting for his consultation.",famous therapist dr baykal late six obsessive compulsive disorder patients meet clinic get acquainted explore group therapy waiting consultation
830. Blink,"Chronicles a family's global trip before their children lose vision to a rare genetic disorder, capturing their journey to experience the world's beauty while they can still see it, and preparing for an inevitable future.",chronicles family global trip children lose vision rare genetic disorder capturing journey experience world beauty still see preparing inevitable future
831. 100 litraa sahtia,"Two middle-aged sisters in a Finnish village promise to brew beer for a wedding but drink their entire batch. In a hilarious race against time, they struggle with hangovers while trying to make more beer and save their reputations.",two middle aged sisters finnish village promise brew beer wedding drink entire batch hilarious race time struggle hangovers trying make beer save reputations
832. Hounds of War,"After a mission goes wrong, only one of a group of mercenaries is left alive to take revenge for his brothers.",mission goes wrong one group mercenaries left alive take revenge brothers
833. High Tide,"Heartbroken and adrift, undocumented Brazilian immigrant Lourenço searches for purpose in the queer mecca of Provincetown. As the summer season comes to a fade, he sparks an intense and unexpected romance with Maurice. Together, the two reconcile the pasts they've left behind and their uncertain futures.",heartbroken adrift undocumented brazilian immigrant louren searches purpose queer mecca provincetown summer season comes fade sparks intense unexpected romance maurice together two reconcile pasts left behind uncertain futures
834. Standing on the Shoulders of Kitties,"Bubbles' band ""The Shitrockers"" lands a European tour but gets kicked off, forcing them to busk. Randy is their roadie. Can Ricky and Julian save them from the streets of Prague?",bubbles band shitrockers lands european tour gets kicked forcing busk randy roadie ricky julian save streets prague
835. Savages,"In Borneo, at the edge of the tropical forest, Kéria is given a baby orangutan. With the forest under greater threat than ever, Kéria, Selaï and the little primate, Oshi, will have to face many obstacles.",borneo edge tropical forest k ria given baby orangutan forest greater threat ever k ria sela little primate oshi face many obstacles
836. The Sand Castle,"After their flight ends in isolation on an unforgiving shore, a family's struggle to survive becomes a mirror of the wounds they carry within as buried trauma, memory and fear erode the last illusion of safety.",flight ends isolation unforgiving shore family struggle survive becomes mirror wounds carry within buried trauma memory fear erode last illusion safety
837. Bogota: City of the Lost,"Young man moving to Colombia with his family for a better life, but he ends up living from hand to mouth. He later goes against all odds to dominate Bogota's black market.",young man moving colombia family better life ends living hand mouth later goes odds dominate bogota black market
838. Babes,"Lifelong friends Eden and Dawn, one single and wanting a baby, the other already a mother, navigate challenges to their bond when Eden pursues pregnancy alone after a one-night stand.",lifelong friends eden dawn one single wanting baby already mother navigate challenges bond eden pursues pregnancy alone one night stand
839. Shoutai,"Accused of a brutal murder, Kaburagi escapes and goes on the run across Japan. Detective Matanuki pursues him, but after 488 days missing, Kaburagi's true identity and motives remain a mystery.",accused brutal murder kaburagi escapes goes run across japan detective matanuki pursues days missing kaburagi true identity motives remain mystery
840. Mr. Manhattan,Mason Bradley's life turns upside-down when he unexpectedly becomes the sole guardian of his late brother's kids after prioritizing his law career and ending his engagement.,mason bradley life turns upside unexpectedly becomes sole guardian late brother kids prioritizing law career ending engagement
841. Broken Rage,Director Takeshi Kitano presents a two-part film: a serious yakuza action and a self-parodying comedy of the same story.,director takeshi kitano presents two part film serious yakuza action self parodying comedy story
842. The Body,"A night watchman escapes from the morgue where he works and is run over. The inspector called to investigate discovers that the body of a recently deceased woman is missing. Questioning the widower, he begins to suspect him.",night watchman escapes morgue works run inspector called investigate discovers body recently deceased woman missing questioning widower begins suspect
843. Every Little Thing,"A woman in Hollywood cares for injured hummingbirds, experiencing personal growth as she witnesses their fragility and resilience.",woman hollywood cares injured hummingbirds experiencing personal growth witnesses fragility resilience
844. Within the Pines,"As sound recordist Sam Evans treks through an isolated forest, his mic picks up a sound no one wants to hear while alone in the woods.",sound recordist sam evans treks isolated forest mic picks sound one wants hear alone woods
845. Federer: Twelve Final Days,Follows the last 12 days of the career of a tennis player considered the best ever as he plays his final tournament.,follows last days career tennis player considered best ever plays final tournament
846. Piece by Piece,"A vibrant journey through the life of Pharrell Williams, told through the lens of Lego animation.",vibrant journey life pharrell williams told lens lego animation
847. 404 Run Run,"Nakrob, a young real estate swindler, discovers an abandoned hillside hotel by the beach. Seeing an opportunity, he decides to turn it into a luxury hotel scam.",nakrob young real estate swindler discovers abandoned hillside hotel beach seeing opportunity decides turn luxury hotel scam
848. Life After the NeverEnding Story,"A documentary celebrating The NeverEnding Story (1984) via cast and crew interviews, whilst exploring the lives of stars Noah Hathaway and Tami Stronach since those breakthrough roles.",documentary celebrating neverending story via cast crew interviews whilst exploring lives stars noah hathaway tami stronach since breakthrough roles
849. Horror in the High Desert 3: Firewatch,"As a wildfire bears down on the opposite side of the state, Oscar Mendoza, armed with a secret, takes advantage of the distraction and journeys to Northeastern Nevada in search of missing outdoorsman Gary Hinge's last known whereabouts.",wildfire bears opposite side state oscar mendoza armed secret takes advantage distraction journeys northeastern nevada search missing outdoorsman gary hinge last known whereabouts
850. Sugar Baby,"An enterprising Sugar Baby is offered $30,000 to move in with her Sugar Daddy for the week, but soon discovers the sinister secrets trapped within his home.",enterprising sugar baby offered move sugar daddy week soon discovers sinister secrets trapped within home
851. Madgaon Express,The journey of three childhood friends who embark on a trip to Goa that goes completely off-track.,journey three childhood friends embark trip goa goes completely track
852. The Mountain,Explores the journey of three young people as they seek solace under the watchful gaze of the Taranaki mountain and companionship in the spirit of adventure.,explores journey three young people seek solace watchful gaze taranaki mountain companionship spirit adventure
853. The White House Effect,Explores the dramatic origin story of the climate crisis and how a political battle in the George H.W. Bush administration changed the course of history.,explores dramatic origin story climate crisis political battle george h w bush administration changed course history
854. One More Shot,"Following the attack on the black site in Poland, Navy SEAL Jake Harris is ordered to escort terrorist suspect Amin Mansur to Washington D.C for interrogation.",following attack black site poland navy seal jake harris ordered escort terrorist suspect amin mansur washington c interrogation
855. Samsara,"Rejected by the parents of the woman he loves, a man makes a deal with the Monkey King and performs a ritual to gain wealth, unleashing a dark curse.",rejected parents woman loves man makes deal monkey king performs ritual gain wealth unleashing dark curse
856. Justice,"A discharged police officer is given a chance to regain his former life by capturing a bank robbery crew. Teaming up with a young policewoman, the ex-cop must act swiftly before the heist draws unwanted scrutiny from the new authorities.",discharged police officer given chance regain former life capturing bank robbery crew teaming young policewoman ex cop must act swiftly heist draws unwanted scrutiny new authorities
857. I'm Your Venus,"A moving and timely documentary following the unsolved murder of Venus Xtravaganza, star of the legendary film Paris Is Burning, as Venus' two families - biological and ballroom - come together to seek answers and celebrate her legacy.",moving timely documentary following unsolved murder venus xtravaganza star legendary film paris burning venus two families biological ballroom come together seek answers celebrate legacy
858. Striking Rescue,A veteran Muay Thai expert goes on a take-no-prisoners mission of revenge after his wife and daughter are brutally murdered by mysterious forces.,veteran muay thai expert goes take prisoners mission revenge wife daughter brutally murdered mysterious forces
859. Haikyu!! The Dumpster Battle,"Despite a strong field, the Karasuno High volleyball team advances past the preliminary round of the Harutaka tournament in Miyagi prefecture to reach the third round.",despite strong field karasuno high volleyball team advances past preliminary round harutaka tournament miyagi prefecture reach third round
860. Dog Days,"The story of people connected through dogs at a veterinary hospital where there is no wind at all, getting to know each other, comforting each other, and sharing their hearts.",story people connected dogs veterinary hospital wind getting know comforting sharing hearts
861. Robin and the Hoods,"For the tenacious 11-year-old Robin and her loyal band of friends 'The Hoods', the patch of overgrown scrubland at the end of their cul-de-sac is a magical kingdom.",tenacious year old robin loyal band friends hoods patch overgrown scrubland end cul de sac magical kingdom
862. Her Story,"Wang Tiemei, a single mother, loses her job and moves, befriending neighbor Xiaoye who appears cheerful but is depressed. Their bond grows as Tiemei navigates relationships with her ex-husband causing trouble.",wang tiemei single mother loses job moves befriending neighbor xiaoye appears cheerful depressed bond grows tiemei navigates relationships ex husband causing trouble
863. Meiyazhagan,A man's life is changed when he bumps into someone from his hometown in this moving Tamil-language drama; gentle scenes are occasionally punctuated by sporting threat and recollections of violence.,man life changed bumps someone hometown moving tamil language drama gentle scenes occasionally punctuated sporting threat recollections violence
864. Fluxx,Trapped in a surreal Hollywood Hills mansion a tormented actress must piece together memories and escape a nightmarish reality before losing her grip on sanity-and the truth about her husband's fate.,trapped surreal hollywood hills mansion tormented actress must piece together memories escape nightmarish reality losing grip sanity truth husband fate
865. Up the Catalogue,"An ambitiously small film set in a fictional shopping channel by the name of 4QTV. Tasked with flogging an endless cycle of questionable products, star presenter, Hailey Cartin, is starting to fear she might be trapped in live television.",ambitiously small film set fictional shopping channel name qtv tasked flogging endless cycle questionable products star presenter hailey cartin starting fear might trapped live television
866. Race for Glory: Audi vs. Lancia,"A true David vs. Goliath story spotlighting the intense rivalry between Audi and Lancia at the 1983 Rally World Championship. Against all odds, Lancia battles to regain its former glory with a combination of innovation and courage.",true david vs goliath story spotlighting intense rivalry audi lancia rally world championship odds lancia battles regain former glory combination innovation courage
867. In the Name of Blood,"In the working-class neighborhoods of Nice, a pillar of the local Georgian community is murdered. His son Tristan, who aspires to become an orthodox priest, finds himself alone with his grieving mother. Gabriel, his older brother with a troubled past, reappears and returns from a long exile to make amends by washing away his family's honor.",working class neighborhoods nice pillar local georgian community murdered son tristan aspires become orthodox priest finds alone grieving mother gabriel older brother troubled past reappears returns long exile make amends washing away family honor
868. Thirsty,THIRSTY follows the upstart campaign of a gutsy public defender as she strives to unseat the incumbent mayor of Oakland and also keep her family intact.,thirsty follows upstart campaign gutsy public defender strives unseat incumbent mayor oakland also keep family intact
869. Jazzy,"Jazzy navigates the space between childhood and young adulthood. When her best friend moves away, Jazzy experiences both a sense of loss and her first inkling of independence.",jazzy navigates space childhood young adulthood best friend moves away jazzy experiences sense loss first inkling independence
870. Undercover,"After spending several years infiltrating the circles of the Abertzale left as another young sympathizer of the terrorist group ETA, a police officer gets what she was looking for: ETA contacts her.",spending several years infiltrating circles abertzale left another young sympathizer terrorist group eta police officer gets looking eta contacts
871. Nyctophobia,"As Liz struggles with nyctophobia (fear of the dark), an anxiety disorder that disrupts her sleep, she desperately tries to fall asleep.",liz struggles nyctophobia fear dark anxiety disorder disrupts sleep desperately tries fall asleep
872. Made in England: The Films of Powell and Pressburger,"Features rare archival material from the personal collections of Powell, Pressburger and Scorsese.",features rare archival material personal collections powell pressburger scorsese
873. Rally Caps,A young baseball player has his dream of pitching for a Little League travel team derailed by a devastating injury on the field.,young baseball player dream pitching little league travel team derailed devastating injury field
874. Lollipop,"Molly, a young woman released from prison, struggles to regain custody of her children. When she bumps into her childhood friend Amina the two women soon realize their only chance is to join forces and take destiny into their own hands.",molly young woman released prison struggles regain custody children bumps childhood friend amina two women soon realize chance join forces take destiny hands
875. Escape,Follows the struggles of a North Korean sergeant who is chased by a ruthless major after he defects.,follows struggles north korean sergeant chased ruthless major defects
876. How Could I Live Without You?,"Lili reads her mother Eszter's diary and love letters, revealing Eszter's summer romance with Geri, a musician, at Lake Balaton in the 1990s, defying her commitment to her boyfriend, impacting their lives and Lili's.",lili reads mother eszter diary love letters revealing eszter summer romance geri musician lake balaton defying commitment boyfriend impacting lives lili
877. Color of Victory,"The days when Istanbul was occupied as a result of the Armistice of Mudros after the First World War and the Fenerbahce football team won the ""Harington Cup""",days istanbul occupied result armistice mudros first world war fenerbahce football team harington cup
878. Una terapia di gruppo,,nan
879. Fakt Purusho Maate,"Patriarch resurfaces from the afterlife, disrupting his grandson's nuptials and upending the family dynamics with an unanticipated complication.",patriarch resurfaces afterlife disrupting grandson nuptials upending family dynamics unanticipated complication
880. The Soul Eater,"When violent and gruesome deaths starts plaguing a small mountain village, an old legend about a malevolent creature resurfaces.",violent gruesome deaths starts plaguing small mountain village old legend malevolent creature resurfaces
881. Good Grief,"After her mother suddenly dies, a pushover painter must battle through the opinions and expectations of family, ""friends,"" and a toxic boyfriend to plan her funeral.",mother suddenly dies pushover painter must battle opinions expectations family friends toxic boyfriend plan funeral
882. Invention,"In the aftermath of a conspiracy-minded father's sudden death, his daughter inherits his patent for an experimental healing device.",aftermath conspiracy minded father sudden death daughter inherits patent experimental healing device
883. Jigra,"When Ankur is wrongfully imprisoned and sentenced to death in a foreign country, his steely sister Satya is driven by a lethal resolve to break him free.",ankur wrongfully imprisoned sentenced death foreign country steely sister satya driven lethal resolve break free
884. The Curse of the Necklace,Family navigates turbulent 1960s dynamics. Mom separates from alcoholic husband. Daughters grapple with changes. Dad's antique gift hides dark force that imperils all.,family navigates turbulent dynamics mom separates alcoholic husband daughters grapple changes dad antique gift hides dark force imperils
"885. Canadian, Sniper","While attempting to peacefully reintegrate into civilian life, an army sniper struggles to discern reality from the haunting uncertainty of P.T.S.D.",attempting peacefully reintegrate civilian life army sniper struggles discern reality haunting uncertainty p
886. Trouble,"Conny, a divorced salesman, gets wrongfully imprisoned for murder. There, he meets criminals who mistake him for a pilot like his ex-wife's new boyfriend. Chaos ensues as he navigates life behind bars while separated from his daughter.",conny divorced salesman gets wrongfully imprisoned murder meets criminals mistake pilot like ex wife new boyfriend chaos ensues navigates life behind bars separated daughter
887. Castration Movie Anthology I: Traps,Trans sex worker Michaela mentors her newly-out friend Adeline while pursuing motherhood in Vancouver. Production assistant Turner slides toward inceldom as his relationship falls apart.,trans sex worker michaela mentors newly friend adeline pursuing motherhood vancouver production assistant turner slides toward inceldom relationship falls apart
888. Being Maria,"Maria Schneider's rise to fame after ""Last Tango in Paris"" and its controversial production's impact on her life and career.",maria schneider rise fame last tango paris controversial production impact life career
889. Running on Empty,"Follows Mort who discovers he has less than a year to live, and after his fiancé leaves him, he meets Kate in a dating service that matches people by their death dates, all while being stalked by a disturbed pimp.",follows mort discovers less year live fianc leaves meets kate dating service matches people death dates stalked disturbed pimp
890. Enchanting Christmas,"A father's ice sculpture of a princess magically comes to life, causing unexpected disruptions in the lives of those she meets.",father ice sculpture princess magically comes life causing unexpected disruptions lives meets
891. Every You Every Me,Nadine seeks to revive a failing relationship. She struggles to reconnect with the emotions that first drew her to her partner. Something in him she once cherished now seems lost.,nadine seeks revive failing relationship struggles reconnect emotions first drew partner something cherished seems lost
892. Game of Death: The Six Doors to Hell,"Set in a bleak future in which the world suffocates under the iron fist of a tyrannical regime. Driven by unyielding determination, Ken Shiro sets out on a perilous mission to find the gate to Hell and save his daughter from the Inferno.",set bleak future world suffocates iron fist tyrannical regime driven unyielding determination ken shiro sets perilous mission find gate hell save daughter inferno
893. Miyazaki: Spirit of Nature,"A documentary exploring the life and influential works of Japanese animator Hayao Miyazaki, known for films like My Neighbor Totoro and Spirited Away, focusing on his passion for animation and advocacy for the natural world.",documentary exploring life influential works japanese animator hayao miyazaki known films like neighbor totoro spirited away focusing passion animation advocacy natural world
894. Modi: Three Days on the Wing of Madness,"Through the streets of World War I Paris, Italian bohemian artist Modigliani attempts to outmaneuver bombs, policemen, girlfriends, and critics in a increasingly desperate search of a home for his art.",streets world war paris italian bohemian artist modigliani attempts outmaneuver bombs policemen girlfriends critics increasingly desperate search home art
895. Great Pretender: Razbliuto,"Presumed dead, master con artist and recovering amnesiac Dorothy is discovered by Shanghai Longu-bang, a mob who wants payback for her conning them.",presumed dead master con artist recovering amnesiac dorothy discovered shanghai longu bang mob wants payback conning
896. 7 Keys,"Daniel has kept the keys to the places he's lived in. Lena wants to use them - on the ultimate tour of London, a weekend of getting to know each other intimately in other people's homes. This risky fantasy soon becomes a deadly threat.",daniel kept keys places lived lena wants use ultimate tour london weekend getting know intimately people homes risky fantasy soon becomes deadly threat
897. Drazen,"The narrative of Drazen Petrovic, a celebrated Croatian basketball player, highlights his personal life and unique character, emphasizing his deep, complex relationship with basketball - both his greatest passion and his curse.",narrative drazen petrovic celebrated croatian basketball player highlights personal life unique character emphasizing deep complex relationship basketball greatest passion curse
898. Doc of Chucky,"The ultimate account of the Child's Play film franchise. With contributions from cast, crew, and more, experience the story that proves you can't keep a good guy down in a series of films that have created an icon.",ultimate account child play film franchise contributions cast crew experience story proves keep good guy series films created icon
899. Ullozhukku,"A family's attempt to bury a loved one is thwarted by floodwaters, forcing them to confront long-buried secrets and lies that threaten their unity.",family attempt bury loved one thwarted floodwaters forcing confront long buried secrets lies threaten unity
900. Desert of Namibia,"21-year-old Satsuki swaps boyfriends frequently, unconcerned with career or societal norms. Her unpredictable behavior leads to a misdiagnosis of bipolar disorder, as she navigates a rigid, patriarchal society.",year old satsuki swaps boyfriends frequently unconcerned career societal norms unpredictable behavior leads misdiagnosis bipolar disorder navigates rigid patriarchal society
901. Peppa's Cinema Party,"Peppa celebrates 20 years with 10 new episodes, a 3-part wedding special, a mix of animation and live action where Peppa enters the real world, a party bus bonus episode, and 5 sing-along songs.",peppa celebrates years new episodes part wedding special mix animation live action peppa enters real world party bus bonus episode sing along songs
902. Super-Charlie,"Willie's dream of fighting crime with his cop dad is shattered when his baby brother Charlie arrives. Besides stealing all the attention, Charlie turns out to have actual superpowers.",willie dream fighting crime cop dad shattered baby brother charlie arrives besides stealing attention charlie turns actual superpowers
903. 11 Rebels,"Amidst the Boshin War's brutal conflicts, a motley squad of criminals and samurai undertakes a desperate defense of a fortress, their stand triggered by clashing interests of the Shibata clan, the shogunate, and the new government.",amidst boshin war brutal conflicts motley squad criminals samurai undertakes desperate defense fortress stand triggered clashing interests shibata clan shogunate new government
904. Astra,"An astrobiologist's lost belongings contain clues for a space voyage. The ""Astra"" mixed reality experience transports users from Earth. They search planets and moons for the building blocks of life in the Universe.",astrobiologist lost belongings contain clues space voyage astra mixed reality experience transports users earth search planets moons building blocks life universe
905. Cup,"The story of a sixteen-year-old boy, a badminton player from a village named Vellathooval in Idukki, who dreams of the Olympics.",story sixteen year old boy badminton player village named vellathooval idukki dreams olympics
906. F-Buddies,"Jas' boyfriend breaks up with her because she's boring. To prove him wrong, and just to continue to be with him, she agrees to be his f*** buddy.",jas boyfriend breaks boring prove wrong continue agrees f buddy
907. Saint Clare,"In a small town a solitary woman is haunted by voices that lead her to assassinate ill intended people and get away with it, until her last kill sucks her down a rabbit hole riddled with corruption, trafficking and visions from the beyond.",small town solitary woman haunted voices lead assassinate ill intended people get away last kill sucks rabbit hole riddled corruption trafficking visions beyond
908. Grafted,A bright but socially awkward exchange student takes her craving for popularity to horrifying heights.,bright socially awkward exchange student takes craving popularity horrifying heights
909. Gaslit by My Husband: The Morgan Metzer Story,"Morgan's ex-husband Rodney shows up minutes after a masked intruder has assaulted her in her home. Rodney's answers to the authorities' questions don't seem to add up, which makes him the prime suspect in the attack. Based on a true story.",morgan ex husband rodney shows minutes masked intruder assaulted home rodney answers authorities questions seem add makes prime suspect attack based true story
910. Baby,"After his release from a juvenile center, Wellington finds himself homeless in São Paulo. At a porn theater, he meets Ronaldo, who mentors him in street survival. Their bond evolves into a turbulent affair.",release juvenile center wellington finds homeless paulo porn theater meets ronaldo mentors street survival bond evolves turbulent affair
911. Lights Out,"A drifting ex-soldier turns underground fighter with the help of a just released ex-con, pitting them both against a crime boss, corrupt cops and hired killers.",drifting ex soldier turns underground fighter help released ex con pitting crime boss corrupt cops hired killers
912. Feeling Randy,"In the midst of family confusion, Randy goes on a road trip with his school friends to discover his sexuality in the 1970s.",midst family confusion randy goes road trip school friends discover sexuality
913. The Problem with People,Two estranged cousins who never knew each other try to make amends for many generations of family dispute.,two estranged cousins never knew try make amends many generations family dispute
914. Something in the Water,A group of five friends must fight for their lives in open water after a dream wedding turns into a nightmare.,group five friends must fight lives open water dream wedding turns nightmare
915. Disciples in the Moonlight,A reluctant leader heads up a team of seven Christians intent on smuggling Bibles to underground churches in a future America where the Bible is illegal and danger is around every corner.,reluctant leader heads team seven christians intent smuggling bibles underground churches future america bible illegal danger around every corner
916. The Palestine Exception,"When students and professors alike advocate for just causes, they are typically celebrated. Not so in the case of Palestine. This doc examines why.",students professors alike advocate causes typically celebrated case palestine doc examines
917. Megamind vs. The Doom Syndicate,"Megamind's former villain team, The Doom Syndicate, has returned. Newly crowned hero Megamind's must now keep up evil appearances until he can assemble his friends to stop his former evil teammates from launching Metro City to the Moon.",megamind former villain team doom syndicate returned newly crowned hero megamind must keep evil appearances assemble friends stop former evil teammates launching metro city moon
918. Wild Diamond,"Liane, 19, lives with her mother and sister in Fréjus in the south of France. Consumed by aspirations of beauty and stardom, she auditions for a reality show called ""Miracle Island.""",liane lives mother sister fr jus south france consumed aspirations beauty stardom auditions reality show called miracle island
919. My Mercury,"A passionate conservationist makes a cruel pact to save endangered seabirds from extinction on an inhospitable island, alone. In the end, it's a victory for the birds, but at what price?",passionate conservationist makes cruel pact save endangered seabirds extinction inhospitable island alone end victory birds price
920. Stolen,"A young woman's struggle to defend her indigenous heritage in a world where xenophobia is on the rise, climate change is threatening reindeer herding, and young people choose suicide in the face of collective desperation.",young woman struggle defend indigenous heritage world xenophobia rise climate change threatening reindeer herding young people choose suicide face collective desperation
921. Stormy,Behind the curtain with Stormy Daniels as she shares her story. The film follows her reinventing herself while grappling with events from 5 years earlier that made her an unlikely American icon.,behind curtain stormy daniels shares story film follows reinventing grappling events years earlier made unlikely american icon
922. Before Dawn,The journey of fictional WA outback kid Jim Collins and his battalion on the Western Front.,journey fictional wa outback kid jim collins battalion western front
923. Delivery Run,"A food delivery driver gets caught in a deadly chase in the icy Minnesota wilderness, pursued by a crazed snowplow driver for unknown reasons, facing life-threatening situations and forced to outsmart his relentless pursuer alone.",food delivery driver gets caught deadly chase icy minnesota wilderness pursued crazed snowplow driver unknown reasons facing life threatening situations forced outsmart relentless pursuer alone
924. Butchers Book Two: Raghorn,A car accident leaves the victims in the hands of brutal cannibals who plan to hack them up for meat.,car accident leaves victims hands brutal cannibals plan hack meat
925. A.R.M,"Set in the Northern Kerala in 1900, 1950 and 1990, three generations of heroes, Maniyan, Kunjikelu and Ajayan, try to protect the most important treasure of the land.",set northern kerala three generations heroes maniyan kunjikelu ajayan try protect important treasure land
926. Munjya,"A young man's visit to his native village unveils a family secret and a vengeful spirit, the Munjya, who wants to get married. Now the young man must fight to protect himself and his love from Munjya's clutches.",young man visit native village unveils family secret vengeful spirit munjya wants get married young man must fight protect love munjya clutches
927. With or Without You,"A mother, a daughter and a stranger from another land are thrown together on an unexpected road trip that takes them on a journey of love, humour and redemption.",mother daughter stranger another land thrown together unexpected road trip takes journey love humour redemption
928. Ei koskaan yksin,"1942 in Helsinki. The state of Finland has made an alliance with Nazi Germany. One man alone is trying to stop the Finnish security services which were operating in secrecy, to turn over Jewish refugees into the hands of Gestapo.",helsinki state finland made alliance nazi germany one man alone trying stop finnish security services operating secrecy turn jewish refugees hands gestapo
929. Teach Her,"A business student required to study Shakespeare lives out ""Hamlet"" without knowing it.",business student required study shakespeare lives hamlet without knowing
930. Bloody Axe Wound,"Abbie Bladecut's family business, a video store, has thrived by disposing of teenagers to mimic horror movies. As the first female slasher, she battles gender bias while realizing the harsh realities behind the mass murders.",abbie bladecut family business video store thrived disposing teenagers mimic horror movies first female slasher battles gender bias realizing harsh realities behind mass murders
931. Forbidden Desire,"Agatha and Ubel's turbulent romance leads to a devastating breakup. Though she finds a new partner, Agatha can't get enough of Ubel. They continue their illicit affair until she finds out that Ubel has a secret that can ruin her life.",agatha ubel turbulent romance leads devastating breakup though finds new partner agatha get enough ubel continue illicit affair finds ubel secret ruin life
932. The Fall,"A brash, amateur photographer, reeling from her mother's suicide, must rectify her self-destruction and accept the past in order to receive love and redemption.",brash amateur photographer reeling mother suicide must rectify self destruction accept past order receive love redemption
933. The Kingdom,The story is set in the Kingdom of Kalayaan in the contemporary era in an alternate version of the Philippines where the islands were never colonized.,story set kingdom kalayaan contemporary era alternate version philippines islands never colonized
934. Blade of Fury,"Knife catcher Pei Xing originally exchanged his life for money as bounty hunter, but after witnessing the killing of people who stood up for justice, he gradually awakened and decided to fight back.",knife catcher pei xing originally exchanged life money bounty hunter witnessing killing people stood justice gradually awakened decided fight back
935. Road Diary: Bruce Springsteen and the E Street Band,"Bruce Springsteen and E Street Band showcase the process of creating their live performances, sharing footage from band rehearsals, behind-the-scenes moments, rare clips, and personal reflections from Springsteen himself.",bruce springsteen e street band showcase process creating live performances sharing footage band rehearsals behind scenes moments rare clips personal reflections springsteen
936. Strange Frequencies: Taiwan Killer Hospital,"Reality TV stars face mounting supernatural horrors while filming at haunted Xinglin Hospital in Taiwan. As paranormal activity intensifies, group dynamics crumble and a dark force manipulates their survival choices.",reality tv stars face mounting supernatural horrors filming haunted xinglin hospital taiwan paranormal activity intensifies group dynamics crumble dark force manipulates survival choices
937. Crackcoon,"A raccoon ingests a discarded synthetic drug and mutates into a vicious killer. It rampages through a mountain community, threatening campers, tourists, and residents. No one is safe from the monstrous raccoon's violent onslaught.",raccoon ingests discarded synthetic drug mutates vicious killer rampages mountain community threatening campers tourists residents one safe monstrous raccoon violent onslaught
938. Grand Tour,"Edward, civil servant, flees fiancée Molly on their wedding day in Rangoon, 1917. His travels replace panic with melancholy. Molly, set on marriage, amused by his escape, trails him across Asia.",edward civil servant flees fianc e molly wedding day rangoon travels replace panic melancholy molly set marriage amused escape trails across asia
939. Little Death,A middle-aged filmmaker on the verge of a breakthrough. Two kids in search of a lost backpack. A small dog a long way from home.,middle aged filmmaker verge breakthrough two kids search lost backpack small dog long way home
940. God's Not Dead: In God We Trust,"Amid political and spiritual turmoil, Reverend David Hill steps up to run for Congress. Opponent Peter Kane, aims to erase religion from policy, and the fight becomes a beacon of hope for people seeking moral leadership in a divided world.",amid political spiritual turmoil reverend david hill steps run congress opponent peter kane aims erase religion policy fight becomes beacon hope people seeking moral leadership divided world
941. Black Creek,"A sheriff's sister seeks revenge against the terrifying leader of a group of outlaws after discovering he brutally murdered her brother, his wife, and other family members in a gritty southwestern town.",sheriff sister seeks revenge terrifying leader group outlaws discovering brutally murdered brother wife family members gritty southwestern town
942. Overlord: The Sacred Kingdom,"Momonga, now known as the Sorcerer King Ains Ooal Gown, rallies the Sorcerer Kingdom and its undead army to join the fight alongside the Sacred Kingdom and the Slane Theocracy in hopes to defeat the Demon Emperor Jaldabaoth.",momonga known sorcerer king ains ooal gown rallies sorcerer kingdom undead army join fight alongside sacred kingdom slane theocracy hopes defeat demon emperor jaldabaoth
943. This Too Shall Pass,"Simon, a 16-year-old suffocated by his strict Mormon upbringing, rebels and crosses the border with friends for a weekend in Canada, as they individually discover more about themselves.",simon year old suffocated strict mormon upbringing rebels crosses border friends weekend canada individually discover
944. Boundless,"Detective Mørck and team reopen a cold case on Bornholm Island involving a girl's death, a cult, and missing women. Mørck must solve the case and confront his past to move forward with his fiancée.",detective rck team reopen cold case bornholm island involving girl death cult missing women rck must solve case confront past move forward fianc e
945. Maharaj,"Based on a real-life historic court case, a bold journalist questions a revered leader's immoral behavior.",based real life historic court case bold journalist questions revered leader immoral behavior
946. Ashes,"A wealthy, married woman falling in love with a mysterious carpenter, which will lead to many conflicts.",wealthy married woman falling love mysterious carpenter lead many conflicts
"947. My Wife, My Abuser: The Secret Footage","Exposes the disturbing story of Richard Spencer's harrowing experience as he endured two decades of abuse at the hands of his wife, Sheree Spencer.",exposes disturbing story richard spencer harrowing experience endured two decades abuse hands wife sheree spencer
948. The Little Mermaid,"Dr. Eric Prince, an archaeologist, makes a dramatic discovery on a small Caribbean island-proof of an ancient, advanced prehistoric society. While his dig is in progress, he meets the mysterious and beautiful Aurora Bey and falls in love.",dr eric prince archaeologist makes dramatic discovery small caribbean island proof ancient advanced prehistoric society dig progress meets mysterious beautiful aurora bey falls love
949. Runt,"Follows ten-year-old Annie and Runt, her stray dog, as they attempt to win the Agility Course Championship at the Krumpets Dog Show in London in order to save their family's farm from drought and misery.",follows ten year old annie runt stray dog attempt win agility course championship krumpets dog show london order save family farm drought misery
950. The Witch: Revenge,"In the aftermath of the Russian invasion of Ukraine in February 2022, a witch from Konotop seeks revenge on the Russian soldiers who killed her fiancé.",aftermath russian invasion ukraine february witch konotop seeks revenge russian soldiers killed fianc
951. The Last Ronin,"In a post-apocalyptic world ravaged by nuclear war and climate disaster, survivors navigate scorched lands and ruined cities. With technology failing and fuel useless, ammunition becomes the new currency of a desperate civilization.",post apocalyptic world ravaged nuclear war climate disaster survivors navigate scorched lands ruined cities technology failing fuel useless ammunition becomes new currency desperate civilization
952. When the Light Breaks,"Una grapples with grief while harboring a secret, unable to fully express her emotions, as she navigates challenging events swirling around her.",una grapples grief harboring secret unable fully express emotions navigates challenging events swirling around
953. Eye for an Eye 2,"A blind swordsman reluctantly mentors an orphan seeking vengeance for his destroyed family, teaching him martial arts skills. The orphan waits for an opportunity to avenge his kin.",blind swordsman reluctantly mentors orphan seeking vengeance destroyed family teaching martial arts skills orphan waits opportunity avenge kin
954. Yacht Rock: A Dockumentary,"Chronicles the rise of the smooth West Coast sound pioneered by artists like Steely Dan, Toto, and Michael McDonald, exploring its widespread influence.",chronicles rise smooth west coast sound pioneered artists like steely dan toto michael mcdonald exploring widespread influence
955. Bermondsey Tales: Fall of the Roman Empire,"A gritty comedy-drama based on real events. Bermondsey Tales: Fall Of The Roman Empire tells the story of South London crime family The Roman's as infighting, cozzers and rival firms put everything they have worked for at risk.",gritty comedy drama based real events bermondsey tales fall roman empire tells story south london crime family roman infighting cozzers rival firms put everything worked risk
956. Boot Camp,"Follows unathletic Whitney Carmichael, who signs up for an intense summer boot camp to reinvent herself and falls for her personal trainer. She then finds the strength to embrace her true self and ignore the others' expectations.",follows unathletic whitney carmichael signs intense summer boot camp reinvent falls personal trainer finds strength embrace true self ignore others expectations
957. From Embers,"After her husband dies in a lab fire, a widowed mother of an autistic son must try to piece her life together while uncovering what really happened on that fateful night.",husband dies lab fire widowed mother autistic son must try piece life together uncovering really happened fateful night
958. The Deb,An original comedy musical about two teenage girls attending a debutante ball in a small rural town.,original comedy musical two teenage girls attending debutante ball small rural town
959. The Traveller,"A college student's life changes when he meets a powerful woman after his grandfather's corpse is stolen. As he uncovers a dark conspiracy, he learns he belongs to a hidden group of people with supernatural abilities.",college student life changes meets powerful woman grandfather corpse stolen uncovers dark conspiracy learns belongs hidden group people supernatural abilities
960. Moartea in vacanta,"Death on Holiday follows the story of three characters who become overnight ""friends in need"" - who desperately try to get into the good graces of a lonely and wealthy old woman, Rodica, hoping to inherit her fortune.",death holiday follows story three characters become overnight friends need desperately try get good graces lonely wealthy old woman rodica hoping inherit fortune
961. The Real Bros of Simi Valley: The Movie,"With the 10-year high school reunion around the corner, Xander and his squad embark on a journey to become the dopest versions of themselves in time to flex on all of their old classmates",year high school reunion around corner xander squad embark journey become dopest versions time flex old classmates
962. Inheritance,"Estranged sisters Lucy and Paige reunite to bury their father, becoming entangled in the complicated web of their past as they realize that they have inherited more from their father than just money.",estranged sisters lucy paige reunite bury father becoming entangled complicated web past realize inherited father money
963. Cold Wallet,"A team of Redditors lose everything after a cryptocurrency scam leads them to plot to kidnap the ""financial influencer"" who screwed them over.",team redditors lose everything cryptocurrency scam leads plot kidnap financial influencer screwed
964. Adult Best Friends,"Inseparable since childhood, levelheaded Katie takes her codependent best friend Delaney on a girls' trip to break the news that she is getting married. Things do not go as planned.",inseparable since childhood levelheaded katie takes codependent best friend delaney girls trip break news getting married things go planned
965. Bibi Rajni,"A true event-based thought, who always had faith in Waheguru (God). The Masterpiece, which is designed for people of all ages, is a complete family watch for those wanting to learn and know about Sikhism heritage. Plot by: Tejpal Pataria",true event based thought always faith waheguru god masterpiece designed people ages complete family watch wanting learn know sikhism heritage plot tejpal pataria
966. Albany Road,"On her way to the most important meeting of her career, a New York executive is forced to share a rental car with her ex-fiancé's mother, only to discover that the mother is hiding a major secret.",way important meeting career new york executive forced share rental car ex fianc mother discover mother hiding major secret
967. Diva Futura,"In 1980s-1990s Italy, Riccardo Schicchi's agency Diva Futura turns free love into porn, making stars of Ilona Staller, Moana Pozzi and others. Their fame leads to Cicciolina's election and Pozzi's mayoral run.",italy riccardo schicchi agency diva futura turns free love porn making stars ilona staller moana pozzi others fame leads cicciolina election pozzi mayoral run
968. Raayan,"A series of unfortunate events lead Raayan, a simple man to be dragged into the dreaded world of crime and manipulation.",series unfortunate events lead raayan simple man dragged dreaded world crime manipulation
969. The Image of You,"After Anna meets a stock trader, she thinks he's perfect, but her identical twin sister Zoe doesn't trust him, so she sets out to discover the truth about him.",anna meets stock trader thinks perfect identical twin sister zoe trust sets discover truth
970. Phir Aayi Hasseen Dillruba,"While evading the cops in Agra, Rani and Rishu scheme to run away together. But when their plans go awry, Rani asks a mild-mannered admirer for help.",evading cops agra rani rishu scheme run away together plans go awry rani asks mild mannered admirer help
971. Desperado,"Many years ago, Zhou Ke broke into a gang den alone and rescued his brother Banuo, but was arrested and imprisoned. Fast forward a few years, Zhou Ke is released from prison and lives a carefree life as Li Fei. Where should Zhou Ke go?",many years ago zhou ke broke gang den alone rescued brother banuo arrested imprisoned fast forward years zhou ke released prison lives carefree life li fei zhou ke go
972. Revival,Two robbers on the run end up victims of a twisted doctor who subjects them to his sadistic experiments.,two robbers run end victims twisted doctor subjects sadistic experiments
973. Viet and Nam,"In the underground coal mines, Nam and Viet, young miners, face danger and darkness. One prepares to leave for a new life, but they must find Nam's father's remains, a soldier lost in a faraway forest, retracing the past through memories.",underground coal mines nam viet young miners face danger darkness one prepares leave new life must find nam father remains soldier lost faraway forest retracing past memories
974. An Unfinished Film,"January 2020. A film crew reunites near Wuhan to resume the shooting of a film halted ten years earlier, only to share the unexpected challenges as cities are placed under lockdown.",january film crew reunites near wuhan resume shooting film halted ten years earlier share unexpected challenges cities placed lockdown
975. Family Pack,"When night falls, and the players have their eyes closed, werewolves make victims among the villagers.",night falls players eyes closed werewolves make victims among villagers
976. The Last Redemption,"Epic quest pits fearless outlaw Diana and knight Tyrion against villainous Lord Roland for kingdom's survival. They unite to defeat Roland, save princess, and restore peace after uncovering truths about rebellion and kingdom's fate.",epic quest pits fearless outlaw diana knight tyrion villainous lord roland kingdom survival unite defeat roland save princess restore peace uncovering truths rebellion kingdom fate
977. First Shift,"Follows a NYC policer officer along with his rookie partner Angela, as they have a rough day while living the dangerous, and routine job of being a cop in the city.",follows nyc policer officer along rookie partner angela rough day living dangerous routine job cop city
978. Really Happy Someday,"Z, a transmasculine theatre performer, bombs a pivotal musical theatre audition, unable to control his voice after starting testosterone 12 months earlier. To save his own life and livelihood, Z must rediscover himself and his voice.",z transmasculine theatre performer bombs pivotal musical theatre audition unable control voice starting testosterone months earlier save life livelihood z must rediscover voice
979. Moon,"A former martial artist hired to train three wealthy Jordanian sisters finds her ""dream job"" turning unsettling as the isolated young women are under constant surveillance and show no interest in the sport. Why was she really hired?",former martial artist hired train three wealthy jordanian sisters finds dream job turning unsettling isolated young women constant surveillance show interest sport really hired
980. Or Something,"Tells the story about strangers who show up at the same apartment to collect cash they're both owed. The pair, one of whom is hiding a terrible secret, are sent on a journey across New York City.",tells story strangers show apartment collect cash owed pair one hiding terrible secret sent journey across new york city
981. Quotation Gang Part 1,The film revolves around a bold female contract killer. She takes up the crime syndicate and fights for power. An incident changed her life upside down.,film revolves around bold female contract killer takes crime syndicate fights power incident changed life upside
982. Reawakening,A couple whose daughter aged 14 went missing and then reappears after a decade.,couple whose daughter aged went missing reappears decade
983. Amar Singh Chamkila,"Follows the life of pop star duo Amar Singh Chamkila and Amarjot Kaur, whose songs that were social commentaries or devotionals became massive hits in the 80's.",follows life pop star duo amar singh chamkila amarjot kaur whose songs social commentaries devotionals became massive hits
984. Love Switch,"Married couple James and Michelle, on the verge of divorce, magically switch bodies on their anniversary. Forced to experience life from each other's perspectives, they gain newfound respect and understanding, rekindling their love.",married couple james michelle verge divorce magically switch bodies anniversary forced experience life perspectives gain newfound respect understanding rekindling love
985. A Place Called Silence,"Chen Yutong, a girl's middle school student, was bullied at school, but her mother Li Han was unable to save her daughter from the ""hell"". Everyone around her turned a blind eye, and a collective silence brewed greater violence.",chen yutong girl middle school student bullied school mother li han unable save daughter hell everyone around turned blind eye collective silence brewed greater violence
986. Mars,"A zany crew of misfits blasts off to Mars, only to find they've been duped by a scheming billionaire. Chaos ensues as they face bizarre challenges and unexpected surprises on their wacky interplanetary journey.",zany crew misfits blasts mars find duped scheming billionaire chaos ensues face bizarre challenges unexpected surprises wacky interplanetary journey
987. Exorcism Chronicles: The Beginning,"An excommunicated priest helps his monk friend protect a powerful boy from an evil master, forcing him to confront his past.",excommunicated priest helps monk friend protect powerful boy evil master forcing confront past
988. Limonov: The Ballad of Eddie,"The outrageous story of Eduard Limonov, the radical Soviet poet who became a bum in New York, a sensation in France, and a political antihero in Russia.",outrageous story eduard limonov radical soviet poet became bum new york sensation france political antihero russia
989. Tim Travers & the Time Travelers Paradox,What happens if you travel back in time and eliminate your younger self? Terminally bored mad genius Tim Travers seeks to find the answer and unravel the time traveler's paradox. The Result? A crazy comedic adventure beyond comprehension.,happens travel back time eliminate younger self terminally bored mad genius tim travers seeks find answer unravel time traveler paradox result crazy comedic adventure beyond comprehension
990. Becky,"A pretty, twisted and dangerous woman becomes obsessed with a happily married man who recently moves into the neighbourhood and wreaks havoc in every aspect of the couple's life.",pretty twisted dangerous woman becomes obsessed happily married man recently moves neighbourhood wreaks havoc every aspect couple life
991. Man and Witch: The Dance of a Thousand Steps,"A goatherd seeks help from a witch to break a curse that prevents him from taking a wife, so she sets upon him a series of impossible tasks.",goatherd seeks help witch break curse prevents taking wife sets upon series impossible tasks
992. Explosions in My Heart,"Billy falls for Nilo but later learns her lover practices polyamory, forcing her to reevaluate the relationship and her own desires.",billy falls nilo later learns lover practices polyamory forcing reevaluate relationship desires
993. Bosco,"Based on the story of Quawntay 'Bosco"" Adams, sentenced to 35 years for attempted possession of marijuana. With the help of a woman from a lonely-hearts ad, he escapes to see his daughter but is forced to take responsibility for his past.",based story quawntay bosco adams sentenced years attempted possession marijuana help woman lonely hearts ad escapes see daughter forced take responsibility past
994. Baby Invasion,"An ultra-realistic, multiplayer FPS game follows a group of mercenaries using baby faces as avatars. Tasked with entering mansions of the rich and powerful, players must explore every rabbit hole before time runs out.",ultra realistic multiplayer fps game follows group mercenaries using baby faces avatars tasked entering mansions rich powerful players must explore every rabbit hole time runs
995. The Air He Breathes,"Elizabeth and Tristan, who find solace and healing in each other's company after suffering devastating losses. As they navigate their grief and past traumas, they discover the power of love and second chances.",elizabeth tristan find solace healing company suffering devastating losses navigate grief past traumas discover power love second chances
996. Witches,"Examines the relationship between cinematic portrayals of witches and postpartum depression, utilizing film history footage alongside personal testimony.",examines relationship cinematic portrayals witches postpartum depression utilizing film history footage alongside personal testimony
997. The Reunion,"A family comes together at their estate under the pretext of celebrating their grandma's birthday, but they have come to ship her off to a nursing home and vie for the share of an inheritance in her wake.",family comes together estate pretext celebrating grandma birthday come ship nursing home vie share inheritance wake
998. Everything to Me,"A girl raised in Silicon Valley in the shadow of Steve Jobs' successful return to Apple, and his huge influence on her imagination, her aspirations and relationships.",girl raised silicon valley shadow steve jobs successful return apple huge influence imagination aspirations relationships
999. Plan B,"When a one night stand with her awkward neighbor leaves her pregnant, a young woman decides to quickly sleep with a successful businessman and tell him he's the father of her unborn baby.",one night stand awkward neighbor leaves pregnant young woman decides quickly sleep successful businessman tell father unborn baby
1000. Munkar,An oddity that caused unrest at an Islamic boarding school occurred since one of the female students returned.,oddity caused unrest islamic boarding school occurred since one female students returned
1001. Vaazha: Biopic of a Billion Boys,"Four friends deemed 'losers' face immense pressure from parents and society upon entering adulthood. Their emotional tale sees them embark on a journey of self-discovery and acceptance, where love ultimately triumphs over judgment.",four friends deemed losers face immense pressure parents society upon entering adulthood emotional tale sees embark journey self discovery acceptance love ultimately triumphs judgment
1002. Maid Droid Origins,"After Eve, a beautiful android, murders one of her clients, she runs away from the evil Syndell corporation and hides out at the home of Timothy, the man who created her where she finds herself trapped in a deadly love triangle.",eve beautiful android murders one clients runs away evil syndell corporation hides home timothy man created finds trapped deadly love triangle
1003. Bitter Gold,"Pacífico's injury thrusts his daughter Carola into leading his mining crew, navigating greed, misogyny, and threats while trying to secure their future.",pac fico injury thrusts daughter carola leading mining crew navigating greed misogyny threats trying secure future
1004. Level Cross,"An estranged woman and an unruly man from different worlds meet at a surreal setup. Despite their differences, they discover unexpected similarities about life.",estranged woman unruly man different worlds meet surreal setup despite differences discover unexpected similarities life
1005. Los Frikis,"Inspired by true events, Los Frikis is a coming-of-age story set in early 90s Cuba where a group of punk rockers in search of freedom deliberately inject HIV to live at a government-run treatment home so they can create their own utopia.",inspired true events los frikis coming age story set early cuba group punk rockers search freedom deliberately inject hiv live government run treatment home create utopia
1006. Jack in Time for Christmas,Jack Whitehall races against time to get from the US to the UK for Christmas. His frantic four-day journey involves various modes of transport and encounters with celebrity friends as he battles holiday chaos to reach home.,jack whitehall races time get us uk christmas frantic four day journey involves various modes transport encounters celebrity friends battles holiday chaos reach home
1007. Kuttante Shinigami,Kuttan lives in Thingalur village. His family struggles impact his life.,kuttan lives thingalur village family struggles impact life
1008. The Silent Planet,"Follows two inmates in the near future who are sentenced to a lifetime of hard labor on a distant planet. As things unravel, they become increasingly paranoid and start to lose a sense of who they are and their past lives.",follows two inmates near future sentenced lifetime hard labor distant planet things unravel become increasingly paranoid start lose sense past lives
"1009. I, the Executioner","Rookie detective Park Sun Woo and Seo Do-Cheol, a veteran of the Violent Crimes Investigation Division team, chase after a serial killer who shakes up their world.",rookie detective park sun woo seo cheol veteran violent crimes investigation division team chase serial killer shakes world
1010. Drowning Dry,"To celebrate Lukas' victory at the martial arts tournament and Tomas' birthday party, their wives Juste and Ernesta organize a weekend at the summer house with a families. It was supposed to be a quiet weekend at countryside.",celebrate lukas victory martial arts tournament tomas birthday party wives juste ernesta organize weekend summer house families supposed quiet weekend countryside
1011. Hatiran Yeter,"The story starts from the fact that the world is a silent place for the hearing-impaired Baha. However, his life changes when he meets someone with a similar condition named Leyla. Leyla opens a way for Baha to rediscover the world, and this love turns into Baha's greatest challenge.",story starts fact world silent place hearing impaired baha however life changes meets someone similar condition named leyla leyla opens way baha rediscover world love turns baha greatest challenge
1012. Hearts Creek,"A young event planner gets lost in Rocky Mountains after car accident. Rescued by handsome mountain guide on horseback. Initially clash, but attraction develops as they learn to appreciate differences.",young event planner gets lost rocky mountains car accident rescued handsome mountain guide horseback initially clash attraction develops learn appreciate differences
1013. A Sudden Case of Christmas,"An American couple takes their 10-year-old daughter to her grandfather's hotel in Italy to tell her that they are separating. Hoping to bring them back together, she asks to celebrate one last Christmas together, although it's August.",american couple takes year old daughter grandfather hotel italy tell separating hoping bring back together asks celebrate one last christmas together although august
1014. They Called Him Mostly Harmless,"A hiker found dead in Florida wilderness is identified by internet sleuths after 2 years. His identity triggers more questions as multiple hikers claim to have met him, but he never revealed his name.",hiker found dead florida wilderness identified internet sleuths years identity triggers questions multiple hikers claim met never revealed name
1015. And Mrs,"When a reluctant bride-to-be's fiance drops dead, she insists on marrying him anyway - vowing to overcome public opinion, the law of the land, and her loved one's objections.",reluctant bride fiance drops dead insists marrying anyway vowing overcome public opinion law land loved one objections
1016. Naples to New York,Follows two Neapolitan kids as they journey to New York to escape Italy's early postwar poverty.,follows two neapolitan kids journey new york escape italy early postwar poverty
1017. Mr. K,"After spending the night in a remote hotel, Mr. K is stuck in a claustrophobic nightmare when he discovers that he can't leave the building.",spending night remote hotel mr k stuck claustrophobic nightmare discovers leave building
1018. Vulcanizadora,"Two friends take a trip through a Michigan forest, intent on carrying out a disturbing pact.",two friends take trip michigan forest intent carrying disturbing pact
1019. The Empire,A small village of Northern France is the battleground of undercover extraterrestrial knights.,small village northern france battleground undercover extraterrestrial knights
1020. Grand Theft Hamlet,"Two struggling actors find solace from lockdown isolation by staging Hamlet in Grand Theft Auto Online (2013), battling griefers as they connect through William Shakespeare.",two struggling actors find solace lockdown isolation staging hamlet grand theft auto online battling griefers connect william shakespeare
1021. Ulajh,"The journey of a young IFS officer, belonging to a prominent family of patriots, who gets embroiled in a dangerous personal conspiracy while far from her home turf, at a career-defining post.",journey young ifs officer belonging prominent family patriots gets embroiled dangerous personal conspiracy far home turf career defining post
1022. The Southern Chronicles,"It follows Rimants who is more interested in playing rugby, listening to music and dealing on the black market than studying for school, but when he falls in love with Monika, his faith in love and the future is tested.",follows rimants interested playing rugby listening music dealing black market studying school falls love monika faith love future tested
1023. A Mother's Special Love,"A single mother of an autistic 6-year-old moves in with her brother, sleeping in his living room. Nearing 40 and recently separated, she faces challenging circumstances while caring for her special-needs son.",single mother autistic year old moves brother sleeping living room nearing recently separated faces challenging circumstances caring special needs son
1024. Baki Hanma VS Kengan Ashura,"It's the ultimate showdown. The toughest fighters from Baki Hanma (2021) and Kengan Ashura (2019) clash in this unprecedented, hard-hitting martial arts crossover.",ultimate showdown toughest fighters baki hanma kengan ashura clash unprecedented hard hitting martial arts crossover
1025. Devara Part 1,"A mighty sea warrior takes a violent stand against the criminal deeds of his village. Years later, his mild-mannered son walks a path of his own.",mighty sea warrior takes violent stand criminal deeds village years later mild mannered son walks path
1026. Eating the Future,"An eco-investigator is traumatised by her work accessing factory farms and documenting animal abuses undercover. Terrified of a future of climate apocalypse, she embarks on a journey into the food systems that shape our planet, to look for hope.",eco investigator traumatised work accessing factory farms documenting animal abuses undercover terrified future climate apocalypse embarks journey food systems shape planet look hope
1027. Operation Blood Hunt,"The Reverend, accompanies a ragtag group of military rejects to a remote South Pacific Island to investigate the disappearance of Marine units said to be at the hands of the Japanese Imperial Army.",reverend accompanies ragtag group military rejects remote south pacific island investigate disappearance marine units said hands japanese imperial army
1028. 3391 Kilometres,"A lonely Turkish girl meets a boy who lives in a small town of France. Despite living far apart, they bond over shared quirks. Through late night chats they become close, overcoming physical distance to find friendship.",lonely turkish girl meets boy lives small town france despite living far apart bond shared quirks late night chats become close overcoming physical distance find friendship
1029. Rats!,"In Fresno, Texas, graffiti artist Raphael's arrest leads to his involvement in a chain of events involving a sting operation, suicide, drug deals, criminal suspicions, weapons, a newswoman, and a plutonium deal gone wrong, creating chaos.",fresno texas graffiti artist raphael arrest leads involvement chain events involving sting operation suicide drug deals criminal suspicions weapons newswoman plutonium deal gone wrong creating chaos
1030. Thelma the Unicorn,"A singing pony who dreams of stardom finds instant fame when she transforms into a sparkly unicorn, but becoming a celebrity is one wild ride.",singing pony dreams stardom finds instant fame transforms sparkly unicorn becoming celebrity one wild ride
1031. Ipar Adalah Maut,Nisa and Aris initially happy household will be shaken by the appearance of Nisa's younger sibling who lives with them.,nisa aris initially happy household shaken appearance nisa younger sibling lives
1032. She's Got No Name,"A bizarre case caused thousands of waves. There are different opinions on the truth. When the whole story of the case was gradually restored like pieces of a puzzle, people realized that the truth was not that important anymore.",bizarre case caused thousands waves different opinions truth whole story case gradually restored like pieces puzzle people realized truth important anymore
1033. Destroy All Neighbors,"Struggling prog-rock musician William Brown finds himself in a living nightmare when he accidentally kills Vlad, the neighbor from hell.",struggling prog rock musician william brown finds living nightmare accidentally kills vlad neighbor hell
1034. Three Kilometres to the End of the World,"Set in a conservative Danube Delta community, a gay teenager's journey of self-discovery clashes with the traditional values upheld by his parents and neighbors.",set conservative danube delta community gay teenager journey self discovery clashes traditional values upheld parents neighbors
1035. Nobody Dumps My Daughter,"After Jimmy breaks up with Theresa, her obsessive mother Mary tries desperately to reunite them, even hiring a hitman to kill Jimmy when bribing him fails.",jimmy breaks theresa obsessive mother mary tries desperately reunite even hiring hitman kill jimmy bribing fails
1036. 35-Chinna Katha Kaadu,"Revolves around a young mother facing challenges when her son fails to secure passing marks, igniting events that test the family's resilience and unity.",revolves around young mother facing challenges son fails secure passing marks igniting events test family resilience unity
1037. The Occult,"When a young man falls for a seductive but mentally unstable fortune-teller, he begins to suspect her family is hiding a diabolical secret.",young man falls seductive mentally unstable fortune teller begins suspect family hiding diabolical secret
1038. Chief of Station,"After learning that the death of his wife was not an accident, a former CIA Station Chief is forced back into the espionage underworld, teaming up with an adversary to unravel a conspiracy that challenges everything he thought he knew.",learning death wife accident former cia station chief forced back espionage underworld teaming adversary unravel conspiracy challenges everything thought knew
1039. Hisaab Barabar,"Radhe Mohan, an honest TC working for Indian Railways, sets out to uncover a massive financial fraud by banker Mickey Mehta. As Mickey puts the entire system against Radhe, what lies next for him?",radhe mohan honest tc working indian railways sets uncover massive financial fraud banker mickey mehta mickey puts entire system radhe lies next
1040. Avicii - I'm Tim,"This is the story of Tim Bergling, a shy and insecure boy who, without realizing it, suddenly created one of the world's most loved artists - Avicii.",story tim bergling shy insecure boy without realizing suddenly created one world loved artists avicii
1041. The Firing Squad,Based on the true story of three Christian prisoners who face execution in a third world country and how their joy in Christ results in a stunning conclusion.,based true story three christian prisoners face execution third world country joy christ results stunning conclusion
1042. Unspoken,"Follows a closeted teenager in a religious community who finds a love letter written to his grandfather by another man, so he sets out to find the person.",follows closeted teenager religious community finds love letter written grandfather another man sets find person
1043. Last Known Location,"Three women from different walks of life are mysteriously taken. Detectives struggle to find a connection, as the women seemingly vanished into thin air. Over time, the women form an unlikely bond that becomes the key to their survival.",three women different walks life mysteriously taken detectives struggle find connection women seemingly vanished thin air time women form unlikely bond becomes key survival
1044. Someone Like You,"After the tragic loss of his best friend, a grieving young architect launches a search for her secret twin sister.",tragic loss best friend grieving young architect launches search secret twin sister
1045. Invasive,"A young woman secretly residing in a billionaire's lavish mansion stumbles upon dark secrets, sparking a desperate fight for survival.",young woman secretly residing billionaire lavish mansion stumbles upon dark secrets sparking desperate fight survival
1046. The Green Dinosaur,"When the world around him is mysteriously erased, a little green dinosaur travels through the pages of a comic book to bring color back to his home.",world around mysteriously erased little green dinosaur travels pages comic book bring color back home
1047. Baby Assassins: Nice Days,Teenage assassins Chisato and Mahiro visit the coastal city of Miyazaki when they unexpectedly cross paths with a bloodthirsty assassin who's looking to add to his personal body count.,teenage assassins chisato mahiro visit coastal city miyazaki unexpectedly cross paths bloodthirsty assassin looking add personal body count
1048. Gone Running,"Mother and daughters take on marathon relay after husband/father's death to honor his wish. Unprepared physically and mentally, their attempt creates ripples affecting relatives and friends, compounding challenge.",mother daughters take marathon relay husband father death honor wish unprepared physically mentally attempt creates ripples affecting relatives friends compounding challenge
1049. Drie dagen vis,"This black-and-white drama/comedy explores the strained relationship between Gerrie and his son Dick during their annual three-day reunion in Rotterdam, with the looming threat that this might be Gerrie's last visit.",black white drama comedy explores strained relationship gerrie son dick annual three day reunion rotterdam looming threat might gerrie last visit
1050. Don't Mess with Grandma,"A drunk Army ranger must fight off the vicious robbers who plan to loot the cabin belonging to his sweet, oblivious grandmother.",drunk army ranger must fight vicious robbers plan loot cabin belonging sweet oblivious grandmother
1051. 1 Million Followers,A small-town girl who is invited by a popular influencer to a mansion in Thailand where the beautiful mingle as they build Karissa up to a million followers. Things take a dark turn when they discover who the sponsor behind this event is.,small town girl invited popular influencer mansion thailand beautiful mingle build karissa million followers things take dark turn discover sponsor behind event
1052. We Strangers,"We Strangers is an addictive and haunting study of race, class and assimilation, centering around Ray, a charming and self-determined woman living in Gary, Indiana.",strangers addictive haunting study race class assimilation centering around ray charming self determined woman living gary indiana
1053. A Bronx Tale: The Original One Man Show,"One man lives in the neighborhood, another man owns it. A devoted father battles the local crime boss for the love of his son",one man lives neighborhood another man owns devoted father battles local crime boss love son
1054. Vedaa,"The journey of a young woman, who faces and resists a repressive system against portrayal of an antagonist.",journey young woman faces resists repressive system portrayal antagonist
1055. Por,"Journey that delves deep into the complexities of friendship. Set against the backdrop of a vibrant college festival, the movie explores the intricate dynamics between two friends whose paths diverge and ignite a fierce competition.",journey delves deep complexities friendship set backdrop vibrant college festival movie explores intricate dynamics two friends whose paths diverge ignite fierce competition
1056. Aliens Expanded,An in-depth and innovative documentary that explores the story behind James Cameron's beloved sci-fi epic Aliens (1986) and its incredible impact.,depth innovative documentary explores story behind james cameron beloved sci fi epic aliens incredible impact
1057. Kifn,"Teenage Peri's arranged marriage faces troubles. To resolve issues, she revisits family archives from when relatives recorded memories in 2000s Sulaimani after her mother's early death.",teenage peri arranged marriage faces troubles resolve issues revisits family archives relatives recorded memories sulaimani mother early death
1058. I Want to Talk,"Arjun loves to talk, but when he learns he has 100 days to live, his priorities shift. His only wishes: reconnect with his 7-year-old daughter and find a way to survive. I WANT TO TALK is a heartfelt dad-daughter story about life's beauty.",arjun loves talk learns days live priorities shift wishes reconnect year old daughter find way survive want talk heartfelt dad daughter story life beauty
1059. We Are Wolves,"When Fenix, a lost soul craving something more, tries to re-join her chosen family, to prove her worth, she must play some very dangerous games.",fenix lost soul craving something tries join chosen family prove worth must play dangerous games
1060. Cafe 404,"Jimmy fights to keep the forgotten Café 404 alive. A mysterious bag presents a chance for salvation, but with a steep cost - greed, criminals, and the police quickly spiral the situation out of control, threatening everything around them.",jimmy fights keep forgotten caf alive mysterious bag presents chance salvation steep cost greed criminals police quickly spiral situation control threatening everything around
1061. Devo,"In 1980, new wave band Devo scored a hit with ""Whip It"" and gained mainstream success with their message of societal ""de-evolution"", formed in response to the 1970 Kent State shootings.",new wave band devo scored hit whip gained mainstream success message societal de evolution formed response kent state shootings
1062. Three Friends,"Joan's love fades for Victor while Alice reassures her about her own unfulfilling relationship with Eric. Unbeknownst to Alice, Eric is involved with Rebecca. Their lives spiral after Joan leaves Victor, who goes missing.",joan love fades victor alice reassures unfulfilling relationship eric unbeknownst alice eric involved rebecca lives spiral joan leaves victor goes missing
1063. Pilot,"A story about a pilot who suddenly loses his job, then unexpectedly gets rehired with a new identity.",story pilot suddenly loses job unexpectedly gets rehired new identity
1064. You Are the Apple of My Eye,"A group of close friends who attend a private school all have a debilitating crush on the sunny star pupil, Sun-ah. The only member of the group who claims not to is Jin-woo, but he ends up loving her as well.",group close friends attend private school debilitating crush sunny star pupil sun ah member group claims jin woo ends loving well
1065. Nobody Likes Me,"Sara, a distant observer of others' lives, falls for graceful Martin. As she seeks physical intimacy, he withdraws, concealing his intersex status. When his secret emerges and spreads, they face harsh social realities.",sara distant observer others lives falls graceful martin seeks physical intimacy withdraws concealing intersex status secret emerges spreads face harsh social realities
1066. Apollo 13: Survival,"In April 1970, NASA faced the greatest crisis in its history; three astronauts halfway to the moon on a spacecraft that had suffered a catastrophic explosion.",april nasa faced greatest crisis history three astronauts halfway moon spacecraft suffered catastrophic explosion
1067. Stopping the Steal,An inside account of President Trump's challenge to the results of the 2020 presidential election as told by former White House staff and appointees.,inside account president trump challenge results presidential election told former white house staff appointees
1068. Chosen Family,"Yoga teacher Ann is trying to find inner peace despite having a manic family, a miserable dating life, and an inability to say no that keeps her busy trying to fix everyone else's problems.",yoga teacher ann trying find inner peace despite manic family miserable dating life inability say keeps busy trying fix everyone else problems
1069. Unspoken,A grieving Chinese father travels to America to collect his daughter and stays to catch the killer.,grieving chinese father travels america collect daughter stays catch killer
1070. Shook,"After a run-in with his estranged father, an aspiring writer learns a secret that will force him to balance family, love, and success while navigating the divide between the exciting city life he wants and his suburban reality.",run estranged father aspiring writer learns secret force balance family love success navigating divide exciting city life wants suburban reality
1071. Einstein and the Bomb,"What happened after Einstein fled Nazi Germany? Using archival footage and his own words, this docudrama dives into the mind of a tortured genius.",happened einstein fled nazi germany using archival footage words docudrama dives mind tortured genius
"1072. Husband, Father, Killer: The Alyssa Pladl Story","Alyssa has a relationship with abusive Steven as a teen, has his child but gives it up for adoption. Years later, their daughter seeks them out, and Steven manipulates her into an affair, neglecting his family.",alyssa relationship abusive steven teen child gives adoption years later daughter seeks steven manipulates affair neglecting family
1073. Inheritance,"After the death of eccentric inventor Jan Peszek, a family gathers to inherit his fortune. Unexpectedly, he prepares a last game to test their reconciliation and teamwork.",death eccentric inventor jan peszek family gathers inherit fortune unexpectedly prepares last game test reconciliation teamwork
1074. Angelo dans la forêt mystérieuse,"It follows Angelo, a ten year old who dreams of becoming an explorer and a zoologist. When he goes to visit his granny, his parents leave him behind at a rest stop, and he decides to cut through the forest in search of them.",follows angelo ten year old dreams becoming explorer zoologist goes visit granny parents leave behind rest stop decides cut forest search
1075. Broken Bird,"Sybil works at an undertakers. It's a lonely job, with few perks. So she takes solace where she can.",sybil works undertakers lonely job perks takes solace
1076. She Loved Blossoms More,Three brothers build an unusual time-machine in order to bring their long-dead mother back to life.,three brothers build unusual time machine order bring long dead mother back life
1077. Nobu,"Nobu examines culinary legend Nobuyuki Matsuhisa's empire, offering an intimate portrait of a man who has redefined global gastronomy.",nobu examines culinary legend nobuyuki matsuhisa empire offering intimate portrait man redefined global gastronomy
1078. Across the Sea,"Nour a 27-year-old emigrates illegally to Marseille and lives off petty crime with friends leading marginal lives, and partying hard.",nour year old emigrates illegally marseille lives petty crime friends leading marginal lives partying hard
1079. The Quintessential Quintuplets Specials 2,"Futaro and quintuplet wives plan Hawaii honeymoon trip. Despite achieving dreams, they face worries. During preparations, incident causes panic.",futaro quintuplet wives plan hawaii honeymoon trip despite achieving dreams face worries preparations incident causes panic
1080. She Taught Love,"A guy, Frank, on a self-destructive path. A girl, Mali, with an expiration date. What a perfect time to meet and fall in love.",guy frank self destructive path girl mali expiration date perfect time meet fall love
1081. I Am: Celine Dion,"A raw and honest behind-the-scenes look at the iconic superstar's struggle with Stiff Person Syndrome, a life-altering illness.",raw honest behind scenes look iconic superstar struggle stiff person syndrome life altering illness
"1082. Love, Danielle","Amid family drama and dysfunction, a woman who carries a BRCA gene mutation must decide whether or not to remove her breasts and ovaries to reduce her cancer risk.",amid family drama dysfunction woman carries brca gene mutation must decide whether remove breasts ovaries reduce cancer risk
1083. Funny Birds,"Thrown together under tragic circumstances, three generations of women from the same family are forced to learn to live together on a small rural chicken farm in New Jersey, which generates moving and amusing situations.",thrown together tragic circumstances three generations women family forced learn live together small rural chicken farm new jersey generates moving amusing situations
1084. Peripheral,A woman's husband goes missing soon after moving into their new home. But strange paranormal events start to occur upon his return.,woman husband goes missing soon moving new home strange paranormal events start occur upon return
1085. Vanvaas,Delves into the dynamics between an elderly father grappling with dementia and his family.,delves dynamics elderly father grappling dementia family
1086. The Corpse Washer,"Lela, a mortician, grapples with uncovering the truth behind her mother's mysterious deaths while haunted by spirits and burdened by the weight of untold secrets.",lela mortician grapples uncovering truth behind mother mysterious deaths haunted spirits burdened weight untold secrets
1087. Taken from Rio Bravo,"In 1874 Texas, two friends and an Indian scout rescue kidnapped women from sadistic traffickers near the Mexican border.",texas two friends indian scout rescue kidnapped women sadistic traffickers near mexican border
1088. Getting Lost,"A documentary revisiting the global television phenomenon Lost. Featuring interviews with the cast and crew, as well as members of the loyal fan base who still celebrate the show twenty years after it originally aired.",documentary revisiting global television phenomenon lost featuring interviews cast crew well members loyal fan base still celebrate show twenty years originally aired
1089. Crust,"A depressed has-been child actor and owner of a dingy laundromat, becomes powerfully vengeful when his collection of lone socks transforms into a protective, cute, murderous monster named Crust.",depressed child actor owner dingy laundromat becomes powerfully vengeful collection lone socks transforms protective cute murderous monster named crust
1090. The Keepers of the 5 Kingdoms,A grandfather and curio shop owner in a small town in Arizona and his granddaughter are transported to a mystical land through a portal stone and have to find their way back.,grandfather curio shop owner small town arizona granddaughter transported mystical land portal stone find way back
1091. Ghost Trail,"Hamid joins a secret group tracking Syrian war criminals on the run. His mission takes him to Strasbourg, pursuing his former torturer for a fateful confrontation.",hamid joins secret group tracking syrian war criminals run mission takes strasbourg pursuing former torturer fateful confrontation
1092. Boxer,Eryk Kulm Jr. leaves communist Poland to become a boxer but struggles as an immigrant. He agrees to participate in a rigged fight that alters his life's trajectory.,eryk kulm jr leaves communist poland become boxer struggles immigrant agrees participate rigged fight alters life trajectory
1093. Mittran Da Challeya Truck Ni,"Satta, a truck driver, wants a practical wife to organize his life. Jindi, an independent woman, desires wealth and luxury. Their clashing paths lead to an unconventional relationship defying traditional romance norms.",satta truck driver wants practical wife organize life jindi independent woman desires wealth luxury clashing paths lead unconventional relationship defying traditional romance norms
1094. Super Happy Forever,"August 19, 2023. Childhood friends Sano and Miyata visit a resort hotel in Izu, searching for a lost red hat while revisiting places where Sano first met and fell in love with his late wife Nagi five years prior.",august childhood friends sano miyata visit resort hotel izu searching lost red hat revisiting places sano first met fell love late wife nagi five years prior
1095. Demise,"Caleb Castillo, a Latino landscaper, is involved in a scandal with fashion star Fiona Hernandez and is devoted to his wife Celine. They break up, and Celine reclaims her son Brody (Fiona's & caleb's), despite Caleb's promises to leave her.",caleb castillo latino landscaper involved scandal fashion star fiona hernandez devoted wife celine break celine reclaims son brody fiona caleb despite caleb promises leave
1096. Spithood,"When a dangerous patient escapes confinement in a mental asylum and goes on a rampant killing spree, the night shift staff face their worst nightmare, as they fight for survival.",dangerous patient escapes confinement mental asylum goes rampant killing spree night shift staff face worst nightmare fight survival
1097. Martha,"The film covers the breadth of her extraordinary life through intimate interviews with Stewart herself, who opened up her personal archives to share never-before-seen photos, letters, and diary entries.",film covers breadth extraordinary life intimate interviews stewart opened personal archives share never seen photos letters diary entries
1098. Stripper Boyz,"Two best friends head to Vegas for a bachelor party with a twist: instead of hiring strippers, they decide to become them. Training with a real male revue troupe, they meet colorful characters on a wild, heartwarming journey.",two best friends head vegas bachelor party twist instead hiring strippers decide become training real male revue troupe meet colorful characters wild heartwarming journey
1099. Mortal Game,"A group of hunters travel to a mysterious island to track down a legendary forest creature. They soon realize their guide has set them up as bait, forcing them to confront a highly intelligent predator that terrorizes them one by one.",group hunters travel mysterious island track legendary forest creature soon realize guide set bait forcing confront highly intelligent predator terrorizes one one
1100. Rest in Peace,"A family man who, cornered by debt, decides to take advantage of a chance and unpredictable circumstance to disappear.",family man cornered debt decides take advantage chance unpredictable circumstance disappear
1101. Monkey's Magic Merry Go Round,"A children's TV show host, ensnared in a case of amnesia, must confront his missing memories as his puppet co-stars turn on him.",children tv show host ensnared case amnesia must confront missing memories puppet co stars turn
1102. Murder at Hollow Creek,A disbarred lawyer and his eccentric brother attempt to pull off the robbery of a lifetime but find themselves in a dangerous game of cat and mouse with a disgruntled Serbian mobster,disbarred lawyer eccentric brother attempt pull robbery lifetime find dangerous game cat mouse disgruntled serbian mobster
1103. Escape from Germany,"1939, Hitler's army was closing borders, and eighty-five American missionaries were in Germany serving their church. The escape of these missionaries from Nazi Germany is one of the most dramatic events to occur in modern church history.",hitler army closing borders eighty five american missionaries germany serving church escape missionaries nazi germany one dramatic events occur modern church history
1104. The Last Sacrifice,"Interrogating true crime's cultural impact, from murderous origins to modern revival. Exposing British society's prejudices and dark underbelly.",interrogating true crime cultural impact murderous origins modern revival exposing british society prejudices dark underbelly
1105. Sayara,"When her sister is murdered by a group of politically connected rich kids, Sayara, a quiet gym cleaner from Turkmenistan, begins to follow in her father's footsteps, seeking a path of revenge.",sister murdered group politically connected rich kids sayara quiet gym cleaner turkmenistan begins follow father footsteps seeking path revenge
1106. Layla,"When Layla, a struggling Arab drag queen, falls in love for the first time, they lose and find themselves in a transformative relationship that tests who they really are.",layla struggling arab drag queen falls love first time lose find transformative relationship tests really
1107. Body Language,"A woman who excels at reading body language realizes that something is deeply wrong during a quiet night at home, turning a peaceful night into a terrifying fight for her own survival.",woman excels reading body language realizes something deeply wrong quiet night home turning peaceful night terrifying fight survival
1108. Black Eyed Susan,"Derek takes a job at a tech firm, developing an AI sex doll named Susan. As he explores the boundaries of desire, pleasure, and pain with Susan, he confronts profound questions about humanity in an uncertain future.",derek takes job tech firm developing ai sex doll named susan explores boundaries desire pleasure pain susan confronts profound questions humanity uncertain future
1109. Nakon ljeta,"When Maja arrives on a remote island to resolve the issue of family inheritance, she doesn't expect to stay there longer than she planned.",maja arrives remote island resolve issue family inheritance expect stay longer planned
1110. The Solitary Gourmet,"Goro Inogashira travels all over Japan for work. Upon receiving a message from an old friend's daughter, Goro arrives in Paris and learns of the elderly man's wish to taste a particular soup he had in his childhood before he dies.",goro inogashira travels japan work upon receiving message old friend daughter goro arrives paris learns elderly man wish taste particular soup childhood dies
1111. And Their Children After Them,"In eastern France, two teenage cousins have the summer of their lives when they paddle a purloined canoe to the far shore of a lake.",eastern france two teenage cousins summer lives paddle purloined canoe far shore lake
1112. Out of My Mind,"Melody Brooks is navigating sixth grade as a nonverbal wheelchair user who has cerebral palsy. With the help of some assistive technology and her devoted allies, Melody shows that what she has to say is more important than how she says it.",melody brooks navigating sixth grade nonverbal wheelchair user cerebral palsy help assistive technology devoted allies melody shows say important says
1113. I Heart Willie,"In this horrific origin story of the most beloved cartoon character of modern times, an obsessed fan of Steamboat Willie leads her friends into a deadly mousetrap where pure evil seeks to harvest their skin.",horrific origin story beloved cartoon character modern times obsessed fan steamboat willie leads friends deadly mousetrap pure evil seeks harvest skin
1114. Luther: Never Too Much,"Chronicles the life of an iconic musical performer, from childhood musical talent to worldwide fame. Explores his collaborations, influences, character and relationships with family, friends and fans.",chronicles life iconic musical performer childhood musical talent worldwide fame explores collaborations influences character relationships family friends fans
1115. Tiempo de Pagar,"Richard, an Argentinian money exchanger who works at the Buenos Aires downtown, finds himself involved in a series of problems that lead him to a thrilling race against the clock.",richard argentinian money exchanger works buenos aires downtown finds involved series problems lead thrilling race clock
1116. Le choix,"Joseph Cross, a construction manager, drops everything to rush from the distant suburbs to a hospital. During the journey, Joseph tries to resolve emergency by telephone.",joseph cross construction manager drops everything rush distant suburbs hospital journey joseph tries resolve emergency telephone
1117. On Saniye,The thrilling duel of a guidance counselor and a mother who will do anything to get her child accepted back to the most prestigious high school in the country after being expelled.,thrilling duel guidance counselor mother anything get child accepted back prestigious high school country expelled
1118. Rode College,"When an intelligence officers steps into the world of Rode College, student leaders turn against a corrupt politician who has been manipulating the college's youth for two generations for his own political gains. Inspired from True Events.",intelligence officers steps world rode college student leaders turn corrupt politician manipulating college youth two generations political gains inspired true events
1119. Salt Water,"A man reconnects with the priest who abused him as a boy and wrestles with the feelings of aversion, lust, and affection that are awakened in him as a result.",man reconnects priest abused boy wrestles feelings aversion lust affection awakened result
1120. Brief History of a Family,"A middle-class family's fate becomes intertwined with their only son's enigmatic new friend in post one-child policy China, putting unspoken secrets, unmet expectations, and untended emotions under the microscope.",middle class family fate becomes intertwined son enigmatic new friend post one child policy china putting unspoken secrets unmet expectations untended emotions microscope
1121. Torn,"In a remote corner of Estonia, Kalju is building a 19-metre-high observation tower with his own hands for years, all year round. Why does he do this hard work alone? Who is he building it for?",remote corner estonia kalju building metre high observation tower hands years year round hard work alone building
1122. Alpha.,"Rein, snowboard teacher, works in the Alps. Receives a visit from his father Gijs from the Netherlands. The two venture into the snow-capped mountains where they clash both with each other and with the merciless nature that surrounds them.",rein snowboard teacher works alps receives visit father gijs netherlands two venture snow capped mountains clash merciless nature surrounds
1123. Compulsion,"On the island of Malta, two women get engaged in a string of horrifying murders.",island malta two women get engaged string horrifying murders
1124. Yodha,"After terrorists hijack a passenger plane, an off-duty soldier aboard devises a strategy to defeat the hijackers and ensure the passengers' survival when the engine fails.",terrorists hijack passenger plane duty soldier aboard devises strategy defeat hijackers ensure passengers survival engine fails
1125. The Windigo,"A Native American teen resurrects an ancient demon to protect his family from meth dealers, but finds the creature's bloodlust uncontrollable, forcing the family to break the curse before becoming its next victims.",native american teen resurrects ancient demon protect family meth dealers finds creature bloodlust uncontrollable forcing family break curse becoming next victims
1126. Sujo,"When a cartel gunman is killed, he leaves behind Sujo, his 4-year-old son. The shadow of violence surrounds Sujo during each stage of his life. As he grows into a man, Sujo finds that fulfilling his father's destiny may be inescapable.",cartel gunman killed leaves behind sujo year old son shadow violence surrounds sujo stage life grows man sujo finds fulfilling father destiny may inescapable
1127. Breakup Season,"A young man brings his girlfriend to his rural Oregon hometown to introduce her to his family, only for things to go terribly wrong upon arrival.",young man brings girlfriend rural oregon hometown introduce family things go terribly wrong upon arrival
1128. The Greatest,"Inhibited by his conventional life, a man named Jay is forced to confront his darkest secret when having to choose between a life of normality and authenticity.",inhibited conventional life man named jay forced confront darkest secret choose life normality authenticity
1129. Sallywood,"Inspired by movies of Oscar nominated actress Sally Kirkland, a young writer moves to Hollywood to pursue his dreams. In a chance meeting with Sally, he begins a journey toward trying to resurrect her fading career.",inspired movies oscar nominated actress sally kirkland young writer moves hollywood pursue dreams chance meeting sally begins journey toward trying resurrect fading career
1130. A Girl Named Ann,A drug-addicted girl from an abusive family finds hope through kind people but her grim reality strikes back just as she sees a glimmer of light.,drug addicted girl abusive family finds hope kind people grim reality strikes back sees glimmer light
1131. The Antisocial Network: Memes to Mayhem,"A group of lonely teenagers formed an online community and bonded over their isolation, but their collective beliefs warped reality.",group lonely teenagers formed online community bonded isolation collective beliefs warped reality
1132. Drive Back Home,"In 1970, a gruff New Brunswick plumber travels to Toronto to bail out his estranged gay brother jailed for public indecency. Reluctantly driving home together per their mother's wish, their tense reunion tests their sibling bond.",gruff new brunswick plumber travels toronto bail estranged gay brother jailed public indecency reluctantly driving home together per mother wish tense reunion tests sibling bond
1133. At the Bench,A bench at a riverside park is host to a variety of people and their daily lives.,bench riverside park host variety people daily lives
1134. Elton John: Never Too Late,"It showcases never-before-seen concert footage of him over the past 50 years, as well as hand-written journals and present-day footage of him and his family.",showcases never seen concert footage past years well hand written journals present day footage family
1135. Van Gogh: Poets & Lovers,"Van Gogh's revolutionary artistic style during his years in southern France, where he transformed reality into vibrant, symbolic imagery through a passionate creative process focused on storytelling in his paintings.",van gogh revolutionary artistic style years southern france transformed reality vibrant symbolic imagery passionate creative process focused storytelling paintings
1136. Of Dogs and Men,"16-year-old Dar returns to her kibbutz seeking her lost dog amid a terror spree, navigating horrors while encountering the unfolding disaster beyond the fence, caught between those seeking revenge and those keeping faith in humanity.",year old dar returns kibbutz seeking lost dog amid terror spree navigating horrors encountering unfolding disaster beyond fence caught seeking revenge keeping faith humanity
1137. Child Star,"Examine how some of the most well-known former child stars, such as Lovato, deconstruct the highs and lows of growing up in the spotlight and how their ascension to fame, riches, and power affects their futures.",examine well known former child stars lovato deconstruct highs lows growing spotlight ascension fame riches power affects futures
1138. Crew,Follows three hard-working women as their destinies lead to some unwarranted situations and they end up caught in a web of lies.,follows three hard working women destinies lead unwarranted situations end caught web lies
1139. Lunacy,"Six strangers receive an alluring invitation to an island retreat but find themselves trapped by a mysterious force. Improvised in Australia's Daintree Rainforest, Lunacy explores our lost connection to the environment and our true self.",six strangers receive alluring invitation island retreat find trapped mysterious force improvised australia daintree rainforest lunacy explores lost connection environment true self
1140. Last ExMas,"Maggie and Julianne are ex-girlfriends who unexpectedly rekindle the spark during a hometown visit for the holidays. Are they meant to be? They'll have to navigate their feelings, the gossiping town, and ghosts of exes past to find out.",maggie julianne ex girlfriends unexpectedly rekindle spark hometown visit holidays meant navigate feelings gossiping town ghosts exes past find
1141. Faye,Faye Dunaway reflects on her life and candidly discusses the triumphs and challenges of her illustrious career.,faye dunaway reflects life candidly discusses triumphs challenges illustrious career
1142. Cassandre,"An adolescent girl discovering her sexuality and newfound self through her passion for horses at a rural riding center during the summer of 1998, escaping her stifling family dynamic.",adolescent girl discovering sexuality newfound self passion horses rural riding center summer escaping stifling family dynamic
1143. Boy Kaldag,"A man famous for being well-endowed, drives women wild and sparks envy among other men. As his legend grows, Boy Kaldag plunges into a world of lust and chaos that comes with his special characteristic.",man famous well endowed drives women wild sparks envy among men legend grows boy kaldag plunges world lust chaos comes special characteristic
1144. Hambre,"In crisis-stricken Venezuela, abandoned by millions, two former schoolmates are at a crossroads. Roberto, a rigid idealist, works for the ministry of transportation convinced he will never abandon his home country. Selina, a careless brat, works illegally in Italy and considers marrying for papers as long as she never has to return to her natal Venezuela. When Roberto gets a job offer abroad and Selina gets trapped in Venezuela, they face a difficult question: stay behind or migrate?",crisis stricken venezuela abandoned millions two former schoolmates crossroads roberto rigid idealist works ministry transportation convinced never abandon home country selina careless brat works illegally italy considers marrying papers long never return natal venezuela roberto gets job offer abroad selina gets trapped venezuela face difficult question stay behind migrate
1145. The Last of the Sea Women,"On the shores of Jeju Island, a fierce group of South Korean divers fights to save their vanishing culture from looming threats.",shores jeju island fierce group south korean divers fights save vanishing culture looming threats
1146. Narayaneente Moonnaanmakkal,"Long-separated brothers gather at their childhood home to bid farewell to their terminally ill mother, but old wounds resurface as they confront their shared history under the same roof.",long separated brothers gather childhood home bid farewell terminally ill mother old wounds resurface confront shared history roof
1147. By the Stream,"Jeonim, a lecturer, persuades her uncle to direct her school's theatrical skit due to his past experience. While sketching near a stream, a scandalous incident involving students occurs, implicating Jeonim and her uncle.",jeonim lecturer persuades uncle direct school theatrical skit due past experience sketching near stream scandalous incident involving students occurs implicating jeonim uncle
1148. Paradise,"When corrupt officials cover up the murder of Ella's father, she cuts a swath through the anachronistic underbelly of her small island town.",corrupt officials cover murder ella father cuts swath anachronistic underbelly small island town
1149. Niko: Beyond the Northern Lights,Niko is a flying reindeer boy whose biggest dream is to become a member of Santa's flying forces. But instead he loses Santa's sleigh and during pursuit to get it back he learns the importance of friendship and doing things your own way.,niko flying reindeer boy whose biggest dream become member santa flying forces instead loses santa sleigh pursuit get back learns importance friendship things way
1150. The Great Ambition,"Follows the life of the great and popular political leader Enrico Berlinguer, who almost led Italy's Communist Party into power in 1978.",follows life great popular political leader enrico berlinguer almost led italy communist party power
1151. Family Secrets: The Disappearance of Alissa Turney,"Sarah Turney became a viral sensation when she posted suspicions on social media that her dad killed her sister, Alissa. Now Sarah, re-examines her and Alissa's childhood.",sarah turney became viral sensation posted suspicions social media dad killed sister alissa sarah examines alissa childhood
"1152. Right Here, Right Now","One fateful night, the divergent paths of four high school students intersect, and as they navigate the moment's urgency, they are forced to confront their inner struggles and redefine their identities.",one fateful night divergent paths four high school students intersect navigate moment urgency forced confront inner struggles redefine identities
1153. Clemente,"A chronicle of the life, career, and legacy of Roberto Clemente.",chronicle life career legacy roberto clemente
1154. Üç Harfliler: Nazar,"Zeliha strikes a deal with jinns, desperate for a grandchild. Her bargain unleashes a chain of horrifying supernatural occurrences.",zeliha strikes deal jinns desperate grandchild bargain unleashes chain horrifying supernatural occurrences
1155. Victoria må dø,"Hedvig and Henrik's new stepmother Victoria is annoying and constantly introducing new rules. Inspired by a comic book, they decide to hire a hitman to get rid of her, and end up persuading a very reluctant immigrant, Carl, to do the job.",hedvig henrik new stepmother victoria annoying constantly introducing new rules inspired comic book decide hire hitman get rid end persuading reluctant immigrant carl job
1156. The Black Hole,"A comical triptych about residents in an apartment block district who long for a better life. When a black hole mysteriously appears in a lilac bush, they will have to face aliens, a giant spider, and an Austrian in breeches.",comical triptych residents apartment block district long better life black hole mysteriously appears lilac bush face aliens giant spider austrian breeches
1157. The Truth vs. Alex Jones,"Centers on families of the victims of the 2012 Sandy Hook shooting. They take Alex Jones, a conspiracy theorist, to court for spreading lies about the event being a hoax.",centers families victims sandy hook shooting take alex jones conspiracy theorist court spreading lies event hoax
1158. FanGirl,"A popular influencer hosts a contest for her fans, with the grand prize being a day spent with her. But one woman devises a plan: kill the winner, impersonate her, and get close to the influencer to ultimately kill her.",popular influencer hosts contest fans grand prize day spent one woman devises plan kill winner impersonate get close influencer ultimately kill
1159. A Fisherman's Tale,"Legend says that long ago, nature thrived in harmony around the lake, until evil arrived. Men, blinded by dark desires, brought fear, hate, and death. Fishermen call it La Miringua, the one that drags you in the lake for your sins.",legend says long ago nature thrived harmony around lake evil arrived men blinded dark desires brought fear hate death fishermen call la miringua one drags lake sins
1160. Living Large,A 12 year-old boy was bullied for his weight and he tries to turn things around by dieting and attempting to win over the girl of his dreams.,year old boy bullied weight tries turn things around dieting attempting win girl dreams
1161. Kangaroo,A newly transferred police officer Prithvi is assigned a missing case. It leads to other instances where he gets trapped and his life is at stake. Can Prithvi can solve the case while protecting his family?,newly transferred police officer prithvi assigned missing case leads instances gets trapped life stake prithvi solve case protecting family
1162. In Search of Darkness 1990-1994: A Journey Into Iconic '90s Horror,"Film icons and genre experts share observations, experiences and analysis to help reframe, deconstruct and re-contextualize the ""lost"" decade of horror: the '90s.",film icons genre experts share observations experiences analysis help reframe deconstruct contextualize lost decade horror
1163. Jeffrey's Hell,"In 2023, filmmaker Aaron Irons went missing in a cave in the wilderness area known as Jeffrey's Hell. This documentary explores the truth behind what really happened to Aaron.",filmmaker aaron irons went missing cave wilderness area known jeffrey hell documentary explores truth behind really happened aaron
1164. Fanon,Fanon's progressive methods at Blida hospital spark criticism. His humane patient care angers staff. FLN's Ramdane recruits him. He and wife Josie join Algeria's independence fight.,fanon progressive methods blida hospital spark criticism humane patient care angers staff fln ramdane recruits wife josie join algeria independence fight
1165. War of the Worlds: Extinction,"When a rogue general from the planet Emios attacks Earth, a team of archeologists must track down an ancient artifact that can prevent extinction.",rogue general planet emios attacks earth team archeologists must track ancient artifact prevent extinction
1166. My Future You,"A comet connects Lex and Karen across 13 years through a dating app. As they bond, Karen asks him to alter her past to save her parents' marriage. Each change brings unexpected consequences, leading to one final attempt.",comet connects lex karen across years dating app bond karen asks alter past save parents marriage change brings unexpected consequences leading one final attempt
1167. The Grinch that Stole Bitches,"The Grinch has to settle the score with Santa, so he decides to take a different approach.",grinch settle score santa decides take different approach
1168. Kix,"Two filmmakers document over a decade Sanyi, a Budapest boy's turbulent childhood in dysfunctional home, charting his path from mischievous kid to troubled adolescent amid poverty and parental neglect.",two filmmakers document decade sanyi budapest boy turbulent childhood dysfunctional home charting path mischievous kid troubled adolescent amid poverty parental neglect
1169. Sanatorium Under the Sign of the Hourglass,A ghostly train journey on a forgotten branch line transports a man visiting his dying father in a sanatorium to the edge of a mythic forest. Based on the book of the same name by Bruno Schultz.,ghostly train journey forgotten branch line transports man visiting dying father sanatorium edge mythic forest based book name bruno schultz
"1170. Disco, Ibiza, Locomia","Follows the Spanish group Locomía, showcasing the ins and outs of club culture, the golden age of record companies and the explosion of Latin music in Miami.",follows spanish group locom showcasing ins outs club culture golden age record companies explosion latin music miami
1171. The Sixth,"The Sixth is a portrayal of a city and nation under siege as well as a testament to the importance of truth, told through the eyes of 6 unique individuals whose lives will be forever changed by the January 6th attack on the U.S. Capitol.",sixth portrayal city nation siege well testament importance truth told eyes unique individuals whose lives forever changed january th attack u capitol
1172. The Dugout,"Two friends come to Saur-Mogila - nurse Sergey from Russia and German Paul. They are looking for things from the Second World War and are suddenly transported to 1941, during the battles at Saur-Mogila. The heroes are faced with a choice - to stay and help or return to their own time.",two friends come saur mogila nurse sergey russia german paul looking things second world war suddenly transported battles saur mogila heroes faced choice stay help return time
1173. Dilemma,"In the midst of global pandemic, a trending voice chat platform becomes a lifeline for a group of friends seeking connection and solace. Their lives take an unexpected turn overnight when a mysterious stranger enters their chat room.",midst global pandemic trending voice chat platform becomes lifeline group friends seeking connection solace lives take unexpected turn overnight mysterious stranger enters chat room
1174. Scurry,"Two strangers who find themselves trapped underground when the city is attacked by a monstrous threat. Badly injured with limited resources they must navigate a treacherous, narrowing tunnel in hopes of finding an exit.",two strangers find trapped underground city attacked monstrous threat badly injured limited resources must navigate treacherous narrowing tunnel hopes finding exit
1175. Diciannove,"A curious student embarks on a journey of self-discovery, learning that the path, no matter how unfamiliar or daunting, is worthwhile.",curious student embarks journey self discovery learning path matter unfamiliar daunting worthwhile
1176. The Goat,"Forced to marry one of the elders in her Egyptian village, 12-year-old Hadiya escapes, traversing across the desert in search of her father, with her family goat, who soon begins talking to her with the voice of her late mother.",forced marry one elders egyptian village year old hadiya escapes traversing across desert search father family goat soon begins talking voice late mother
1177. Spacewoman,"Explores achievements of Eileen Collins, the first woman to pilot and command a spacecraft, paving the way for the next generation of female space explorers.",explores achievements eileen collins first woman pilot command spacecraft paving way next generation female space explorers
1178. The John Perkins Tapes,"This is the recovered footage of serial killer Johns Perkins, who filmed his victims, creating what he believed to be artistic videos.",recovered footage serial killer johns perkins filmed victims creating believed artistic videos
1179. Paluwagan,"In a province where most housewives are deprived of intimacy by their busy husbands, a new savings cooperative is introduced by a merchant. The salary to claim: cash or a night with a mysterious man. The women surely know what to choose.",province housewives deprived intimacy busy husbands new savings cooperative introduced merchant salary claim cash night mysterious man women surely know choose
1180. I Hate Summer,"Comedy about three couples who unknowingly book the same house for their family vacation, turning summer into a comical exercise in tolerance.",comedy three couples unknowingly book house family vacation turning summer comical exercise tolerance
1181. A Merry Royal Christmas,"A high-powered wedding planner is pulled in at the last minute to plan a royal wedding set for Christmas Day. She meets a handsome stranger, who she is shocked to later discover is the prince whose sisters wedding she is planning.",high powered wedding planner pulled last minute plan royal wedding set christmas day meets handsome stranger shocked later discover prince whose sisters wedding planning
1182. Victory,"A high school dance duo and a soccer team on a remote island. Two girls create a cheer leading club to pursue their love of dance, but they soon find themselves enthusiastically cheering on the soccer team and the entire island.",high school dance duo soccer team remote island two girls create cheer leading club pursue love dance soon find enthusiastically cheering soccer team entire island
1183. Ajosepo,A young couple must deal with all kinds of family tensions on the eve of their wedding.,young couple must deal kinds family tensions eve wedding
1184. Lovesick Ellie,"High schooler Eriko anonymously writes online fantasies about crush Akira. Akira finds her account, confronts her. He sees her writings as humorous, not reciprocating her feelings.",high schooler eriko anonymously writes online fantasies crush akira akira finds account confronts sees writings humorous reciprocating feelings
1185. Balestra,"A competitive fencer agrees to test an experimental device that lets her train within lucid dreams in which she meets a mysterious stranger who will upend her marriage, her psyche, and her path to Olympic gold.",competitive fencer agrees test experimental device lets train within lucid dreams meets mysterious stranger upend marriage psyche path olympic gold
1186. Saturn,"When a mysterious planet appears in the sky, a young father must choose between the life he loves and an ancient call to save the world.",mysterious planet appears sky young father must choose life loves ancient call save world
1187. My Fathers' Daughter,"Set in Norway's northern reaches, the story centers on Elvira, a Sami teen. Convinced her mother conceived at a Danish clinic, her life shifts when her true father emerges, forever altering her world.",set norway northern reaches story centers elvira sami teen convinced mother conceived danish clinic life shifts true father emerges forever altering world
1188. Tape,"Three former classmates reunite in Hong Kong, but a buried secret resurfaces forcing them to confront the past, each other, and the limits of truth.",three former classmates reunite hong kong buried secret resurfaces forcing confront past limits truth
1189. Nasty,"1972 was a turning point in Ilie Nastase's career: winning US Open, reaching Wimbledon and Davis Cup finals. It portrays his victories, controversies, rebellious persona challenging tennis norms, and his influence as a tennis rebel icon.",turning point ilie nastase career winning us open reaching wimbledon davis cup finals portrays victories controversies rebellious persona challenging tennis norms influence tennis rebel icon
1190. Sting,"After raising an unnervingly talented spider in secret, 12-year-old Charlotte must face the facts about her pet-and fight for her family's survival-when the once-charming creature rapidly transforms into a giant, flesh-eating monster.",raising unnervingly talented spider secret year old charlotte must face facts pet fight family survival charming creature rapidly transforms giant flesh eating monster
1191. Stripped: Nashville,"This observational documentary follows the lives of Nashville's most dynamic exotic dancers over the course of several days - highlighting their skills as dancers, upbringing, personal relationships and business acumen.",observational documentary follows lives nashville dynamic exotic dancers course several days highlighting skills dancers upbringing personal relationships business acumen
1192. Ba,"A single father deceived into a treacherous career as the grim reaper, while his precocious daughter Collette (Cech) grows increasingly suspicious of his whereabouts.",single father deceived treacherous career grim reaper precocious daughter collette cech grows increasingly suspicious whereabouts
"1193. Die Heinzels: Neue Mützen, Neue Mission","Elfie's world is turned upside down when she discovers the existence of a technically advanced Elfkin gang that, in stark contrast to Elfie's own clan, is second to none when it comes to fun and thrill-seeking. Can Helvi's friendship with Bo, the youngest gang member, reconcile the two Elfkin clans after more than 250 years? Based on the feature film ""The Elfkins - Baking a Difference"" and inspired by the famous German saga and poem by August Kopisch.",elfie world turned upside discovers existence technically advanced elfkin gang stark contrast elfie clan second none comes fun thrill seeking helvi friendship bo youngest gang member reconcile two elfkin clans years based feature film elfkins baking difference inspired famous german saga poem august kopisch
1194. You Are Not Alone: Fighting the Wolf Pack,"Through key testimonies, this documentary looks at a gang rape that took place during the 2016 San Fermín festival and sparked protests worldwide.",key testimonies documentary looks gang rape took place san ferm n festival sparked protests worldwide
1195. The House From...,"Examining lives of owners of famous houses from TV/movies, exploring interactions with fans, unexpected fame, and how mass nostalgia impacts personal spaces.",examining lives owners famous houses tv movies exploring interactions fans unexpected fame mass nostalgia impacts personal spaces
1196. Return to Wickensburg,"Mr. Hexenmeister has escaped from prison, and once again threatens Wickensburg. It's a race against time to find an ancient orb, capable of destroying the entire town, before it falls into the wrong hands.",mr hexenmeister escaped prison threatens wickensburg race time find ancient orb capable destroying entire town falls wrong hands
1197. Heavens x Candy,This is a pure love story of a shy guy who falls in love with an AV actor he knows through fan activities.,pure love story shy guy falls love av actor knows fan activities
1198. An Open Door: Temple Grandin,"Acclaimed documentary celebrating Dr. Temple Grandin's pioneering work in animal welfare, autism advocacy, and neurodiversity through her unique perspective as a visual thinker on the autism spectrum.",acclaimed documentary celebrating dr temple grandin pioneering work animal welfare autism advocacy neurodiversity unique perspective visual thinker autism spectrum
1199. Ol' Dirty Bastard: A Tale of Two Dirtys,"The definitive documentary on Wu-Tang Clan founding member Ol' Dirty Bastard. The film explores how Russell Tyrone Jones created Ol' Dirty Bastard, a Hip Hop alter ego superhero that would ultimately consume him.",definitive documentary wu tang clan founding member ol dirty bastard film explores russell tyrone jones created ol dirty bastard hip hop alter ego superhero would ultimately consume
1200. Suburban Fury,"""Suburban Fury"" examines the 1975 assassination attempt on U.S. President Gerald Ford by Sara Jane Moore, a conservative, middle-aged, single mother from the San Francisco suburbs who became radicalized while working as an FBI informant.",suburban fury examines assassination attempt u president gerald ford sara jane moore conservative middle aged single mother san francisco suburbs became radicalized working fbi informant
1201. Hola Frida,"Frida Kahlo is a little girl who is different. Sparkling and vibrant, everything interests her. And when life's trials and tribulations come her way, she faces them with her overflowing imagination.",frida kahlo little girl different sparkling vibrant everything interests life trials tribulations come way faces overflowing imagination
1202. Georgia O'Keeffe: The Brightness of Light,"Georgia O'Keeffe: the Brightness of Light explores the life and art of the most important woman artist of the 20th century. O'Keeffe became famous for her paintings of flowers, bones and emerged as an iconic role model for women.",georgia keeffe brightness light explores life art important woman artist th century keeffe became famous paintings flowers bones emerged iconic role model women
1203. Chateau,"While on a French vacation funded by odd jobs, an aspiring influencer covertly films a vlog in a reportedly haunted chateau she's been hired to clean.",french vacation funded odd jobs aspiring influencer covertly films vlog reportedly haunted chateau hired clean
1204. Apollon by Day Athena by Night,"Defne travels to the ancient Mediterranean city of Side and encounters a revolutionary, a prostitute, a priestess, and other mysterious people. Guided by them, she searches for the mother who has abandoned her.",defne travels ancient mediterranean city side encounters revolutionary prostitute priestess mysterious people guided searches mother abandoned
1205. Nosso Lar 2,"Five spirits from Our Home come to Earth to help a promising medium who lost himself in the networks of selfishness and, after his death, wanders around the world acting against his former companions.",five spirits home come earth help promising medium lost networks selfishness death wanders around world acting former companions
1206. Take Cover,A burned-out professional sniper finds himself trapped in an all-glass penthouse by a lethal competitor and must find a way to survive and escape with little to no cover between him and the killer.,burned professional sniper finds trapped glass penthouse lethal competitor must find way survive escape little cover killer
1207. Rouge,"In the 1950s, legendary high school basketball coach Lofton Greene led the recently racially integrated River Rouge High School Panthers to a record number of state championships in a league of otherwise segregated schools. Now, almost 70 years later, LaMonta Stone, a former Panther himself, has returned to the struggling industrial town of River Rouge, Michigan, to help the Panthers chase the school's 15th State Championship. In this coming of age story, Stone and four of his student-athletes, including Seniors Brent Darby Jr. and Ahmoni Weston, and junior Legend Geeter strive on their quest to fulfill generations worth of work on and off the court by preparing for their next chapter of life.",legendary high school basketball coach lofton greene led recently racially integrated river rouge high school panthers record number state championships league otherwise segregated schools almost years later lamonta stone former panther returned struggling industrial town river rouge michigan help panthers chase school th state championship coming age story stone four student athletes including seniors brent darby jr ahmoni weston junior legend geeter strive quest fulfill generations worth work court preparing next chapter life
1208. Z Zone,"A group of young delinquents, transferred to a remote military base for rehabilitation, find themselves caught in a web of secrets and battling sinister forces lurking in the shadows.",group young delinquents transferred remote military base rehabilitation find caught web secrets battling sinister forces lurking shadows
1209. Open Wide,John and Mike Mew's fringe orthodontic theories have found a passionate audience online-but now Mike must fight the establishment to keep his practice.,john mike mew fringe orthodontic theories found passionate audience online mike must fight establishment keep practice
1210. Prey,A young couple is compelled to leave their Christian missionary station in the Kalahari Desert after being threatened with death by an extremist militant gang. After crashing their aircraft they must battle man and beast for their lives.,young couple compelled leave christian missionary station kalahari desert threatened death extremist militant gang crashing aircraft must battle man beast lives
1211. Love You to Debt,"Follows Bo, a debt collector who starts to rethink everything after collecting a debt from a beautiful girl.",follows bo debt collector starts rethink everything collecting debt beautiful girl
1212. Yo no soy esa,"Susana fell into a coma in 1999. In 2024 she wakes up stuck in a grown woman's body but emotionally and psychologically still a teenager, trying to reconnect with a world where nothing is familiar to her.",susana fell coma wakes stuck grown woman body emotionally psychologically still teenager trying reconnect world nothing familiar
1213. Birds Flying East,"A garage attendant receives a proposal from a user, a birdwatcher enthusiast, to drive him in pursuit of a crane that has lost its way. They will cross half of Europe turning the search into a flight and the flight into learning.",garage attendant receives proposal user birdwatcher enthusiast drive pursuit crane lost way cross half europe turning search flight flight learning
1214. Buffalo Kids,"Two Irish orphans journey by train across America, encountering villains and heroes. They make an extraordinary friend and search for a new home, facing adventures and dangers along the way.",two irish orphans journey train across america encountering villains heroes make extraordinary friend search new home facing adventures dangers along way
1215. Waarom Wettelen,The death of Christine and the choice to bury her in Wettelen lead to the unraveling of unexpected family secrets on the journey to her final resting place.,death christine choice bury wettelen lead unraveling unexpected family secrets journey final resting place
1216. Christmas at Plumhill Manor,"Rising NYC architect Margot unexpectedly inherits an English manor. Embracing Christmas traditions abroad, she finds love and a sense of belonging that reshape her life.",rising nyc architect margot unexpectedly inherits english manor embracing christmas traditions abroad finds love sense belonging reshape life
1217. The Fishing Place,"A World War 2 drama that follows Anna who is captured by the Nazis and is released from captivity in exchange for taking on a mission: She will work for a German priest, to find out if he is involved in the Norwegian resistance movement.",world war drama follows anna captured nazis released captivity exchange taking mission work german priest find involved norwegian resistance movement
1218. The Shadow Scholars,Professor Kingori explores Kenya's essay mills supplying work for students globally. Thousands of educated but underemployed Kenyans earn from this billion-dollar industry undermining education's integrity.,professor kingori explores kenya essay mills supplying work students globally thousands educated underemployed kenyans earn billion dollar industry undermining education integrity
1219. Sailing Home,"Passionate about sailing, Jean-Paul passes a difficult pass. He accumulates debts and moves away from his own. Determined to take his life into his own hands, he enrolled in Virtual Regatta the virtual race of the Vendée Globe. He puts himself in the conditions of a real skipper by insulating himself for 3 months on his boat in his garden - This trip like no other, will allow him to reconnect with his family but above all with himself.",passionate sailing jean paul passes difficult pass accumulates debts moves away determined take life hands enrolled virtual regatta virtual race vend e globe puts conditions real skipper insulating months boat garden trip like allow reconnect family
1220. Freediver,"Chronicles Alexey Molchanov's daring attempt to set multiple freediving world records in 2023, paying tribute to his late mother while confronting adversity and testing the boundaries of human endurance in this extreme sport.",chronicles alexey molchanov daring attempt set multiple freediving world records paying tribute late mother confronting adversity testing boundaries human endurance extreme sport
1221. Al Leib Maa Al Eyal,"After being transferred to a school in a desert region, Allam, a history teacher, faces some unanticipated challenges.",transferred school desert region allam history teacher faces unanticipated challenges
1222. #UNTRUTH: The Psychology of Trumpism,"Mental health experts analyze disinformation, false narratives, and untruths in American media and culture. It examines how profit-driven enablers and power-seeking politicians create divisions threatening democracy.",mental health experts analyze disinformation false narratives untruths american media culture examines profit driven enablers power seeking politicians create divisions threatening democracy
1223. A Look Through His Lens,"Oscar-winning cinematographer Philippe Rousselot offers a master class in image making, with insightful examples from his work on Diva, Hope and Glory, A River Runs Through It, Dangerous Liaisons, Interview with the Vampire and many more in this cineaste's delight.",oscar winning cinematographer philippe rousselot offers master class image making insightful examples work diva hope glory river runs dangerous liaisons interview vampire many cineaste delight
1224. Chaplin: Spirit of the Tramp,"An intimate look at Charlie Chaplin's life, delving into his family ties and Romani heritage that inspired his iconic Tramp character.",intimate look charlie chaplin life delving family ties romani heritage inspired iconic tramp character
1225. Scream Before You Die,"A Woman is kidnapped, tortured and left for dead. The killers think they got away with it. They have no idea who or what is coming for them.",woman kidnapped tortured left dead killers think got away idea coming
1226. Badaa Saat Fi Yawman Ma,"In a framework of suspense and romance, the events of the work take place over a period of time not exceeding a few hours, through a group of characters who are linked and intertwined between people and are brought together by love.",framework suspense romance events work take place period time exceeding hours group characters linked intertwined people brought together love
1227. The Assistant 2,"When a young woman infiltrates a family who may help her learn more about her estranged twin sister, she transforms from a nanny to a monster.",young woman infiltrates family may help learn estranged twin sister transforms nanny monster
1228. The Opera! Arie per un'eclissi,Modern version of Orpheus and Eurydice.,modern version orpheus eurydice
1229. Slay Ride: The Movie,"It's Christmas eve and the Kris Kringle Killer is on the loose and looking for his twelfth and final victim of the season. Unfortunately for her, Holly Woods is the final name on his naughty list.",christmas eve kris kringle killer loose looking twelfth final victim season unfortunately holly woods final name naughty list
1230. Born Innocent: The Redd Kross Story,"From inventing Beach Punk to influencing the Grunge and Hair Metal movements, Redd Kross have maintained the highest level of musical integrity, originality and quality for over forty years.",inventing beach punk influencing grunge hair metal movements redd kross maintained highest level musical integrity originality quality forty years
1231. Faruk,"A filmmaker daughter documents the imminent demolition of her father Faruk's apartment building in Istanbul. Faruk, who is over 90, increasingly becomes the protagonist.",filmmaker daughter documents imminent demolition father faruk apartment building istanbul faruk increasingly becomes protagonist
1232. Salawahan,"Melaine can't get enough with the two men in her life. When a new man arrives, she gives in to temptation.",melaine get enough two men life new man arrives gives temptation
1233. Cash for Gold,"Struggling to save her home from foreclosure and stay sober after her military husband's death, Grace goes to work for her small town's only Muslim family and is forced to come face-to-face with the demons that threaten to pull her under.",struggling save home foreclosure stay sober military husband death grace goes work small town muslim family forced come face face demons threaten pull
1234. Cita,A sexually charged story about a young woman who secretly sleeps with her husband's son. The two form an alliance to kill her husband but fate has other plans for Cita.,sexually charged story young woman secretly sleeps husband son two form alliance kill husband fate plans cita
1235. The Sound of Hope,"A diplomat, a teacher, and a musician declare war on poverty, ignorance, and crime, using an unorthodox weapon: classical music education.",diplomat teacher musician declare war poverty ignorance crime using unorthodox weapon classical music education
1236. Animal Tales of Christmas Magic,"Immerse yourself in these modern, heartwarming tales where animals embark on enchanting journeys, from France to Japan via the Far North and its northern lights, to spread joy and generosity where the magic of Christmas knows no bounds.",immerse modern heartwarming tales animals embark enchanting journeys france japan via far north northern lights spread joy generosity magic christmas knows bounds
1237. Marianengraben,"Since her little brother Tim drowned in Trieste, Paula has lost the will to live. When she encounters old Helmut, a widower who wants to drive the ashes of his late wife to South Tyrol, she sees a way out - to go to Trieste and take her own life on Tim's birthday. But during the journey, an unexpected friendship develops with Helmut - and her lust for life is reborn.",since little brother tim drowned trieste paula lost live encounters old helmut widower wants drive ashes late wife south tyrol sees way go trieste take life tim birthday journey unexpected friendship develops helmut lust life reborn
1238. Strange Floor Plans - The Movie~,,nan
1239. .ask,"Chris Vander Kaay, a YouTuber in his mid-40s, takes a mysterious coach's advice to be brutally honest with his audience. His channel and life improve, but unforeseen darker consequences soon begin to unfold.",chris vander kaay youtuber mid takes mysterious coach advice brutally honest audience channel life improve unforeseen darker consequences soon begin unfold
1240. Night of the Zoopocalypse,A wolf and mountain lion team up when a meteor unleashes a virus turning zoo animals into zombies. They join forces with other survivors to rescue the zoo and stop the deranged mutant leader from spreading the virus.,wolf mountain lion team meteor unleashes virus turning zoo animals zombies join forces survivors rescue zoo stop deranged mutant leader spreading virus
1241. Documentary of Baby Assassins,A documentary following the making-of and production of Baby Assassins: Nice Days.,documentary following making production baby assassins nice days
1242. Woody Woodpecker Goes to Camp,"Woody Woodpecker must find a new home after being kicked out of the forest. At Camp Woo Hoo, he thinks he's found a forever home, but there's an inspector on the loose who wants to shut down the camp.",woody woodpecker must find new home kicked forest camp woo hoo thinks found forever home inspector loose wants shut camp
1243. The Satire,Broadcast journalist Shamal shocks the world when he reveals a dark secret,broadcast journalist shamal shocks world reveals dark secret
1244. Food for Profit,"The film exposes the links between Agrifood and politics. With a pool of international experts it analyses the many problems related to factory farming: water pollution, migrants exploitation, biodiversity loss and antibiotic resistance.",film exposes links agrifood politics pool international experts analyses many problems related factory farming water pollution migrants exploitation biodiversity loss antibiotic resistance
1245. Shinmai kisha torokko: Watashi ga yaraneba dare ga yaru!,"Elite Literary Club vs. Unauthorized Newspaper Club. At a prestigious high school, a rookie student reporter gets caught up in a spy game in this coming-of-age entertainment.",elite literary club vs unauthorized newspaper club prestigious high school rookie student reporter gets caught spy game coming age entertainment
1246. Catherine: 21st Century Princess,"From humble beginnings, this is the story of Catherine Middleton, from catching the eye of a Prince, to blossoming into a captivating modern Princess.",humble beginnings story catherine middleton catching eye prince blossoming captivating modern princess
1247. Cheaters,"Two strangers meet and have strong sexual connection with each other, only to find out that they're both in relationship with others. How can they sustain a relationship that started with sex and cheating?",two strangers meet strong sexual connection find relationship others sustain relationship started sex cheating
1248. The Lonely Ones,"When a young couple wake up one morning to discover the world outside their apartment has vanished, they must figure out a way to survive. But are they as alone as they think?",young couple wake one morning discover world outside apartment vanished must figure way survive alone think
1249. Operation Valentine,"Showcasing the indomitable spirits of the Indian Air Force heroes on the frontlines and the challenges they face during one of the biggest, fiercest aerial attacks that India has ever seen.",showcasing indomitable spirits indian air force heroes frontlines challenges face one biggest fiercest aerial attacks india ever seen
1250. Let Go,"Stella juggles demands of young son, moody teen daughter, and distant husband. Chaos ensues until a message prompts a family trip where she must overcome challenges to reunite them.",stella juggles demands young son moody teen daughter distant husband chaos ensues message prompts family trip must overcome challenges reunite
1251. Mai,"Restlessly haunted by the past, Mai is greeted by a new dawn when she reluctantly befriends the neighborhood ladies' man. But when her yesterday catches up to her today, what will become of her tomorrow?",restlessly haunted past mai greeted new dawn reluctantly befriends neighborhood ladies man yesterday catches today become tomorrow
1252. The Greatest of All Time,"Gandhi is a hostage negotiator, field agent, and spy working for the Special Anti-Terrorist Squad (SATS). After years of service, he is called back for a critical mission that sets him on a dangerous collision course with his own past.",gandhi hostage negotiator field agent spy working special anti terrorist squad sats years service called back critical mission sets dangerous collision course past
1253. Mafia Wars,An ex-con gets released early from prison only to be forced into an undercover unit of six men and on his first day the other five are all killed. Now he must face the men who he was tasked to spy on.,ex con gets released early prison forced undercover unit six men first day five killed must face men tasked spy
1254. A True Gentleman,It follows a gigolo as he falls in love with a young girl.,follows gigolo falls love young girl
1255. Bad Genius,A group of seniors of an entrepreneurial high school team up to take down a rigged college admissions system.,group seniors entrepreneurial high school team take rigged college admissions system
1256. Art of Love,"After learning that the art thief she has been chasing is her ex-lover, an officer working for Interpol concocts a plan to catch him red-handed.",learning art thief chasing ex lover officer working interpol concocts plan catch red handed
1257. First Nights at Freddy's,"Before the events of the original FNaF Musical, several stories come together to uncover Fazbear Entertainment's web of lies.",events original fnaf musical several stories come together uncover fazbear entertainment web lies
1258. Butchers Book Three: Bonesaw,"Three women find themselves being hunted by a vicious killer who slaughters people and hacks them up in his van, while a clever sheriff pieces together the clues he's leaving behind.",three women find hunted vicious killer slaughters people hacks van clever sheriff pieces together clues leaving behind
1259. Saving Bikini Bottom: The Sandy Cheeks Movie,"When Bikini Bottom is scooped from the ocean, scientific squirrel Sandy Cheeks and her pal SpongeBob SquarePants saddle up for Texas to save their town.",bikini bottom scooped ocean scientific squirrel sandy cheeks pal spongebob squarepants saddle texas save town
1260. Motel Destino,"Under the burning sky on a roadside on the coast of Ceará, Motel Destino is the scene of dangerous games of desire, power and violence. One night, the arrival of young Heraldo definitively transforms the daily life of the place.",burning sky roadside coast cear motel destino scene dangerous games desire power violence one night arrival young heraldo definitively transforms daily life place
1261. Max,"Inspector Arjun Mahakshay, law and order inspector reports to duty at a new police station after a 2 months suspension and faces an unexpected situation. Can Arjun save the day?",inspector arjun mahakshay law order inspector reports duty new police station months suspension faces unexpected situation arjun save day
1262. Stream,"The Keenan family's simple weekend getaway truly turns into a vacation to die for, as four deranged killers playing a sadistic game lock down their hotel and compete for the most creative murders of all the guests.",keenan family simple weekend getaway truly turns vacation die four deranged killers playing sadistic game lock hotel compete creative murders guests
1263. The Underdoggs,"Jaycen ""Two Js"" Jennings is a washed-up ex-professional football star who has hit rock bottom. When Jaycen is sentenced to community service coaching an unruly pee-wee football team, he sees it as an opportunity to turn his life around.",jaycen two js jennings washed ex professional football star hit rock bottom jaycen sentenced community service coaching unruly pee wee football team sees opportunity turn life around
1264. Hijack '93,"In an effort to dismantle their military-backed government, four men hijack an airplane, leveraging passengers on board in the name of social change.",effort dismantle military backed government four men hijack airplane leveraging passengers board name social change
1265. The Most Precious of Cargoes,"During a war that plagues everything around, a lumberjack's wife finds an abandoned baby girl. This meeting transforms the lives of the couple and those whose destinies intertwine with that of the child.",war plagues everything around lumberjack wife finds abandoned baby girl meeting transforms lives couple whose destinies intertwine child
1266. Finding Faith,"Victoria, a Christian advice columnist writing under the name Faith, begins to lose her faith after a series of life events. On her journey back to God, she also finds her way back to love.",victoria christian advice columnist writing name faith begins lose faith series life events journey back god also finds way back love
1267. Sebastian,"Max, a 25-year-old aspiring writer living in London, begins a double life as a sex worker in order to research his debut novel.",max year old aspiring writer living london begins double life sex worker order research debut novel
1268. The Tiger's Apprentice,"Tom Lee, a Chinese-American boy, after the death of his grandmother, has to be apprenticed to the talking tiger Mr. Hu and learn ancient magic to become the new guardian of an ancient phoenix.",tom lee chinese american boy death grandmother apprenticed talking tiger mr hu learn ancient magic become new guardian ancient phoenix
1269. Grave Torture,Telling about the punishment of the grave which occurred after a man was buried.,telling punishment grave occurred man buried
1270. Heavier Trip,"Impaled Rektum, a band, is in jail but must escape when the guitarist's father falls ill and their family home/business faces demolition. They receive an offer to play a major festival but decline due to being imprisoned and unprepared.",impaled rektum band jail must escape guitarist father falls ill family home business faces demolition receive offer play major festival decline due imprisoned unprepared
1271. Katas,"Carmina works as a maid in a mansion and soon learns about the dirty secret of their masters, Alex and Grace.",carmina works maid mansion soon learns dirty secret masters alex grace
1272. Les cadeaux,"The Stain family are in a frenzy of preparations. But between crazy ideas, clumsiness and family tensions, chaos invites itself to the party.",stain family frenzy preparations crazy ideas clumsiness family tensions chaos invites party
1273. Feminist Fathima,"A housewife in coastal Kerala sparks quiet rebellion after trying to replace a mattress, challenging patriarchy through small acts of resistance in her journey toward self-liberation.",housewife coastal kerala sparks quiet rebellion trying replace mattress challenging patriarchy small acts resistance journey toward self liberation
1274. Arthur's Whisky,Three elderly ladies drink an elixir that makes them young again and soon discover that youth isn't all it's cracked up to be.,three elderly ladies drink elixir makes young soon discover youth cracked
1275. A House on Fire,"Montse, divorced and with two children who have long since ignored her, has been preparing for a family reunion at her home on the Costa Brava. Nothing, absolutely nothing, will prevent her from enjoying one last weekend with her family.",montse divorced two children long since ignored preparing family reunion home costa brava nothing absolutely nothing prevent enjoying one last weekend family
1276. Bloody Mary,"Two witches' Blood Moon ritual requires a male sacrifice, but tonight's chosen one disrupts their plans. As they face unexpected dangers and personal demons, their bond proves more powerful than magic.",two witches blood moon ritual requires male sacrifice tonight chosen one disrupts plans face unexpected dangers personal demons bond proves powerful magic
1277. Wanted Man,"Follows a police officer who must retrieve an eyewitness and escort her after a cartel shooting leaves several DEA agents dead, but then he must decide who to trust when they discover that the attack was executed by American forces.",follows police officer must retrieve eyewitness escort cartel shooting leaves several dea agents dead must decide trust discover attack executed american forces
1278. Thayyal Machine,Police Officer Shiva and his family move into a rented house where they encounter a sewing machine with supernatural powers.,police officer shiva family move rented house encounter sewing machine supernatural powers
1279. Held Hostage in My House,A single mother becomes trapped inside her own vacation rental and must piece together clues from the various guests who have stayed there in order to figure out who assaulted her and hopefully survive.,single mother becomes trapped inside vacation rental must piece together clues various guests stayed order figure assaulted hopefully survive
1280. Autumn and the Black Jaguar,"After years in New York City, 14-year-old Autumn returns to the Amazon rainforest to save her childhood village and beloved jaguar friend.",years new york city year old autumn returns amazon rainforest save childhood village beloved jaguar friend
1281. The Calendar Killer,Klara is going to die today unless she kills her husband instead. The Calendar Killer has given her that impossible choice. When Jules starts his night shift at a safety helpline for lonely women on their way home Klara's call reaches him.,klara going die today unless kills husband instead calendar killer given impossible choice jules starts night shift safety helpline lonely women way home klara call reaches
1282. Why Do You?,"Love comes without asking. Often not to those, not so and not then. Can a genuine feeling survive when everything started wrong and the whole world is against it? Give up everything or give up? Burn or survive?",love comes without asking often genuine feeling survive everything started wrong whole world give everything give burn survive
1283. Dayo,A club dancer leaves everything and starts a new life in a place where nobody knows her. But it seems that desire and temptation follow her wherever she goes.,club dancer leaves everything starts new life place nobody knows seems desire temptation follow wherever goes
1284. Wanted: Girlfriend,Sheina Yu and Reina Castillo date a man who likes to have sex anytime and anywhere. See who can keep up with his strong sexual appetite and be his girlfriend.,sheina yu reina castillo date man likes sex anytime anywhere see keep strong sexual appetite girlfriend
1285. Guntur Kaaram,"Years after his mother abandons him and remarries, a man demands answers when he's asked to sign a document denying he is her son as she runs for office.",years mother abandons remarries man demands answers asked sign document denying son runs office
1286. Half Baked: Totally High,Three potheads sell a strain of magical weed to raise funds for their friend's funeral.,three potheads sell strain magical weed raise funds friend funeral
1287. Darkness of Man,"Interpol operative Russell Hatch witnesses the death of an informant when a seemingly routine raid goes wrong. Years later, he finds himself protecting the informant's son from a group of merciless gangs involved in an all-out turf war.",interpol operative russell hatch witnesses death informant seemingly routine raid goes wrong years later finds protecting informant son group merciless gangs involved turf war
1288. Salliyargal,"Set against the Tamil Eelam war backdrop, the story follows brave doctors working in an underground bunker, risking their lives to save both allies and enemies. As they battle danger, moral dilemmas, and relentless chaos with their valor.",set tamil eelam war backdrop story follows brave doctors working underground bunker risking lives save allies enemies battle danger moral dilemmas relentless chaos valor
1289. Inside,"Transferred from juvenile to adult prison, Mel is taken under the wing of both Shepard, Australia's most despised criminal, and Warren, a soon-to-be-paroled inmate. The paternal triangle that forms between them becomes their undoing.",transferred juvenile adult prison mel taken wing shepard australia despised criminal warren soon paroled inmate paternal triangle forms becomes undoing
1290. Uhaw,A wife learns that her husband who's in coma had an affair. She confronts the other woman but instead finds solace in her. She then realizes she's falling for her husband's mistress.,wife learns husband coma affair confronts woman instead finds solace realizes falling husband mistress
1291. You Can't Run Forever,A teenage girl suffering from anxiety due to a tragic event from her past finds herself hunted through the woods by a sociopath on a murderous rampage.,teenage girl suffering anxiety due tragic event past finds hunted woods sociopath murderous rampage
1292. Bhool Bhulaiyaa 3,"Ruhaan, a fraudster posing as an exorcist, takes on a lucrative case at a haunted castle, unraveling a sinister plot involving mischievous priests, culminating in a hilarious yet thrilling ride filled with unexpected twists and scares.",ruhaan fraudster posing exorcist takes lucrative case haunted castle unraveling sinister plot involving mischievous priests culminating hilarious yet thrilling ride filled unexpected twists scares
1293. Ride,"Three generations of bull riders fight to raise money to transfer the family's young daughter to a better cancer hospital. Set in Stephenville TX, Ride explores rodeo, addiction in the Heartland, and the cowboy's place in modern America.",three generations bull riders fight raise money transfer family young daughter better cancer hospital set stephenville tx ride explores rodeo addiction heartland cowboy place modern america
1294. Simp,A model gets kidnapped at a fake photo shoot. Based on true events.,model gets kidnapped fake photo shoot based true events
1295. Auron Mein Kahan Dum Tha,"After 20 years in prison, a man reunites with his lost love and the truth behind his crimes is revealed.",years prison man reunites lost love truth behind crimes revealed
1296. Pukpok,"Jennilyn, a hardworking secretary at a construction site hides a lot of dark secrets. When she seeks the help of the newest employee, her plans start to collapse.",jennilyn hardworking secretary construction site hides lot dark secrets seeks help newest employee plans start collapse
1297. First Taste,"Yuna, a woman engaged with her long time boyfriend, Nicco, starts to have second thoughts when she meets again her first love, Becca. Now she is torn between the man she loves and the woman she first loved.",yuna woman engaged long time boyfriend nicco starts second thoughts meets first love becca torn man loves woman first loved
1298. A Man Is Dead,"Pushed to the edge, a reclusive man takes vengeance on those that wronged him.",pushed edge reclusive man takes vengeance wronged
1299. Six Days,"A police officer who was unable to find the killer of a young girl 11 years earlier. When another child is kidnapped in the same way just days before the case is closed for good, he decides to reinvestigate the unresolved kidnapping.",police officer unable find killer young girl years earlier another child kidnapped way days case closed good decides reinvestigate unresolved kidnapping
1300. Chaperone,"Alienated by friends and family for her lack of ambition, 29-year-old Misha finds a dangerous acceptance in a bright 18-year-old athlete who mistakes her for a fellow student.",alienated friends family lack ambition year old misha finds dangerous acceptance bright year old athlete mistakes fellow student
1301. Gacy: Serial Killer Next Door,"A teenager's life in a quiet suburb changes drastically when John Wayne Gacy, a famed serial killer, becomes his neighbor. His curiosity leads to dark secrets and a frightening journey from innocence to a dire clash with evil.",teenager life quiet suburb changes drastically john wayne gacy famed serial killer becomes neighbor curiosity leads dark secrets frightening journey innocence dire clash evil
1302. BXL,,nan
1303. The Price of Money: A Largo Winch Adventure,"It follows Largo Winch, who is devastated by the kidnapping of his son. He realizes that if he finds those responsible for his bankruptcy, maybe he'll see his son again.",follows largo winch devastated kidnapping son realizes finds responsible bankruptcy maybe see son
1304. Dashmi,Dashmi sheds light on the sensitive issue of multiple rapes plaguing our society.,dashmi sheds light sensitive issue multiple rapes plaguing society
1305. A Legend,An archeologist noticed that the texture of the relics discovered during the excavation of a glacier closely resembled a jade pendant seen in one of his dreams. He and his team then embark on an expedition into the depths of the glacier.,archeologist noticed texture relics discovered excavation glacier closely resembled jade pendant seen one dreams team embark expedition depths glacier
1306. A Carpenter's Prayer,"The inspiring true story of a pastor and his family building a new church and a troubled carpenter who becomes their unlikely source of hope, proving that faith in God is the true path to redemption, even in the most tragic circumstances.",inspiring true story pastor family building new church troubled carpenter becomes unlikely source hope proving faith god true path redemption even tragic circumstances
1307. X Files,"In the world there are thousands of mysteries still unsolved, the problem is when these mysteries become our greatest fears of our life. These stories awaken our worst nightmares.",world thousands mysteries still unsolved problem mysteries become greatest fears life stories awaken worst nightmares
1308. Vadakkan,"A paranormal investigator based in Helsinki ventures to Kerala to probe a series of mysterious deaths during a reality TV show shoot and confronts an unspeakable entity from a Dravidian cult practice, lurking on a mysterious island.",paranormal investigator based helsinki ventures kerala probe series mysterious deaths reality tv show shoot confronts unspeakable entity dravidian cult practice lurking mysterious island
1309. The Family Star,"The highs and lows of family relationships in a Indian middle-class family. The life of Govardhan, who wants to achieve greatness in life but has to navigate through a myriad of relationship/trust/ego issues.",highs lows family relationships indian middle class family life govardhan wants achieve greatness life navigate myriad relationship trust ego issues
1310. Kabitan,"Alice, a depressed mistress, forms a deep emotional and sexual bond with Mika, her neighbor, who is also a mistress. Then, the inevitable happens, they fall for each other.",alice depressed mistress forms deep emotional sexual bond mika neighbor also mistress inevitable happens fall
1311. Laws of Man,"At the dawn of the Cold War, two U.S. marshals pursue a wanted murderer in the deserts of Nevada.",dawn cold war two u marshals pursue wanted murderer deserts nevada
1312. Kingsmen,"Richard King raised his 4 sons to be just like him and to take over the family business, but his sudden death has left the family searching to find out who and what could be the reason their family was torn apart.",richard king raised sons like take family business sudden death left family searching find could reason family torn apart
1313. Cinderella's Revenge,"Cinderella is pushed too far by her evil stepsisters and stepmother, which causes her to switch out her glass shoes and use the assistance of her Fairy Godmother to seek bloody vengeance.",cinderella pushed far evil stepsisters stepmother causes switch glass shoes use assistance fairy godmother seek bloody vengeance
1314. Hear Me: Our Summer,A hearing-impaired woman and a motorbike delivery man find connection despite communication barriers. They use metaphors of persevering water birds and trees to represent overcoming obstacles in romance and leading to further commitment.,hearing impaired woman motorbike delivery man find connection despite communication barriers use metaphors persevering water birds trees represent overcoming obstacles romance leading commitment
1315. Taboo: Family Secrets,"The infidelities by patriarch Lukas divide the family. His Son Tyler visit sparks a taboo relationship with his stepmother Amanda, forever altering the dynamics and loyalties after certain revelations.",infidelities patriarch lukas divide family son tyler visit sparks taboo relationship stepmother amanda forever altering dynamics loyalties certain revelations
1316. Dream Story,"High-society couple's marriage is tested when the husband discovers a secret erotic society and attends a masked ball, ignoring warnings of potential consequences, after his wife admits having fantasies about another man.",high society couple marriage tested husband discovers secret erotic society attends masked ball ignoring warnings potential consequences wife admits fantasies another man
1317. Kulong,"Three celibate friends seclude themselves at a resort to pen a steamy script for a competition, but struggle to write convincingly about intimacy they haven't experienced.",three celibate friends seclude resort pen steamy script competition struggle write convincingly intimacy experienced
1318. The Mouse Trap,"It's Alex's 21st Birthday, but she's stuck at the amusement arcade on a late shift so her friends decide to surprise her, but a masked killer dressed as Mickey Mouse decides to play a game of his own with them which she must survive.",alex st birthday stuck amusement arcade late shift friends decide surprise masked killer dressed mickey mouse decides play game must survive
1319. Treasure,"An American journalist travels to Poland with her Holocaust survivor father to visit the places of his childhood. However, he sabotages the trip by avoiding reliving his trauma.",american journalist travels poland holocaust survivor father visit places childhood however sabotages trip avoiding reliving trauma
1320. Black,"A young couple move into a serene row house, eager for peace and privacy. A violent storm and unsettling forces unravel their marriage. Vasanth must uncover the truth behind these supernatural occurrences before everything falls apart.",young couple move serene row house eager peace privacy violent storm unsettling forces unravel marriage vasanth must uncover truth behind supernatural occurrences everything falls apart
1321. Run Baby Run,A young woman has to run for her life.,young woman run life
1322. Dilig,"About to get married to an old, wealthy businessman, Resa enlists the help of gardener Otso to seduce her fiancé's daughter, Katelyn, and record his sexploits with her in order to get her disowned.",get married old wealthy businessman resa enlists help gardener otso seduce fianc daughter katelyn record sexploits order get disowned
1323. Nurse Abi,"When overworked graphic designer Roy faints, he wakes up to the beautiful Nurse Abi taking care of him. This starts Roy's fantasy of going out and sleeping with Nurse Abi. But can he turn this fantasy into a reality?",overworked graphic designer roy faints wakes beautiful nurse abi taking care starts roy fantasy going sleeping nurse abi turn fantasy reality
1324. The Red Virgin,"Hildegart Rodríguez, a precocious and prolific writer in Spain's 1930s, raised by her mother to become a model of future women.",hildegart rodr guez precocious prolific writer spain raised mother become model future women
1325. Hitpig,A bounty hunter pig finds himself trekking the globe with a free-spirited elephant he intended to capture.,bounty hunter pig finds trekking globe free spirited elephant intended capture
1326. Chandu Champion,A man who faced one adversary after another with an undying spirit. His unwavering zeal and never give up attitude led to India's first individual gold medal in any form of the Olympics.,man faced one adversary another undying spirit unwavering zeal never give attitude led india first individual gold medal form olympics
1327. Succubus,A group of young people arrives to a remote village where they encounter an ancient spirit - a succubus - that can take human disguise. It feeds on one's deepest fears and brings out the darkest side in people.,group young people arrives remote village encounter ancient spirit succubus take human disguise feeds one deepest fears brings darkest side people
1328. Magic,Four teenagers come together to compose an original song for their upcoming college fest.,four teenagers come together compose original song upcoming college fest
1329. Special Needs Revolt!,"In a future dystopia, a man with Down syndrome joins a rebellion against America's cruel dictator who has put all people with disabilities back into institutions.",future dystopia man syndrome joins rebellion america cruel dictator put people disabilities back institutions
1330. Haydi Tut Elimi,,nan
1331. The Clean Up Crew,"When a crime scene cleanup crew discovers a briefcase full of money, they are unwittingly sent into a battle with a ruthless and corrupt crime boss, mobsters, hitmen, and corrupt government agents who are hell-bent on getting it back.",crime scene cleanup crew discovers briefcase full money unwittingly sent battle ruthless corrupt crime boss mobsters hitmen corrupt government agents hell bent getting back
1332. Universal Language,An absurdist triptych of seemingly unconnected stories finds a mysterious point of intersection in this tale set somewhere between Winnipeg and Tehran.,absurdist triptych seemingly unconnected stories finds mysterious point intersection tale set somewhere winnipeg tehran
1333. Ayalaan,"A lost alien seeks help to go back to his home, but everything gets harder after the alien returns to its home.",lost alien seeks help go back home everything gets harder alien returns home
1334. Binny and Family,Rebellious teenage Binny and her conservative grandfather from Bihar connect after a dramatic incident. Can the contrasting personalities bridge generational gaps and impact each other's lives?,rebellious teenage binny conservative grandfather bihar connect dramatic incident contrasting personalities bridge generational gaps impact lives
1335. Lover,"Arun and Divya's six-year relationship starts unraveling as they drift apart, raising the question of whether love can withstand such differences.",arun divya six year relationship starts unraveling drift apart raising question whether love withstand differences
1336. Indian 2,"Senapathy, an ex-freedom fighter turned vigilante who fights against corruption. Senapathy returns to the country to aid a young man who has been exposing corrupt politicians in the country through videos on the internet.",senapathy ex freedom fighter turned vigilante fights corruption senapathy returns country aid young man exposing corrupt politicians country videos internet
1337. Bau: Artist at War,"The inspiring love story of Joseph Bau, artist, forger, holocaust survivor. Using his artistic skills, humor and hope in the camps, Joseph stays alive and helps hundreds to escape. Miraculously, he finds love in the midst of despair.",inspiring love story joseph bau artist forger holocaust survivor using artistic skills humor hope camps joseph stays alive helps hundreds escape miraculously finds love midst despair
1338. Kill Em All 2,Phillip comes face to face with a Russian-French terrorist who comes exact vengeance on him for killing his brother.,phillip comes face face russian french terrorist comes exact vengeance killing brother
1339. Unpredictable,"A modern thriller filled with intense sexual tension. Betrayal, jealousy, revenge and lies. A plot full of tension and twists of events.",modern thriller filled intense sexual tension betrayal jealousy revenge lies plot full tension twists events
1340. McVeigh,Army veteran Timothy McVeigh hatches a deadly plan after the Waco siege. A psychological thriller depicting the deadliest act of domestic terrorism in U.S. history.,army veteran timothy mcveigh hatches deadly plan waco siege psychological thriller depicting deadliest act domestic terrorism u history
1341. Nuked,"A group of friends gets together for a cannabis-infused, technology free, dinner party only to learn a bomb is headed right for them.",group friends gets together cannabis infused technology free dinner party learn bomb headed right
1342. Golden Kamuy,"In the early 20th century in Hokkaido, Japan, a treasure hunt between various parties takes place for a hidden stash of gold.",early th century hokkaido japan treasure hunt various parties takes place hidden stash gold
1343. Murder Mubarak,"During a murder investigation, a non-traditional police officer turns a spotlight on an array of suspects. He steps into their world as an outsider, only to find there is so much more than what meets the eye.",murder investigation non traditional police officer turns spotlight array suspects steps world outsider find much meets eye
1344. The Supremes at Earl's All-You-Can-Eat,"Lifelong friends, three women share an unbreakable bond after decades of weathering life's storms. Now, through new heartbreaks, the trio is put to the test as they face one of their most challenging moments.",lifelong friends three women share unbreakable bond decades weathering life storms new heartbreaks trio put test face one challenging moments
1345. Agent Recon,"Alastair, the captain of a covert Earth security force, calls in super-powered rookie Jim to join a mission led by Colonel Green and his skilled Marines to track down a mysterious energy disturbance at a base in New Mexico.",alastair captain covert earth security force calls super powered rookie jim join mission led colonel green skilled marines track mysterious energy disturbance base new mexico
1346. Sunshine,"It follows a young gymnast who discovers she is pregnant on the week of the national team tryouts. On her way to a seller of illegal abortion drugs, she meets a mysterious girl who eerily talks and thinks like her.",follows young gymnast discovers pregnant week national team tryouts way seller illegal abortion drugs meets mysterious girl eerily talks thinks like
1347. Naomi: Reversed,"A teacher named Naomi takes in Yuzuru, a younger man she found alone. While caring for him like a stray cat, she falls for him despite his wild nature. She questions her choice but has no one to confide in.",teacher named naomi takes yuzuru younger man found alone caring like stray cat falls despite wild nature questions choice one confide
1348. Faith of Angels,A stranger receives mysterious callings compelling him to search for a boy lost in an abandoned mine.,stranger receives mysterious callings compelling search boy lost abandoned mine
1349. Mud Key,"A lefty lesbian couple and their lapdog accidentally beach their boat on a tiny remote Florida Key, crashing a right wing couple's campsite, and all must wait for the tide to come back in for them to get out.",lefty lesbian couple lapdog accidentally beach boat tiny remote florida key crashing right wing couple campsite must wait tide come back get
1350. Do Not Enter,"Two friends, aspiring YouTubers, trespass where they shouldn't. Their adventure takes a terrifying turn as they confront an unimaginable horror.",two friends aspiring youtubers trespass adventure takes terrifying turn confront unimaginable horror
1351. Karma,"Stranded in a remote graveyard, special investigation officer Amar Patnaik uncovers chilling secrets, only to realise he's caught in a gripping tale of Karma and Fate",stranded remote graveyard special investigation officer amar patnaik uncovers chilling secrets realise caught gripping tale karma fate
1352. Kabit,"Laura accepts the role in this play to rebel against her mother. The director pushes her to bring out her vulnerability and anger, hoping they will show these emotions on stage.",laura accepts role play rebel mother director pushes bring vulnerability anger hoping show emotions stage
1353. The Nut Farm,A cryptocurrency trader from San Francisco takes over his missing uncle's macadamia nut farm in the Australian town of Cobweb but he soon realizes the offer comes with conditions.,cryptocurrency trader san francisco takes missing uncle macadamia nut farm australian town cobweb soon realizes offer comes conditions
1354. Beware the Boogeyman,"For her first day of orientation, Dr. Tristian Mackenzie makes her way to the Silverdale Psychiatric Hospital for the criminally insane, where she learns of the strange series of cases from the similarly strange Dr. Moon.",first day orientation dr tristian mackenzie makes way silverdale psychiatric hospital criminally insane learns strange series cases similarly strange dr moon
1355. Thiru.Manickam,"A man who is getting chased by everyone for doing good, yet he overcomes opposition. Among everyone who is trying to survive, this man wants to live. Shows how Manikkam becomes Thiru Manikkam",man getting chased everyone good yet overcomes opposition among everyone trying survive man wants live shows manikkam becomes thiru manikkam
1356. Cinderella's Curse,"Based on the same folktale that Disney updated and popularized for children, back in the 1950s.",based folktale disney updated popularized children back
1357. Death Whisperer 2,"In a world shrouded by darkness, a relentless force seeks retribution, undeterred by boundaries or morality",world shrouded darkness relentless force seeks retribution undeterred boundaries morality
1358. Crescent City,"A small town in the south is ravaged by a serial killer, with everyone being a suspect including the police.",small town south ravaged serial killer everyone suspect including police
1359. Parallel,"Follows the journey of Vanessa, a grief-stricken woman who mysteriously finds herself navigating between parallel spaces.",follows journey vanessa grief stricken woman mysteriously finds navigating parallel spaces
1360. Doin' It,An Indian-American virgin gets a job teaching high school sex ed.,indian american virgin gets job teaching high school sex ed
1361. Despatch,"News going digital, veteran crime journalist Joy fights irrelevance. Seeking major scoop and personal redemption, he pursues a perilous investigation into Mumbai's underbelly, unearthing dark secrets.",news going digital veteran crime journalist joy fights irrelevance seeking major scoop personal redemption pursues perilous investigation mumbai underbelly unearthing dark secrets
1362. Obraz,A hunted child will find refuge in the house of the enemy. The host faces a terrible choice: save the child's life or risk losing his own family.,hunted child find refuge house enemy host faces terrible choice save child life risk losing family
1363. Z-Mom,"A woman's family trip to a private island turns into a zombie outbreak. Her loved ones become infected, but she survives. Determined to save her family and others, she chooses to combat the zombie pandemic rather than join them.",woman family trip private island turns zombie outbreak loved ones become infected survives determined save family others chooses combat zombie pandemic rather join
1364. Shambhala,"In a Himalayan polyandrous village, pregnant PEMA faces scrutiny as her husband vanishes. With her monk brother-in-law, her de facto spouse, she seeks him in the wild, unraveling her own self-discovery along the journey",himalayan polyandrous village pregnant pema faces scrutiny husband vanishes monk brother law de facto spouse seeks wild unraveling self discovery along journey
1365. Dominique,"Trained assassin Dominique, escaping her troubled past, crash lands her plane in a Colombian town rife with violence. Sheltered by a family, she faces attacks from police and must choose between self-preservation or defending her hosts.",trained assassin dominique escaping troubled past crash lands plane colombian town rife violence sheltered family faces attacks police must choose self preservation defending hosts
1366. Whisper of the Witch,"Mara, an ancient pagan spirit, hunts a group of teenagers taking their body parts to be reborn. A disillusioned and desperate investigator has to face his deepest fears to save the teenagers.",mara ancient pagan spirit hunts group teenagers taking body parts reborn disillusioned desperate investigator face deepest fears save teenagers
1367. Swimming Home,"An adaptation of cult author Deborah Levy's unique and provocative novel about love, loss and longing. A woman invites a naked stranger found floating in the pool of her family holiday villa to help her set those she loves free.",adaptation cult author deborah levy unique provocative novel love loss longing woman invites naked stranger found floating pool family holiday villa help set loves free
1368. Mura,"Four friends from a humble background plan a heist, but past secrets and hidden motives emerge, testing their loyalties. As ambition collides with friendship, they face tough choices in their quest for revenge.",four friends humble background plan heist past secrets hidden motives emerge testing loyalties ambition collides friendship face tough choices quest revenge
1369. Khel Khel Mein,Revolves around a group of friends who gather for a dinner and end up revealing secrets about each other.,revolves around group friends gather dinner end revealing secrets
1370. The Proud Princess,"Time has come for young and handsome King Benjamin to marry. He is captivated by Princess Carolina's portrait, and disguised as a gardener, he infiltrates her castle to win her heart after she rejects him.",time come young handsome king benjamin marry captivated princess carolina portrait disguised gardener infiltrates castle win heart rejects
1371. Mama's Boy,"A controversial affair unfolds when a young man, Glen, manipulates his stepmother, Lorraine and her sister, Leilanie, to fall for him to exact revenge on his father, Mauro. But there is twist and Glen is in for life-shattering shock.",controversial affair unfolds young man glen manipulates stepmother lorraine sister leilanie fall exact revenge father mauro twist glen life shattering shock
1372. Maldoror,"Two girls vanish. Police recruit Paul Chartier joins a covert unit tracking a sex offender. After the operation falters, Chartier pursues the perpetrators independently, disillusioned with legal constraints.",two girls vanish police recruit paul chartier joins covert unit tracking sex offender operation falters chartier pursues perpetrators independently disillusioned legal constraints
1373. Swap,A young couple is lured into the clutches of a bloodthirsty 500-year-old vampire; the exotic stranger tries to persuade them to swap partners and join his kind.,young couple lured clutches bloodthirsty year old vampire exotic stranger tries persuade swap partners join kind
1374. Krista,"Krista is happy with the simple life she's living with the husband she loves very much. But her ambitious husband ends up losing big at cockfighting, forcing him to commit a crime, and leading Krista to use her body to save him.",krista happy simple life living husband loves much ambitious husband ends losing big cockfighting forcing commit crime leading krista use body save
1375. Bogieville,A young couple on the run come across a derelict trailer park 'Bogieville'.,young couple run come across derelict trailer park bogieville
1376. Hauntology,"An older sister takes her fearless runaway sibling on a road trip, to share the most chilling tales surrounding their hometown.",older sister takes fearless runaway sibling road trip share chilling tales surrounding hometown
1377. Late Bloomer,"When Therese learns that her days are numbered, she seeks the help of her friend Maddie to find guys to have sex with, but she soon discovers her real sexual cravings.",therese learns days numbered seeks help friend maddie find guys sex soon discovers real sexual cravings
1378. Shirley,Shirley Chisholm makes a trailblazing run for the 1972 Democratic presidential nomination after becoming the first Black woman elected to Congress.,shirley chisholm makes trailblazing run democratic presidential nomination becoming first black woman elected congress
1379. Restless,"A middle-aged empty nester's mundane life is upended when raucous new neighbors move in next door, unleashing potential danger and disruption.",middle aged empty nester mundane life upended raucous new neighbors move next door unleashing potential danger disruption
1380. Here After,"Claire is overjoyed when her daughter Robin is miraculously revived after a fatal accident. But her relief turns to dread as Claire notices changes in her daughter, suspecting something dark has followed her back from the brink of death.",claire overjoyed daughter robin miraculously revived fatal accident relief turns dread claire notices changes daughter suspecting something dark followed back brink death
1381. Triangle,"A happily married couple visited by an old friend, who ends up stirring the pot by becoming sexually involved with both the husband and the wife.",happily married couple visited old friend ends stirring pot becoming sexually involved husband wife
1382. Revolver,"An ex-police officer embarks on a single-minded goal upon leaving jail, after serving a sentence for crimes committed under dubious circumstances.",ex police officer embarks single minded goal upon leaving jail serving sentence crimes committed dubious circumstances
1383. Becoming Madonna,"Madonna's rise to fame from 1978 to 1992, exploring her personal life, controversies, and the challenges she faced during that period.",madonna rise fame exploring personal life controversies challenges faced period
1384. How to Make Gravy,"A feature film adaptation of Australian music legend Paul Kelly's classic song, 'How to Make Gravy'.",feature film adaptation australian music legend paul kelly classic song make gravy
1385. Hagen,"A reinterpretation of the Nibelungen saga centering on Hagen von Tronje, a Viking who allies himself with the ancient gods and takes up arms against an unscrupulous ruler.",reinterpretation nibelungen saga centering hagen von tronje viking allies ancient gods takes arms unscrupulous ruler
1386. Huwad,"When Romina learns that her husband has been cheating on her, she turns to the town's folk healer for help and obtains a love potion. But it seems the potion is working on everyone except her husband.",romina learns husband cheating turns town folk healer help obtains love potion seems potion working everyone except husband
1387. Mother Mara,"Mara's life is disrupted by the sudden death of her only son. Through a relationship with a younger man, she tries to face the loss and find a way to move on.",mara life disrupted sudden death son relationship younger man tries face loss find way move
1388. CTRL,"Nella and Joe are the perfect influencer couple, but when he cheats on her, she turns to an AI app to erase him from her life - until it takes control.",nella joe perfect influencer couple cheats turns ai app erase life takes control
1389. Hanu Man,An imaginary place called Anjanadri where the protagonist gets the powers of Hanuman and fights for Anjanadri.,imaginary place called anjanadri protagonist gets powers hanuman fights anjanadri
1390. Cement Shoes,"At a desert motel, delusional gangster Luigi and wife Holly evade bodyguards to celebrate their anniversary, but secrets unfold in a darkly comedic caper inspired by classic cinema.",desert motel delusional gangster luigi wife holly evade bodyguards celebrate anniversary secrets unfold darkly comedic caper inspired classic cinema
1391. Off the Record,"LA musician Astor Grey seems to have it all - true love, a big break, and a hot rock star boyfriend - but in the cutthroat music industry, success and love come at a cost, and nothing is as perfect as it seems.",la musician astor grey seems true love big break hot rock star boyfriend cutthroat music industry success love come cost nothing perfect seems
1392. Body of Water,"A cop returns to duty after being acquitted. He encounters Kevin, whose life derailed after a police incident. Their paths cross, making Austin understand that actions have consequences.",cop returns duty acquitted encounters kevin whose life derailed police incident paths cross making austin understand actions consequences
1393. Siren,"An ambulance driver turned criminal eagerly awaits his release from prison, but it takes 14 years.",ambulance driver turned criminal eagerly awaits release prison takes years
1394. The Intruder,"A young, paranoid man begins to believe someone is breaking into his house every night.",young paranoid man begins believe someone breaking house every night
1395. The Painted,"A 1960s suburban family's plans are interrupted when they're called to a deceased relative's estate, where they begin to unravel the secrets that haunt the premises-strange occurrences, archaic rituals, and sinister paintings on the walls.",suburban family plans interrupted called deceased relative estate begin unravel secrets haunt premises strange occurrences archaic rituals sinister paintings walls
1396. Rent Free,"After hitting emotional and financial rock bottom, best friends Ben and Jordan come up with a scheme to spend an entire year living ""rent free"" with the help of friends, family and strangers alike in a rapidly changing Austin.",hitting emotional financial rock bottom best friends ben jordan come scheme spend entire year living rent free help friends family strangers alike rapidly changing austin
1397. N'avoue jamais,"A former French general married for 50 years learns that his wife cheated on him 4 decades ago. He is resolved to avenge his honor and, surrounded by his wife and their 3 children, he goes hunting for the culprit on the Côte-d'Azur.",former french general married years learns wife cheated decades ago resolved avenge honor surrounded wife children goes hunting culprit c te azur
1398. Bystanders,A group of murderous frat boys get more than they bargained for when they cross paths with a couple coming home from a wedding.,group murderous frat boys get bargained cross paths couple coming home wedding
1399. Vegan,"A vegan social media influencer goes on a quest to document the search for her biological parents. Her search leads her to a defunct, secluded farm where she encounters The Farmer, and her worst nightmares become reality.",vegan social media influencer goes quest document search biological parents search leads defunct secluded farm encounters farmer worst nightmares become reality
1400. Saripodhaa Sanivaaram,"In order to defend the innocent from a corrupt and brutal cop, a vigilante hero must work around his own self-imposed code of honor.",order defend innocent corrupt brutal cop vigilante hero must work around self imposed code honor
1401. Lie Zhan,"The story is about a powerful drug-lord in southeast Asia, and the good guys have to save their loved ones under the threat of the Drug business conspiracy.",story powerful drug lord southeast asia good guys save loved ones threat drug business conspiracy
1402. Mutants of Nature Cove,"Party girls take shy Beth to nude beach with secluded Mutants causing hallucinations. Mysterious woman chants spells, Mutants attack. Beth plans to send soul-stealing Mutants back to hell permanently.",party girls take shy beth nude beach secluded mutants causing hallucinations mysterious woman chants spells mutants attack beth plans send soul stealing mutants back hell permanently
1403. DarkGame,"A determined detective is in a race against time to stop a twisted game show on the dark web, where captives are forced to compete for their lives.",determined detective race time stop twisted game show dark web captives forced compete lives
1404. 72 Hours,"Two brothers, one an FBI agent and the other an international money launderer, put aside their differences and band together to save their family by going after a perilous extraction deep in kingpin territory.",two brothers one fbi agent international money launderer put aside differences band together save family going perilous extraction deep kingpin territory
1405. The Christmas Letter,"Every year, unemployed copywriter Joe Michaels reads his wealthy friend's annual over-the-top Christmas letter, and feels like a loser. But this year's going to be different.",every year unemployed copywriter joe michaels reads wealthy friend annual top christmas letter feels like loser year going different
1406. Manamey,"A charismatic playboy's life is upended when a young boy enters his world, initially causing chaos but gradually becoming an integral part, exploring themes of love, family, and growth.",charismatic playboy life upended young boy enters world initially causing chaos gradually becoming integral part exploring themes love family growth
1407. Angammal,"In a Tamil Nadu village, a man struggles to accept his blouseless mother's traditional attire, leading to complications before his in-laws' visit",tamil nadu village man struggles accept blouseless mother traditional attire leading complications laws visit
1408. Turbo,"Jose, a jeep driver from Idukki gets in trouble and is forced to relocate to Chennai where he gets entangled with Indhu and his best friend, Jerry. A bunch of surprises in the form of Vetrivel and others await Jose in Chennai.",jose jeep driver idukki gets trouble forced relocate chennai gets entangled indhu best friend jerry bunch surprises form vetrivel others await jose chennai
1409. Altered Reality,"Oliver's life transforms when gifted a not-yet-existing miracle drug. Riches, unscrupulous pacts, and morphing of past and present create this 'Altered Reality, ' a gripping tale of redemption and choices.",oliver life transforms gifted yet existing miracle drug riches unscrupulous pacts morphing past present create altered reality gripping tale redemption choices
1410. Heart of the Hunter,A retired assassin is pulled back into action when his friend uncovers a dangerous conspiracy at the heart of the South African government.,retired assassin pulled back action friend uncovers dangerous conspiracy heart south african government
1411. Freedom,"Inspired by real events, the story of Bruno Sulak, a true Arsène Lupin of the 20th century.",inspired real events story bruno sulak true ars ne lupin th century
1412. Música,"A coming-of-age love story that follows an aspiring creator with synesthesia, who must come to terms with an uncertain future, while navigating the pressures of love, family, and his Brazilian culture in Newark, New Jersey.",coming age love story follows aspiring creator synesthesia must come terms uncertain future navigating pressures love family brazilian culture newark new jersey
1413. My Name Is Loh Kiwan,"After defecting from North Korea, Loh Kiwan struggles to obtain refugee status in Belgium, where he encounters a dejected woman who has lost all hope.",defecting north korea loh kiwan struggles obtain refugee status belgium encounters dejected woman lost hope
1414. 5lbs of Pressure,"Trying to start over, Adam searches for redemption as he returns to his old neighborhood to put to rest his demons while the brother of the man he killed seeks revenge.",trying start adam searches redemption returns old neighborhood put rest demons brother man killed seeks revenge
1415. Butas,Witness how lives of four young people who have various sexual quirks and inhibitions intertwine as they live together in a snug boarding house.,witness lives four young people various sexual quirks inhibitions intertwine live together snug boarding house
1416. My Husband Hired a Hitman,"When a greedy husband seeks a hitman to murder his wife and get her money, she will stop at nothing to fight back and seek revenge.",greedy husband seeks hitman murder wife get money stop nothing fight back seek revenge
1417. Cocorico,"The daughter of the Bouvier-Sauvage family of aristocrats is in love with the son of a Peugeot dealer. When the children announce their marriage, the aristocratic family does not agree.",daughter bouvier sauvage family aristocrats love son peugeot dealer children announce marriage aristocratic family agree
1418. Jimmy and Stiggs,"A perfect storm of lousy news sees out-of-work filmmaker Jimmy Lang spiral into a bender, during which he claims to have been abducted by aliens, and fearing their return, he contacts his old friend Stiggs to help him gear up for war.",perfect storm lousy news sees work filmmaker jimmy lang spiral bender claims abducted aliens fearing return contacts old friend stiggs help gear war
1419. Moon Maidens 2,"Amazons from the planet Byphrexia invade Earth, encountering human males. Rivals Diana and Athena navigate challenges and media frenzy while attempting to reunite before returning home. Will they succeed or become Earth celebrities?",amazons planet byphrexia invade earth encountering human males rivals diana athena navigate challenges media frenzy attempting reunite returning home succeed become earth celebrities
1420. Animale,"Camargue, France - Nejma trains hard to win the local bullfighting competition. When she is mauled after a celebration, she starts to notice disturbing changes. News of a rogue bull on the loose terrifies the community, killing young men.",camargue france nejma trains hard win local bullfighting competition mauled celebration starts notice disturbing changes news rogue bull loose terrifies community killing young men
1421. Baligtaran,"Kat a beautiful DJ who immediately catches the eye of pansexual woman Denise. But while Kat falls for Denise, she's just one of the many partners of Denise. Will Kat learn to be okay with their set-up or will Denise change her way for Kat?",kat beautiful dj immediately catches eye pansexual woman denise kat falls denise one many partners denise kat learn okay set denise change way kat
1422. Sentinel,"Years after an alien invasion, three heroes decide to time travel to save the survivors but they don't know that the Sentinel is waiting for them.",years alien invasion three heroes decide time travel save survivors know sentinel waiting
1423. Pantasya ni Tami,"A-Lister Azi Acosta approaches the sexier side of cosplaying. Tami, with the help of her fubu photographer, Ken, sells sexy photos of herself.",lister azi acosta approaches sexier side cosplaying tami help fubu photographer ken sells sexy photos
1424. The Twisters,"Dozens of deadly tornadoes converge in the Midwest, merging into a mega twister set to obliterate everything for hundreds of miles.",dozens deadly tornadoes converge midwest merging mega twister set obliterate everything hundreds miles
1425. Disaster Holiday,"Dad promises an exotic vacation but mistakenly books Durban instead of Zanzibar. Chaos ensues as the family's dream trip spirals into hilarity, while dad scrambles to secure a promotion.",dad promises exotic vacation mistakenly books durban instead zanzibar chaos ensues family dream trip spirals hilarity dad scrambles secure promotion
1426. Csendes éj,The accidental encounter of a young man and an old woman on a sinister Christmas Eve. The seemingly hopeless night brings a new boy to the old woman and a mother to the young guy. To replace their tragic predecessors.,accidental encounter young man old woman sinister christmas eve seemingly hopeless night brings new boy old woman mother young guy replace tragic predecessors
1427. Cells at Work!,"Each and every body is a legion of cells, all performing their function to keep their owner operating.",every body legion cells performing function keep owner operating
1428. El molino,A young engineer returns to her hometown of 12 inhabitants for an important project that coincides with the annual event in the valley.,young engineer returns hometown inhabitants important project coincides annual event valley
1429. Harry Potter and the Stone,"Harry Potter, an eleven-year-old orphan, discovers that he is a wizard and is invited to study at Hogwarts. Even as he escapes a dreary life and enters a world of magic, he finds trouble awaiting him.",harry potter eleven year old orphan discovers wizard invited study hogwarts even escapes dreary life enters world magic finds trouble awaiting
1430. Graduate with First Class,"Amit navigates love amidst Maya's influence and Niharika's genuine affection, facing choices that shape his fate, unraveling a tale of redemption and tragedy.",amit navigates love amidst maya influence niharika genuine affection facing choices shape fate unraveling tale redemption tragedy
1431. Takas,"Best friends, Angel and Lexi, run away after committing a crime. Their seemingly quiet life becomes messy when a new man enters the picture.",best friends angel lexi run away committing crime seemingly quiet life becomes messy new man enters picture
1432. Kalinga,"A protagonist encounters terrifying events, uncovering a sinister mystery lurking beneath the surface.",protagonist encounters terrifying events uncovering sinister mystery lurking beneath surface
1433. Bade Miyan Chote Miyan,Two elite soldiers with troubled pasts are enlisted for a daring mission when a deadly masked villain threatens India's defenses.,two elite soldiers troubled pasts enlisted daring mission deadly masked villain threatens india defenses
1434. A Sacrifice,"Ben, a writer and social psychologist, moves to Berlin to study cults. His daughter Mazzy falls for a boy with dark intentions. Things turn terrifying when a dangerous cult threatens their lives.",ben writer social psychologist moves berlin study cults daughter mazzy falls boy dark intentions things turn terrifying dangerous cult threatens lives
1435. Vina: Before 7 Days,"Vina, a victim of a motorbike gang's atrocities in Cirebon, refuses to accept her death being labeled an accident. Her spirit intervenes within the seven days preceding the incident to reveal the truth behind what really happened.",vina victim motorbike gang atrocities cirebon refuses accept death labeled accident spirit intervenes within seven days preceding incident reveal truth behind really happened
1436. Hard Home,"A mother who is deeply saddened lures her daughter's killer into her smart home in order to take revenge, and gets involved in a distorted game where life and death are at stake.",mother deeply saddened lures daughter killer smart home order take revenge gets involved distorted game life death stake
1437. Mr. Crocket,A mother embarks on a perilous quest to rescue her son from a demonic children's show host who is kidnapping kids.,mother embarks perilous quest rescue son demonic children show host kidnapping kids
1438. Out Come the Wolves,"At a cabin deep in the wilderness, a weekend of hunting turns to mayhem and a fight for survival when a pack of wolves attack a man, his female best friend and her fiance.",cabin deep wilderness weekend hunting turns mayhem fight survival pack wolves attack man female best friend fiance
1439. Kalikot,"Sal, a professor, moves near an auto shop. Arnel, a repairman, is attracted to her after she brings her car for repair. Their relationship develops, but they face challenges navigating it while Arnel works at the shop.",sal professor moves near auto shop arnel repairman attracted brings car repair relationship develops face challenges navigating arnel works shop
1440. Sunray: Fallen Soldier,"A war veteran calls on friends from his past to hunt down those responsible for the death of his daughter. Along the way, he learns more about himself than he anticipated as a violent crime syndicate unravels in his wake.",war veteran calls friends past hunt responsible death daughter along way learns anticipated violent crime syndicate unravels wake
1441. Pin/Ya,,nan
1442. Vulgar,"Angelika's seemingly perfect life conceals a lack of fulfillment. While arranging her best friend's wedding, she meets Simon, her friend's daring and passionate brother who challenges Angelika's deeply held principles and life beliefs.",angelika seemingly perfect life conceals lack fulfillment arranging best friend wedding meets simon friend daring passionate brother challenges angelika deeply held principles life beliefs
1443. Clear Cut,A team of loggers discover a meth cook site in the middle of the forest and are forced to fight for their lives while being hunted by a drug cartel.,team loggers discover meth cook site middle forest forced fight lives hunted drug cartel
1444. Dead Wrong,A narcissist concocts a get-rich-quick scheme that ignites a violent chain reaction and overwhelms the lives of those around him.,narcissist concocts get rich quick scheme ignites violent chain reaction overwhelms lives around
1445. Vettaiyan,Ruthless criminal activity is met with force from a maverick police officer with a disregard for the rules as he confronts an outbreak of lawlessness.,ruthless criminal activity met force maverick police officer disregard rules confronts outbreak lawlessness
1446. Janaka Aithe Ganaka,"A young married man rejects parenthood, calculating costs for a child's upbringing. He determines his income insufficient for education, quality of life, and other expenses, leading to his decision against having children at that time.",young married man rejects parenthood calculating costs child upbringing determines income insufficient education quality life expenses leading decision children time
1447. What Lurks Beneath,"The crew of USS Titan find themselves on the brink of WWIII with Russia when a naked stowaway appears in one of their torpedo tubes. Captain Banks fears she may be Russian, but she's something far more dangerous.",crew uss titan find brink wwiii russia naked stowaway appears one torpedo tubes captain banks fears may russian something far dangerous
1448. Ryan's World the Movie: Titan Universe Adventure,"Ryan's twin sisters Emma and Kate get trapped in a comic book world. Ryan enters this realm to rescue them, facing adventures, battles, and mishaps while attempting to bring them back before his parents discover their disappearance.",ryan twin sisters emma kate get trapped comic book world ryan enters realm rescue facing adventures battles mishaps attempting bring back parents discover disappearance
1449. Garudan,"Sokkan, the trusted confidant of childhood friends Aadhi and Karuna.But when his loyalty and self respect is put into test, which would he choose?",sokkan trusted confidant childhood friends aadhi karuna loyalty self respect put test would choose
1450. Shark Island,Beautiful models travel to a tropical island for a bikini photo shoot with a priceless necklace. But a killer is loose on this remote island and the only way out is through shark-infested waters.,beautiful models travel tropical island bikini photo shoot priceless necklace killer loose remote island way shark infested waters
1451. Bhairathi Ranagal,"Bhairathi Ranagal delves into the story of Ranagal. How did he rise to such prominence? The film focuses on his origin, his journey to power, and who he was before he became the most dreaded gangster of Ronapura.",bhairathi ranagal delves story ranagal rise prominence film focuses origin journey power became dreaded gangster ronapura
1452. Love Story,Tells the love story of a model and a director.,tells love story model director
1453. The Bad Shepherd,A group of friends on a hunting trip accidentally run over a woman carrying a bag of money. Their loyalty is put to the test when a strange man comes knocking.,group friends hunting trip accidentally run woman carrying bag money loyalty put test strange man comes knocking
1454. Sarfira,"A man fights to make his dream of creating a low cost airline a reality, facing opposition from devious competitive airline owners who threaten his business and his passengers' safety.",man fights make dream creating low cost airline reality facing opposition devious competitive airline owners threaten business passengers safety
1455. Geister,"When David (36) hears the news that his friend Andreas (40) took his life, the days of their once close friendship have long been a thing of the past. They hardly knew each other anymore. And yet, David can't shake off the feeling of guilt over the suicide of his once best friend. David travels back home to the tiny small town near the German-Polish border where they both grew up, but what was originally planned to be a short visit to attend the funeral service, turns into a journey into a fractured past. When the deceased Andreas suddenly appears as a ghost that only he can see, David initially attempts to shake off the apparition, but the ghost turns out to be as persistent as the question why Andreas took his own life, and even more so, what keeps him still in this world and whether David had a role in this.",david hears news friend andreas took life days close friendship long thing past hardly knew anymore yet david shake feeling guilt suicide best friend david travels back home tiny small town near german polish border grew originally planned short visit attend funeral service turns journey fractured past deceased andreas suddenly appears ghost see david initially attempts shake apparition ghost turns persistent question andreas took life even keeps still world whether david role
1456. Agak Laen,"An old man dies in a failing haunted house ride. The operators bury his body on site, turning it into a popular attraction.",old man dies failing haunted house ride operators bury body site turning popular attraction
1457. Carved,"A group of survivors finds themselves trapped in a historical reenactment village on Halloween, where they must unite to battle a sentient, vengeful pumpkin.",group survivors finds trapped historical reenactment village halloween must unite battle sentient vengeful pumpkin
1458. Blackout,"The streets of Pune, where a single night of darkness engulfs the city in mystery, as crime reporter Lenny, gets entangled in a web of greed and misfortune.",streets pune single night darkness engulfs city mystery crime reporter lenny gets entangled web greed misfortune
1459. Continental Split,"When a fault threatens to split the U.S., a desperate team of seismologists and government agents race to prevent disaster as the clock ticks down.",fault threatens split u desperate team seismologists government agents race prevent disaster clock ticks
1460. Stranger in the Woods,"Follows Olivia and her friends as they go on a vacation. After Olivia nearly drowns with a slit wrist in her bathtub after her fiancé's funeral, her friends suspect that she tried to kill herself, but she believes someone attacked her.",follows olivia friends go vacation olivia nearly drowns slit wrist bathtub fianc funeral friends suspect tried kill believes someone attacked
1461. Yolo,"After an argument with her younger sister, Le Ying moves out on her own. She meets a boxing trainer and starts boxing.",argument younger sister le ying moves meets boxing trainer starts boxing
1462. American Star,"An assassin on a final assignment in Fuerteventura, to kill a man he has never met. When his target is delayed, he finds himself drawn to the island, people and a ghostly shipwreck.",assassin final assignment fuerteventura kill man never met target delayed finds drawn island people ghostly shipwreck
1463. Pacific Fear,Follows a group of surfers looking out for waves in a mysterious island that's been vanished from all maps.,follows group surfers looking waves mysterious island vanished maps
1464. Bad Fish,"When a marine biologist investigates mysterious deadly attacks on fishermen in an Oregon coastal town, he discovers the culprit is a mermaid who must find a mate to breed with before returning to the sea.",marine biologist investigates mysterious deadly attacks fishermen oregon coastal town discovers culprit mermaid must find mate breed returning sea
1465. Siddharth Roy,"Siddharth Roy Embraces logic and reason but is overwhelmed by emotions, resulting in heartache and inner turmoil.",siddharth roy embraces logic reason overwhelmed emotions resulting heartache inner turmoil
1466. 200% Wolf,"When Freddy Lupin's wayward wish transforms him into a werewolf and deposits a mischievous moon sprite on earth, Freddy must restore the cosmic order before the earth and moon collide.",freddy lupin wayward wish transforms werewolf deposits mischievous moon sprite earth freddy must restore cosmic order earth moon collide
1467. Jamais sans mon psy,Follow this man with severe anxiety and a behavior his therapist cannot stand deciding to kick him out of his practice and challenge him to find the woman of his dreams.,follow man severe anxiety behavior therapist cannot stand deciding kick practice challenge find woman dreams
1468. Tillu Square,"One year after a love affair entangled him in a murder case, a hapless DJ has a one-night stand that leads to even messier kerfuffles tied to his past.",one year love affair entangled murder case hapless dj one night stand leads even messier kerfuffles tied past
1469. Justicia artificial,A judge evaluating AI court software discovers murder and conspiracy when the creator dies. She must confront powerful state interests while her life hangs in balance. A thriller on AI's role in justice.,judge evaluating ai court software discovers murder conspiracy creator dies must confront powerful state interests life hangs balance thriller ai role justice
1470. Thangalaan,"Based on the true events that revolve around the lives of mine workers in the Kolar Gold Fields, Karnataka.",based true events revolve around lives mine workers kolar gold fields karnataka
1471. Planet B,"France, 2039. One night, a group of activists pursued by the state vanish without a trace. Julia Bombarth is one of them. When she awakens, she finds herself trapped in an entirely unfamiliar world: PLANET B.",france one night group activists pursued state vanish without trace julia bombarth one awakens finds trapped entirely unfamiliar world planet b
1472. Plastic People,"Scientists investigate the threat of microplastics in human bodies. Journalist visits labs and undergoes testing to find plastic in home, food and body.",scientists investigate threat microplastics human bodies journalist visits labs undergoes testing find plastic home food body
1473. Tahong,Mira is the daughter of a mussel farmer who needs to fight a reclamation project. She would do everything to save their livelihood even if it means sacrificing her innocence.,mira daughter mussel farmer needs fight reclamation project would everything save livelihood even means sacrificing innocence
1474. Salisihan,"When a childless couple lets a pregnant woman inside their home, temptation starts to shake their once peaceful life.",childless couple lets pregnant woman inside home temptation starts shake peaceful life
1475. Salitan,A wife suspects her husband of infidelity during a trip to Bali. She meets an attractive stranger who stirs unfaithful feelings within her. She contemplates encouraging her husband's unfaithfulness to reduce her guilt.,wife suspects husband infidelity trip bali meets attractive stranger stirs unfaithful feelings within contemplates encouraging husband unfaithfulness reduce guilt
1476. Maidaan,"Inspired by the Indian national football team coach and manager Syed Abdul Rahim, who is regarded as the architect of Indian football.",inspired indian national football team coach manager syed abdul rahim regarded architect indian football
1477. Run Away,,nan
1478. Kang Mak,"A man named Makmur returned from the battlefield. However, Makmur finds Sari, his wife, has died and become a ghost.",man named makmur returned battlefield however makmur finds sari wife died become ghost
1479. Familia,The life of a young man who joined an extremist group is poisoned when his abusive father comes back home after a decade-long absence.,life young man joined extremist group poisoned abusive father comes back home decade long absence
1480. Push,Follows a realtor who must survive a night of terror when a deranged client shows up at her open house.,follows realtor must survive night terror deranged client shows open house
1481. Tabaah,Revolves around the love and turmoil between our two protagonists. The journey of these characters is marked by such unfortunate twists and events that make it a tragic love story.,revolves around love turmoil two protagonists journey characters marked unfortunate twists events make tragic love story
1482. Lost in the Jungle,"Four Indigenous siblings survived 40 days in Colombia's jungle after a plane crash. The film shows their story through footage, recreations, and animation, highlighting Indigenous-military cooperation and traditional knowledge.",four indigenous siblings survived days colombia jungle plane crash film shows story footage recreations animation highlighting indigenous military cooperation traditional knowledge
1483. Escape,"A young man who wants to live in prison and will do whatever it takes to get there, raising questions such as if those who care about him will get to stop him from committing increasingly serious crimes.",young man wants live prison whatever takes get raising questions care get stop committing increasingly serious crimes
1484. Je Jatt Vigarh Gya,"Follows the story of Daler (Jayy Randhawa), a straightforward and a fierce individual whose life takes a drastic turn due to unforeseen personal circumstances. Faced with injustice and unnatural behavior, Guri's transformation from a it",follows story daler jayy randhawa straightforward fierce individual whose life takes drastic turn due unforeseen personal circumstances faced injustice unnatural behavior guri transformation
1485. Erotik 2: The Beyond,"Dahmer looks as physically ill as he is mentally. He sees, hallucinates, a glowing figure showering him with gold coins as he grovels at its feet, before going to the basement to visit the unfortunate soul he keeps captive down there.",dahmer looks physically ill mentally sees hallucinates glowing figure showering gold coins grovels feet going basement visit unfortunate soul keeps captive
1486. Doraemon the Movie: Nobita's Earth Symphony,"Doraemon and friends go on an adventure to meet new buddies, connect to people with music, and save the world from a crisis.",doraemon friends go adventure meet new buddies connect people music save world crisis
1487. Can You Hear Me?,A World War 1 Romantic Ghost Story,world war romantic ghost story
1488. Lubber Pandhu,"Set against the rural backdrop, explores gully cricket stars Gethu and Anbu's intense rivalry. Anbu's romantic involvement with Gethu's daughter escalates the clash. Their skills and emotions are put to the ultimate test.",set rural backdrop explores gully cricket stars gethu anbu intense rivalry anbu romantic involvement gethu daughter escalates clash skills emotions put ultimate test
1489. The Correspondent,"Award-winning journalist Peter Greste reports on the Arab Spring uprising, becoming entangled in a deadly game of rivalries. Imprisoned for seven years despite his innocence, he survives on wits alone before release in 2015.",award winning journalist peter greste reports arab spring uprising becoming entangled deadly game rivalries imprisoned seven years despite innocence survives wits alone release
1490. Cookster: The Darkest Days,"A dyslexic teen misunderstood by his family and desperate for respect, becomes a drug dealer struggling with addiction and debt while a rival threatens to destroy his world, driving him apart from the woman he loves.",dyslexic teen misunderstood family desperate respect becomes drug dealer struggling addiction debt rival threatens destroy world driving apart woman loves
1491. The Lockdown,"Siblings Charlie and Jack are trapped in Myanmar's toughest prison and accused of a crime they didn't commit. Forced into televised fights against other inmates, they must work together and fight for their freedom.",siblings charlie jack trapped myanmar toughest prison accused crime commit forced televised fights inmates must work together fight freedom
1492. Dedalus,"Six content creators join Dedalus, a social contest promising fame and fortune. In an isolated arena, they face increasingly dangerous games, revealing a hidden agenda of revenge behind the competition.",six content creators join dedalus social contest promising fame fortune isolated arena face increasingly dangerous games revealing hidden agenda revenge behind competition
1493. Double or Nothing,Two cousins embark on a high-energy race against the clock to find $50k when the mob discover one of them has been skimming from their Gold Coast workshop.,two cousins embark high energy race clock find k mob discover one skimming gold coast workshop
1494. A Sloth Story,"After a terrifying storm destroys their home, a speedy sloth named Laura and her kooky family move to the big city in their rusted old food truck hoping to make their business a success.",terrifying storm destroys home speedy sloth named laura kooky family move big city rusted old food truck hoping make business success
1495. WWII: Operation Phoenix,"A small group of Allied commandos must parachute into enemy occupied Europe and recover the information a female spy was carrying, at all costs. They soon realize that this would be the easy part of the mission.",small group allied commandos must parachute enemy occupied europe recover information female spy carrying costs soon realize would easy part mission
1496. Khadaan,"Shyam comes from the remote areas of Purulia to work as a laborer in the coal mines of the Damodar Valley. The story of Mohan and Shyam will proceed with their rise, reckoning of friendship.",shyam comes remote areas purulia work laborer coal mines damodar valley story mohan shyam proceed rise reckoning friendship
1497. Mash Ville,"Lives of of pseudo-religious believers and eight strangers in a remote location. Their paths converge, forcing them into a battle for survival.",lives pseudo religious believers eight strangers remote location paths converge forcing battle survival
1498. Murder Company,"In the midst of the D-Day invasion, a group of US soldiers are given orders to smuggle a member of the French resistance behind enemy lines to assassinate a high-value Nazi target.",midst day invasion group us soldiers given orders smuggle member french resistance behind enemy lines assassinate high value nazi target
1499. Climax,"A blockbuster Filipino film sets screens ablaze in 2024, featuring beloved couples and fresh faces. Rob Gint and Apple Day guide viewers through steamy moments that promise to raise temperatures and captivate audiences nationwide.",blockbuster filipino film sets screens ablaze featuring beloved couples fresh faces rob gint apple day guide viewers steamy moments promise raise temperatures captivate audiences nationwide
1500. Un monde merveilleux,"In a near future, Max and her daughter are selling stolen robots on the black market. When Max loses custody of her daughter following their latest scheme, she must rely on the last robot she took, T-O, who is ready to do anything to help.",near future max daughter selling stolen robots black market max loses custody daughter following latest scheme must rely last robot took ready anything help
1501. Perdiendo el Juicio,A legal case unites two lawyers between rivalry and romance.,legal case unites two lawyers rivalry romance
1502. Bagheera,"When society turns into a jungle, just one predator cries out for justice.",society turns jungle one predator cries justice
1503. Footage,A found footage thriller surrounding the story of a curious couple.,found footage thriller surrounding story curious couple
1504. Little Bites,"In a desperate attempt to protect her ten-year-old daughter, a young widow allows a nightmarish monster to slowly eat her alive.",desperate attempt protect ten year old daughter young widow allows nightmarish monster slowly eat alive
1505. The Last Kumite,"One last kumite, one final battle - for the life of his daughter.",one last kumite one final battle life daughter
1506. Mi gallo,"A young boy in a rural village forms a deep bond with a fighting rooster, determined to train it for the upcoming championship. Facing local competition and personal struggles, he learns about friendship, courage, and resilience.",young boy rural village forms deep bond fighting rooster determined train upcoming championship facing local competition personal struggles learns friendship courage resilience
1507. Boléro,"In 1928 Paris, choreographer Ida Rubinstein commissions Maurice Ravel to compose the music for her next ballet. Facing a crisis of inspiration, the composer revisits his life and dedicates himself to create a universal masterpiece, Bolero.",paris choreographer ida rubinstein commissions maurice ravel compose music next ballet facing crisis inspiration composer revisits life dedicates create universal masterpiece bolero
1508. Kanguva,A tribal warrior's fierce struggle to save his people a millennium ago is mysteriously linked to a bounty hunter's perilous quest in the present.,tribal warrior fierce struggle save people millennium ago mysteriously linked bounty hunter perilous quest present
1509. Çiftligimin Hanimi,"In order to save her father's deteriorating business, Yasemin is forced to marry Mehmet, the son of a farm owner family who lives a rich but modest life. She persuades him to marry with various tricks, and as soon as she gets what she wants, she abandons Mehmet, whom she tries to break up with, and runs away.",order save father deteriorating business yasemin forced marry mehmet son farm owner family lives rich modest life persuades marry various tricks soon gets wants abandons mehmet tries break runs away
"1510. Palipat-lipat, papalit-palit",A guest turns into nightmare. Story revolves around protagonist and his wife. An Unwanted guest and her desire ruins their personal life. See who wins between lust and love.,guest turns nightmare story revolves around protagonist wife unwanted guest desire ruins personal life see wins lust love
1511. The Sabarmati Report,"A Hindi reporter struggles with a deadly fact when a train full of Karsewaks is set ablaze in Godhra. Years later, he is asked to help expose the Sabarmati Incident backed by a buried report.",hindi reporter struggles deadly fact train full karsewaks set ablaze godhra years later asked help expose sabarmati incident backed buried report
1512. Sunrise,"A man, Fallon (Alex Pettyfer) roams the land as a creature of the night as he comes to terms with tragic loss of his family at the hands of a brutal demagogue, Reynolds (Guy Pearce).",man fallon alex pettyfer roams land creature night comes terms tragic loss family hands brutal demagogue reynolds guy pearce
1513. Cabaret at the Kit Kat Club,,nan
1514. Outlaw,"At the age of nine, Rebeca is sold by her grandmother. Disputed by bicheiros and drug dealers, the community is going through changes in power. Rebeca becomes the wife of the chief drug dealer.",age nine rebeca sold grandmother disputed bicheiros drug dealers community going changes power rebeca becomes wife chief drug dealer
1515. A Part of You,"Agnes, a teen envious of her popular older sister Julia, faces upheaval when tragedy strikes. Forced to reinvent herself, she's on the cusp of attaining her dreams but must navigate the consequences of her choices.",agnes teen envious popular older sister julia faces upheaval tragedy strikes forced reinvent cusp attaining dreams must navigate consequences choices
1516. Martin,"A journey of a man discovering himself, finding love and fighting for his motherland. Can he hold the fort on all three gates?",journey man discovering finding love fighting motherland hold fort three gates
1517. Devon,"After their daughter vanished from an asylum, Devon's parents engage five explorers to investigate the abandoned site years later via cryptic website, unaware of the sinister one-way journey and terrifying deadly experience awaiting them.",daughter vanished asylum devon parents engage five explorers investigate abandoned site years later via cryptic website unaware sinister one way journey terrifying deadly experience awaiting
1518. Karinyo Brutal,"When a battered mistress meets her neighbor, she knows he will be her perfect escape plan. But things turn chaotic when their plan backfires.",battered mistress meets neighbor knows perfect escape plan things turn chaotic plan backfires
1519. The Diary,"Where Olga discovers the unfinished diary of a known killer and becomes fascinated by its dark secrets. As she delves into its contents, she uncovers a mysterious connection between them, putting her life and others in grave danger.",olga discovers unfinished diary known killer becomes fascinated dark secrets delves contents uncovers mysterious connection putting life others grave danger
1520. Somnium,"At experimental sleep clinic, Somnium, dreams are made real. Side effects may include: hallucinations, confusion, paranoia, sleep paralysis, detachment from reality, lost sense of self, permanent nightmares.",experimental sleep clinic somnium dreams made real side effects may include hallucinations confusion paranoia sleep paralysis detachment reality lost sense self permanent nightmares
1521. The Gutter,"Walt lands work at bowling alley AlleyCatz. He's pressured to embrace his bowling talent, which sparks backlash from detractors seeking to undermine his sudden pro success.",walt lands work bowling alley alleycatz pressured embrace bowling talent sparks backlash detractors seeking undermine sudden pro success
1522. The Last Stand of Ellen Cole,Follow a nefarious land developer who gets more than he bargained for when he tries to intimidate an 80-year-old widow into abandoning her Montana ranch.,follow nefarious land developer gets bargained tries intimidate year old widow abandoning montana ranch
1523. Daddysitter,"Mara, a student taking on an unusual ''daddysitter'' job. As she grows close to her wealthy, ill client, his estranged son's return complicates everything.",mara student taking unusual daddysitter job grows close wealthy ill client estranged son return complicates everything
1524. Misgivings,"A suburban woman's solo road trip reveals shocking truths about her life and husband, with authentic storytelling and immersive character development in 'Misgivings'.",suburban woman solo road trip reveals shocking truths life husband authentic storytelling immersive character development misgivings
1525. Peter Five Eight,A seemingly glamorous real estate agent in a small mountain community is revealed to be an unhinged alcoholic with a dark secret when a charismatic man in black shows up one day at the behest of his shadowy boss.,seemingly glamorous real estate agent small mountain community revealed unhinged alcoholic dark secret charismatic man black shows one day behest shadowy boss
1526. Campton Manor,An author tries to investigate a decades old mystery and finds himself stuck in his own ghost story.,author tries investigate decades old mystery finds stuck ghost story
1527. Futra Days,"After undergoing an experimental time travel ""process"" that sends a man into his future, he investigates the man he has become, by engaging in a romance with his future self's girlfriend in a mind-bending reality.",undergoing experimental time travel process sends man future investigates man become engaging romance future self girlfriend mind bending reality
1528. Just in Time,"A couple struggling to conceive receives an antique watch from a stranger, leading the wife to realize that the answers she seeks will come in due time.",couple struggling conceive receives antique watch stranger leading wife realize answers seeks come due time
1529. Way Home,"A father enters war-torn Syria seeking his son Adam, facing deadly challenges that test his limits and beliefs. A journey of parental love, sacrifice, powerlessness and forgiveness.",father enters war torn syria seeking son adam facing deadly challenges test limits beliefs journey parental love sacrifice powerlessness forgiveness
1530. Black Cab,"A couple's jovial cab driver diverts them to a remote, haunted road, revealing disturbing motives and his true intentions.",couple jovial cab driver diverts remote haunted road revealing disturbing motives true intentions
1531. City Hunter,"An exceptional marksman and hopeless playboy, private eye Ryo Saeba reluctantly forms an alliance with his late partner's sister to investigate his death.",exceptional marksman hopeless playboy private eye ryo saeba reluctantly forms alliance late partner sister investigate death
1532. Qalb,Two young hearts falling in love. The ride takes you through the 7 stages of love.,two young hearts falling love ride takes stages love
1533. Among Neighbors,"In a small Polish town where a dark history has been silenced, an eyewitness to murder speaks out in search of the Jewish boy she loved.",small polish town dark history silenced eyewitness murder speaks search jewish boy loved
1534. In Her Place,"Chile, 1955. The case of María Carolina Geel, a popular writer who murders her lover, captivates Mercedes, a shy secretary working for the judge assigned to defend the accused.",chile case mar carolina geel popular writer murders lover captivates mercedes shy secretary working judge assigned defend accused
1535. The Quiet Ones,"In 2008, a group of men from Denmark and across Europe pull off the biggest heist of all time on Danish soil. Kasper, a boxer with few chances left in life, is offered the opportunity to plan the robbery by its foreign initiators.",group men denmark across europe pull biggest heist time danish soil kasper boxer chances left life offered opportunity plan robbery foreign initiators
1536. Nunakuzhi,A young man caught in a web of lies and mistaken identities.,young man caught web lies mistaken identities
1537. Model House,Models staying in a secluded house for the night are terrorized by intruders.,models staying secluded house night terrorized intruders
1538. Committee Kurrollu,"In a peaceful West Godavari village, the harmony of a close-knit friend group is disrupted when a disagreement leads to an unexpected fallout, impacting their lives and the tranquility of their community.",peaceful west godavari village harmony close knit friend group disrupted disagreement leads unexpected fallout impacting lives tranquility community
1539. Secret Sessions,"Cara is the alluring patient of engaged therapist Eric. She seeks counseling for her fetish of sleeping with taken men. But instead of addressing it, they find themselves starting a secret affair they just can't seem to stop.",cara alluring patient engaged therapist eric seeks counseling fetish sleeping taken men instead addressing find starting secret affair seem stop
1540. Kardes Takimi,The story follows a family with kids and parents that are agents. One day the parents tell the kids that they will be away for 2 days. When the parents arrive they get trapped. The kids find a robot and they go on a adventurous journey.,story follows family kids parents agents one day parents tell kids away days parents arrive get trapped kids find robot go adventurous journey
1541. Love Kills,Infidelity comes to an abrupt end when the cheating lovers are caught.,infidelity comes abrupt end cheating lovers caught
1542. Savi,"Savi a simple housewife attempts a daring jailbreak to get her husband out of one of England's high security prisons With 400 inmates, 75 armed guards, 60 surveillance cameras.",savi simple housewife attempts daring jailbreak get husband one england high security prisons inmates armed guards surveillance cameras
1543. Gloria!,"In 1800, at a girls' school in Venice, isolated and supposedly mute domestic servant Teresa discovers the joy that music can bring, teaming up with a group of talented girls.",girls school venice isolated supposedly mute domestic servant teresa discovers joy music bring teaming group talented girls
1544. El Heredero,A family in serious debt trouble find themselves between an abusive creditor and a nephew with a large inheritance.,family serious debt trouble find abusive creditor nephew large inheritance
1545. High Forces,"Gao Haojun, an international security expert, is hijacked by gunmen on the first flight of A380 airliner, and his blind daughter is one of the undercover hostages, a fact that he doesn't know.",gao haojun international security expert hijacked gunmen first flight airliner blind daughter one undercover hostages fact know
1546. Frankie Freako,Workaholic yuppie Conor is in an existential rut until one night he catches a bizarre ad for a party hotline hosted by a strange dancing goblin: Frankie Freako. Could this be just the recipe to spice up his boring life?,workaholic yuppie conor existential rut one night catches bizarre ad party hotline hosted strange dancing goblin frankie freako could recipe spice boring life
1547. Re: Zero - Starting Life in Another World- Season 3 Episode 1 90-minute Special 'Theatrical Malice',,nan
1548. Crakk: Jeetega... Toh Jiyegaa,The journey of a man from the slums of Mumbai to the world of underground extreme sports.,journey man slums mumbai world underground extreme sports
1549. Vaazhai,"A twelve-year-old boy, Sivanandhan, his mother, sister, and friend navigate life's challenges, where a plantain tree, Vaazhai, becomes a central presence.",twelve year old boy sivanandhan mother sister friend navigate life challenges plantain tree vaazhai becomes central presence
1550. Successor,"Ma Chenggang and Chunlan, who have ""no oil in their soup and no money in their pockets"", ride a donkey to work and have a poor family. Their son Ma Jiye is the only hope who can change their fate.",chenggang chunlan oil soup money pockets ride donkey work poor family son jiye hope change fate
1551. Five Blind Dates,"A fortune teller tells a woman that on one of the next five blind dates she goes on, she will meet her soulmate.",fortune teller tells woman one next five blind dates goes meet soulmate
1552. The Boy with Pink Trousers,"The story of Andrea Spezzacatena, who, in 2012, decided to take his own life because of the continuous bullying of some classmates.",story andrea spezzacatena decided take life continuous bullying classmates
1553. The Neighbor,"Thriller about an innocent college boy and the woman who would introduce him to manhood. Alex meets his new sultry neighbor, Rose, who awakens his sexual desire and gives him his first sexual experience only to learn a trap awaits him.",thriller innocent college boy woman would introduce manhood alex meets new sultry neighbor rose awakens sexual desire gives first sexual experience learn trap awaits
1554. Barda,"Barda is about the terrible events that happen to a group of friends who come together for a celebration in a bar. Also labeled as ""Türkiye's First +18 Realistic Film"".",barda terrible events happen group friends come together celebration bar also labeled rkiye first realistic film
1555. Without Blood,"A parable-like tale exploring themes of family, war, and revenge.",parable like tale exploring themes family war revenge
1556. Growl,"In a slum, a blind motel owner develops an unusual reaction to the noises her tenants make, awakening her sensual desires.",slum blind motel owner develops unusual reaction noises tenants make awakening sensual desires
1557. Yudhra,"A young man consumed by vengeance, Yudhra infiltrates a ruthless cartel to avenge his murdered parents, only to discover a dark truth about his past that will test his limits.",young man consumed vengeance yudhra infiltrates ruthless cartel avenge murdered parents discover dark truth past test limits
1558. In Vitro,"On a struggling cattle farm some years in the future, a woman discovers the unsettling consequences of her husband's animal breeding technology.",struggling cattle farm years future woman discovers unsettling consequences husband animal breeding technology
1559. A Killer in the House,"When a psycho killer becomes obsessed with a beautiful girl, he does everything he can to win her over, including killing everybody in his way. This is a study of a psycho killer, his prey, and how far he is willing to go.",psycho killer becomes obsessed beautiful girl everything win including killing everybody way study psycho killer prey far willing go
1560. Captain Miller,A man leaves and turns against the British-led Indian military after witnessing atrocity.,man leaves turns british led indian military witnessing atrocity
1561. Following,"A mystery thriller about a real estate agent who secretly enters clients' homes and becomes obsessed with a deceptive social media influencer. The film explores themes of obsession, identity and the dark side of social media.",mystery thriller real estate agent secretly enters clients homes becomes obsessed deceptive social media influencer film explores themes obsession identity dark side social media
1562. Cheat,"Zoe's deteriorating marriage leaves her feeling isolated and longing for connection in the aftermath of a personal trauma. To escape loneliness, she blindly stumbles into a passionate affair, which ultimately leads her down a deadly path.",zoe deteriorating marriage leaves feeling isolated longing connection aftermath personal trauma escape loneliness blindly stumbles passionate affair ultimately leads deadly path
1563. Believer,"A struggling writer finds herself at the center of the story she is covering when brutally attacked by a notorious cult leader and mass murderer, a man who exerts an inexplicable control over his followers.",struggling writer finds center story covering brutally attacked notorious cult leader mass murderer man exerts inexplicable control followers
"1564. Love, Divided",Valentina is a young pianist starting over. Her neighbor David is an inventor who hates noise. And a paper-thin wall is about to become their matchmaker.,valentina young pianist starting neighbor david inventor hates noise paper thin wall become matchmaker
1565. Silver Star,"Billie, a young African American woman recently released from prison, kidnaps a pregnant teenager during a failed bank robbery. With nothing left to lose, they set off on a journey together.",billie young african american woman recently released prison kidnaps pregnant teenager failed bank robbery nothing left lose set journey together
1566. Love Bomb,A mysterious dating app designed for one night stands brings three strangers together with deadly consequences.,mysterious dating app designed one night stands brings three strangers together deadly consequences
1567. Nazi Supersoldier,"Searching for an adventurous story in the woods, a group of journalism students awaken a superhuman being from its lost cryo-chamber. A long night of man hunting and desperation ensues.",searching adventurous story woods group journalism students awaken superhuman lost cryo chamber long night man hunting desperation ensues
1568. Undergrads,A coming-of-age tale about two girls that delves into the complexities of sexuality and its big impact on their young lives.,coming age tale two girls delves complexities sexuality big impact young lives
1569. One Fast Move,"A young man seeks out his estranged father to pursue his dream of becoming a professional motorcycle racer. With help from his love interest and a motorcycle shop owner, he begins to break down the walls his father's absence had created.",young man seeks estranged father pursue dream becoming professional motorcycle racer help love interest motorcycle shop owner begins break walls father absence created
1570. Blue Lock: Episode Nagi,Seishiro Nagi before he enters the titular Blue Lock facility.,seishiro nagi enters titular blue lock facility
1571. GTMax,"When a notorious gang of bikers recruits her brother for a heist, a former motocross champion must face her deepest fears to keep her family safe.",notorious gang bikers recruits brother heist former motocross champion must face deepest fears keep family safe
1572. Mor Chhainha Bhuinya 2,"Two brothers Uday and Kartik grow up together in Chhattisgarh with differences in their ideologies but with love for each other in their hearts. One day, they find themselves against each other. What will win, their love or their ideology?",two brothers uday kartik grow together chhattisgarh differences ideologies love hearts one day find win love ideology
1573. Painter and Lampshade,"An artist meets a mysterious woman who becomes his model for his nude artwork. He then fantasizes making love to her; however, he always remembers her number one rule - she can't be touched.",artist meets mysterious woman becomes model nude artwork fantasizes making love however always remembers number one rule touched
1574. Sixty Minutes,"Desperate not to lose custody, a mixed martial arts fighter makes dangerous enemies when he ditches a matchup to race to his daughter's birthday party.",desperate lose custody mixed martial arts fighter makes dangerous enemies ditches matchup race daughter birthday party
"1575. Love, Courage and the Battle of Bushy Run","Colonel Henry Bouquet, with a ragtag group of British soldiers, Scottish Highlanders and American volunteers, was tasked with trying to save the hundreds of men, women and children facing certain death - or worse - in Fort Pitt.",colonel henry bouquet ragtag group british soldiers scottish highlanders american volunteers tasked trying save hundreds men women children facing certain death worse fort pitt
1576. Average Joe,A Marine who becomes a high school coach takes a legal stand to defend freedom and religious liberty for everyone.,marine becomes high school coach takes legal stand defend freedom religious liberty everyone
1577. The Will to Win,2 former athletes face financial struggles at the end of their careers and seek unconventional methods of maintaining their lifestyles. Their determination and will to win lead them down a path that could alter the course of their lives.,former athletes face financial struggles end careers seek unconventional methods maintaining lifestyles determination win lead path could alter course lives
1578. Kakuda,"This horror-comedy film follows a town trapped in time by a curse and 3 of its inhabitants face a ghost that makes them question superstition, tradition and love.",horror comedy film follows town trapped time curse inhabitants face ghost makes question superstition tradition love
1579. Maharot,"Tantan is a small-town young man, falls for Joni, a free-spirited woman who sells herself yet teaches him about love. As their bond deepens, will their love defy life's twists?",tantan small town young man falls joni free spirited woman sells yet teaches love bond deepens love defy life twists
1580. Crippled,"Sex and rumors abound in this erotic story about high school student Jules, who won't stop at anything to get back best friend Dahlia from new student Nessa, even if it means making up stories of illicit affairs with teachers.",sex rumors abound erotic story high school student jules stop anything get back best friend dahlia new student nessa even means making stories illicit affairs teachers
1581. The Bibi Files,An inside look into the corruption charges against Israeli Prime Minister Benjamin Netanyahu through leaked police interrogation videos.,inside look corruption charges israeli prime minister benjamin netanyahu leaked police interrogation videos
1582. Srikanth,"Blind Srikanth gets into MIT, founds Bollant Industries. Pursues goals for visually impaired while facing entrepreneurial challenges, navigating personal sacrifices. Highlights obstacles overcome by the blind in academics and business.",blind srikanth gets mit founds bollant industries pursues goals visually impaired facing entrepreneurial challenges navigating personal sacrifices highlights obstacles overcome blind academics business
1583. Last Swim,"On A-level results day, an ambitious Iranian-British teen in London grapples with a major life decision while hanging out with friends across the city.",level results day ambitious iranian british teen london grapples major life decision hanging friends across city
1584. Out of Control,A marriage is threatened when the husband's first love comes back to town.,marriage threatened husband first love comes back town
1585. The Unrighteous,,nan
1586. Fight Another Day,"Follows a tough cop, who after being transported to a dystopian future, must enter a deadly combat tournament to be able to return to his past.",follows tough cop transported dystopian future must enter deadly combat tournament able return past
1587. Serra das Almas,"In Pernambuco, a jewel robbery brings together an old group of misfit friends, with catastrophic results. Watched over by ghosts from the past, each of them will have to find their own way to freedom.",pernambuco jewel robbery brings together old group misfit friends catastrophic results watched ghosts past find way freedom
1588. The Present,"A brilliant boy discovers that he can manipulate time using a family heirloom. He soon teams up with his siblings in returning to the time of their parents' separation, with hopes of changing the outcome.",brilliant boy discovers manipulate time using family heirloom soon teams siblings returning time parents separation hopes changing outcome
1589. Abraham Ozler,"Revolves around the personal and professional lives of veteran cop Abraham Ozler, ACP Trichur, who at one time has to take up a serial killing case and the mysterious hunt begins.",revolves around personal professional lives veteran cop abraham ozler acp trichur one time take serial killing case mysterious hunt begins
1590. The Twin,"After the tragic loss of his son, a man begins experiencing terrifying visions of a figure that looks like himself. As reality unravels, he must confront his past and the supernatural force haunting him before it consumes him completely.",tragic loss son man begins experiencing terrifying visions figure looks like reality unravels must confront past supernatural force haunting consumes completely
1591. La Hacienda - El Regreso de los Malditos,A group of friends return to their hometown after many years. The trip is an excuse to reminisce about old times but turns into a nightmare when they unearth their darkest memories.,group friends return hometown many years trip excuse reminisce old times turns nightmare unearth darkest memories
1592. Perfect Endings,"João and Hugo end their 10-year relationship but stay best friends. As they start dating again, uncontrollable emotions arise, contrasting the planned perfection of their breakup.",jo hugo end year relationship stay best friends start dating uncontrollable emotions arise contrasting planned perfection breakup
1593. The Holiday Club,Follows two friends growing relationship over the course of a year in holidays.,follows two friends growing relationship course year holidays
1594. A Vintage Christmas,"Sparks fly when a developer, Noah (Russell) arrives in Oak Creek with plans to replace an abandoned Post Office with a modern office complex and needs to work with Tessa (Patterson) the town's historian/preservationist to compromise.",sparks fly developer noah russell arrives oak creek plans replace abandoned post office modern office complex needs work tessa patterson town historian preservationist compromise
1595. Empire Queen: The Golden Age of Magic,"In a kingdom where magic is forbidden, a charming trio of adventurers embark on a dangerous quest in search of the legendary Sovereign Wand, which is needed to overthrow an evil queen and restore magic for all.",kingdom magic forbidden charming trio adventurers embark dangerous quest search legendary sovereign wand needed overthrow evil queen restore magic
1596. Ronny - The ruler,"A disillusioned actor turns into a feared mass rowdy, using his power to dismantle corrupt systems amid societal conflicts.",disillusioned actor turns feared mass rowdy using power dismantle corrupt systems amid societal conflicts
1597. Shayar,Satta and Seero's enduring love faces obstacles from destiny. Their journey depicts the resilience of true passion as they strive to overcome adversity and be together,satta seero enduring love faces obstacles destiny journey depicts resilience true passion strive overcome adversity together
1598. Razakar: The Silent Genocide of Hyderabad,Revolves around the Hyderabad Liberation Movement of 1948. Capture the struggles of Telangana and its people in the early days of Independence to reclaim their religion and identity in the face of military and political oppression.,revolves around hyderabad liberation movement capture struggles telangana people early days independence reclaim religion identity face military political oppression
1599. The White Mountain,"Follow elite heli-rescuer Bastien and female extreme skier, Hadley as they confront personal challenges on and off one of the world's most iconic mountains, exploring risk, resilience, and our bond with nature amid climate change.",follow elite heli rescuer bastien female extreme skier hadley confront personal challenges one world iconic mountains exploring risk resilience bond nature amid climate change
1600. Wild Wild Punjab,"Khanna has had a breakup. He's upset, but he has friends like Arora, Jain and Honey paa'ji who encourage him to face this breakup head-on and move on. They embark on a trip across Punjab to help Khanna find the closure he desires.",khanna breakup upset friends like arora jain honey paa ji encourage face breakup head move embark trip across punjab help khanna find closure desires
1601. Bionic,"When the progress of robotics makes Paralympic athletes the new sports stars, Maria dreams of competing against her sister. For that, she will have to enter a world of crime and violence.",progress robotics makes paralympic athletes new sports stars maria dreams competing sister enter world crime violence
1602. Hack Your Health: The Secrets of Your Gut,An informative yet lighthearted documentary exploring the intricacies of the digestive system and its pivotal role in maintaining overall health and well-being.,informative yet lighthearted documentary exploring intricacies digestive system pivotal role maintaining overall health well
1603. Chapter 51,"An FBI agent investigates footage from film ""Dissident"" where multiple actresses in the same role have died during production, searching for The Hollywood Killer's identity. The suspect pool is vast and deceptive.",fbi agent investigates footage film dissident multiple actresses role died production searching hollywood killer identity suspect pool vast deceptive
1604. Little Wife,"In the late 1940s, a 15-year-old girl is concubine of an older master. She waits for her husband every day and falls in love with a student who sings in front of her house. Imagine her disappointment that his song is for a girl next door.",late year old girl concubine older master waits husband every day falls love student sings front house imagine disappointment song girl next door
1605. Filthy Animals,"Two outlaw misfits, Lars, a thrill-seeking drug enthusiast, and Freddy, a bodybuilder recently out of rehab, hunt down child sexual predators on Christmas Eve.",two outlaw misfits lars thrill seeking drug enthusiast freddy bodybuilder recently rehab hunt child sexual predators christmas eve
1606. Bad Newz,"A crazy laugh riot which will show the outcomes of two sophisticated Punjabi men and a Punjabi girl. One of the men has a one night stand with the girl and somehow, craziness happens when she is pregnant unexpectedly.",crazy laugh riot show outcomes two sophisticated punjabi men punjabi girl one men one night stand girl somehow craziness happens pregnant unexpectedly
1607. Balas & Bolinhos: Só Mais uma Coisa,,nan
1608. Bad Director,"It follows Gregor Samsa, a washed-up director in his late fifties who is reviewing his life. Him having wasted it as a cultural worker doesn't exactly add to his joy.",follows gregor samsa washed director late fifties reviewing life wasted cultural worker exactly add joy
1609. The Pee Pee Poo Poo Man,A paranoid young man launches a bizarre crime spree against the citizens of Toronto.,paranoid young man launches bizarre crime spree citizens toronto
1610. Stelios,"Legendary Greek singer Stelios Kazantzidis, a Pontic refugee child who overcame challenges through talent and resilience, exploring his music, relationships, hardships, and devoted fanbase.",legendary greek singer stelios kazantzidis pontic refugee child overcame challenges talent resilience exploring music relationships hardships devoted fanbase
1611. The Bunker,"When mysterious alien ships appear in the sky, a scientist is sealed in an underground bunker and must create a bio-weapon to stop the unknown visitors, but paranoia and isolation cause her to question the true intention of her mission.",mysterious alien ships appear sky scientist sealed underground bunker must create bio weapon stop unknown visitors paranoia isolation cause question true intention mission
1612. Kaulayaw,"Robb Guinto and Micaela Raz heat up the screen as college schoolmates who venture into the world of cybersex to support their needs. They fulfill their fans' sexual fantasy only to realized that they too, are falling for each other.",robb guinto micaela raz heat screen college schoolmates venture world cybersex support needs fulfill fans sexual fantasy realized falling
1613. Backrider,"Faith is a private massage therapist. After a nasty break up with her gaming and crypto addicted boyfriend, she finds comfort in her rich, and seemingly kind client, but finds herself in a passionate and perilous situation.",faith private massage therapist nasty break gaming crypto addicted boyfriend finds comfort rich seemingly kind client finds passionate perilous situation
1614. Balinsasayaw,"A rich woman marries a charming womanizer who conspires with his wife's best friend. When all the revelations are exposed, the tables suddenly turn.",rich woman marries charming womanizer conspires wife best friend revelations exposed tables suddenly turn
1615. The Divine Sarah Bernhardt,"Sarah Bernhardt, dubbed ""La Divine,"" became the first global celebrity. The actress broke social conventions through her bold character and dramatic performances.",sarah bernhardt dubbed la divine became first global celebrity actress broke social conventions bold character dramatic performances
1616. Sisid Marino,"A married couple falls into depression after the death of their child. They turn to sex as a coping mechanism, but poverty takes its toll on them.",married couple falls depression death child turn sex coping mechanism poverty takes toll
1617. The Price of Nonna's Inheritance,"When a grandmother falls for a cheeky suitor with dubious intentions, her family devises a secret plan to protect her life and their inheritance.",grandmother falls cheeky suitor dubious intentions family devises secret plan protect life inheritance
1618. Nice Girls,"When Léo's brother Ludo is killed in Hamburg, despite orders she partners with German cop Mélanie to investigate. Unbeknownst to them, Nice faces a threat and they share an unknown connection.",l brother ludo killed hamburg despite orders partners german cop lanie investigate unbeknownst nice faces threat share unknown connection
1619. S.T.A.L.K.E.R.: Shadow of the Zone,A seasoned Free Stalker tasked with guiding a band of Mercenaries deep into The Zone to investigate a paranormal radio signal. Based on the S.T.A.L.K.E.R. video-game series by G.S.C. Game World.,seasoned free stalker tasked guiding band mercenaries deep zone investigate paranormal radio signal based l k e r video game series g c game world
1620. Another Cabin in the Woods Movie,"In this tongue-in-cheek spoof, horror-savvy characters are trapped in yet another cabin in the woods, where they are forced to navigate murder and red herrings to uncover who will stop at nothing for their twisted happily ever after.",tongue cheek spoof horror savvy characters trapped yet another cabin woods forced navigate murder red herrings uncover stop nothing twisted happily ever
1621. Still Fabulous,"Stuck in a dead-end career and on a string of terrible dates, the life of 30-something Maddalena is a total mess. Until one day she meets an unlikely guardian angel that comes to her in the form of real-life porn star Valentina Nappi.",stuck dead end career string terrible dates life something maddalena total mess one day meets unlikely guardian angel comes form real life porn star valentina nappi
1622. Tantra,"A timid girl named Rekha possesses an extraordinary power to perceive spirits. When she encounters a malevolent tantric, she's drawn into unraveling dark occult mysteries, putting her life at risk.",timid girl named rekha possesses extraordinary power perceive spirits encounters malevolent tantric drawn unraveling dark occult mysteries putting life risk
1623. In Youth We Trust,"Puek, a boy from the slums, had no choice but to endure his circumstances, feeling that he could never have the same worth as others. He remained silent, accepting the bullying of others just to survive in society.",puek boy slums choice endure circumstances feeling could never worth others remained silent accepting bullying others survive society
1624. Kill Craft,"Marina lives with her disabled mother and her hit man father. When he dies at work, she must take charge of the family business and take care of her mother. Marked to die, Marina must navigate the world of assassins to survive.",marina lives disabled mother hit man father dies work must take charge family business take care mother marked die marina must navigate world assassins survive
1625. Rippy,"Obsessed with living up to her dead father's legacy, a young sheriff finds her mettle tested when locals are found ripped to shreds.",obsessed living dead father legacy young sheriff finds mettle tested locals found ripped shreds
1626. The Last Dance,"A debt-ridden wedding planner inadvertently becomes a successful funeral planner, but he must convince a traditional Taoist priest of his legitimacy to continue operating in the field.",debt ridden wedding planner inadvertently becomes successful funeral planner must convince traditional taoist priest legitimacy continue operating field
1627. Red Flag,"Gina, a car saleswoman, starts dating Red, a coworker with a reputation for womanizing. Their intense romance progresses quickly, but doubts surface about Red's intentions and potential warning signs.",gina car saleswoman starts dating red coworker reputation womanizing intense romance progresses quickly doubts surface red intentions potential warning signs
1628. Cuerpo escombro,,nan
1629. Salve Maria,"Maria, a new mother and writer, is transfixed by the disturbing case of a woman who drowned her infant twins, prompting her own journey through the complexities of motherhood.",maria new mother writer transfixed disturbing case woman drowned infant twins prompting journey complexities motherhood
1630. The Dead Thing,"A young woman lost in a series of meaningless connections falls in love with a charismatic and sensitive man, who hides a dark secret that turns her affair into a dangerous obsession.",young woman lost series meaningless connections falls love charismatic sensitive man hides dark secret turns affair dangerous obsession
1631. Unbreakable: The Jelena Dokic Story,"Jelena Dokic's refugee experiences, rise to world No. 4 in tennis, and tumultuous relationship with her abusive father Damir Dokic.",jelena dokic refugee experiences rise world tennis tumultuous relationship abusive father damir dokic
1632. A Strange House,"Amemiya is an unpopular Youtuber who specializes in the occult. One day, his manager brings him a floor plan with an inscrutable point. With the help of Kurihara and Yuzuki, he begins to look into the plan and reveal the mystery behind.",amemiya unpopular youtuber specializes occult one day manager brings floor plan inscrutable point help kurihara yuzuki begins look plan reveal mystery behind
1633. Decoded,"In the 1940s, the world was turbulent, and it was crucial to decipher enemy's communication codes timely and accurately. Rong Jinzhen showed a unique talent. He was noticed by more because he accidentally solved the difficult problem.",world turbulent crucial decipher enemy communication codes timely accurately rong jinzhen showed unique talent noticed accidentally solved difficult problem
1634. Staycation,"As a candid interview carries on between the country's leading virologist and a no-nonsense journalist, college roommates deal with the daily struggles of a global pandemic, and a couple separated between continents play catch up.",candid interview carries country leading virologist nonsense journalist college roommates deal daily struggles global pandemic couple separated continents play catch
1635. The Hangman,"Troubled father Leon takes son camping in Appalachia. Local cult summons evil Hangman demon. Son goes missing. Leon must confront cult, monster to find him amid rising body count.",troubled father leon takes son camping appalachia local cult summons evil hangman demon son goes missing leon must confront cult monster find amid rising body count
1636. Ellis Park,Legendary Australian musician Warren Ellis takes us on a guided tour through his world and one very special animal sanctuary.,legendary australian musician warren ellis takes us guided tour world one special animal sanctuary
1637. The Groomsmen Last Dance,"Jackson moves to Italy to be near his daughter, but a chance meeting with cafe owner Gabriella, and some meddling friends, may lead to a second chance at love.",jackson moves italy near daughter chance meeting cafe owner gabriella meddling friends may lead second chance love
1638. Not Another Church Movie,"God commands Taylor Pherry to write a movie inspired by his crazy, dysfunctional family, but the Devil has his own devious plans.",god commands taylor pherry write movie inspired crazy dysfunctional family devil devious plans
1639. The Park Maniac,"Based on a true story, an infamous serial killer, who assaulted and killed several women in the 90s, gets on a collision course with a young journalist eager for the truth and a career-changing article.",based true story infamous serial killer assaulted killed several women gets collision course young journalist eager truth career changing article
1640. Shivam Bhaje,"A humble loan agent finds himself caught up in a global conspiracy to cause devastation in India. An accident triggers visions of crime and a serial killer, compelling him to unravel a larger mystery and prevent an impending catastrophe.",humble loan agent finds caught global conspiracy cause devastation india accident triggers visions crime serial killer compelling unravel larger mystery prevent impending catastrophe
1641. Guruvayoor Ambalanadayil,"A young man never wanted to marry because his girlfriend married someone else. Five years later, he was all set to get married. But a discovery about his bride's extended family forces him to reconsider? Will he marry her?",young man never wanted marry girlfriend married someone else five years later set get married discovery bride extended family forces reconsider marry
1642. Russians at War,"Follows Russian soldiers in combat, revealing colonial history and their increasingly unclear motivations amid daily struggles and losses.",follows russian soldiers combat revealing colonial history increasingly unclear motivations amid daily struggles losses
1643. The Infallibles,"While a gang of robbers has been sowing chaos in Paris and humiliating the police for months, the Minister of the Interior wants new blood to head the investigation: Alia, explosive and unmanageable, Hugo, valedictorian and meticulous.",gang robbers sowing chaos paris humiliating police months minister interior wants new blood head investigation alia explosive unmanageable hugo valedictorian meticulous
1644. Pabar,"Benudhar Kandi, hailing from a little village of Gumagarh in Odisha, does not have big expectations until circumstances force him into local politics.",benudhar kandi hailing little village gumagarh odisha big expectations circumstances force local politics
1645. Kapalit,"Audrey is hired as a private nurse by Stan for his sick wife, Demi. But as Audrey spends time with the married couple, she falls for Stan and works her way to replace Demi as Stan's lover.",audrey hired private nurse stan sick wife demi audrey spends time married couple falls stan works way replace demi stan lover
1646. Rifle Club,A historic rifle club faces a vengeful arms dealer's gang in the Western Ghats. Skilled hunters fight to survive and protect their legacy.,historic rifle club faces vengeful arms dealer gang western ghats skilled hunters fight survive protect legacy
1647. Mother Father Sister Brother Frank,A suburban family plots murder when an uncle crashes Sunday dinner with a nasty surprise.,suburban family plots murder uncle crashes sunday dinner nasty surprise
1648. Deadly Ruphoria,"A rare night out for college student Shana Jones turns deadly when Romeon Kingston, the head of a human trafficking ring, sets his sights on her.",rare night college student shana jones turns deadly romeon kingston head human trafficking ring sets sights
1649. Kingdom 4: Return of the Great General,"While Qin continues to fight for the unification of the region, its neighboring country invades Qin from the north.",qin continues fight unification region neighboring country invades qin north
1650. Son's Will,"A post-apocalyptic tale set in the west Balkans, after a nuclear war.",post apocalyptic tale set west balkans nuclear war
1651. La Casa,"After the death of their father Antonio, his three grown children and their families gather at his modest vacation home to prepare it for sale. During their short stay, long-buried memories and secrets rise to the surface.",death father antonio three grown children families gather modest vacation home prepare sale short stay long buried memories secrets rise surface
1652. The Good Teacher,"When a Literature teacher is confronted with a teenage student's complaint of inappropriate behavior, he is called upon to fight to protect his name, his position in the school, and his longtime gay relationship, which no one knows.",literature teacher confronted teenage student complaint inappropriate behavior called upon fight protect name position school longtime gay relationship one knows
1653. 24 Hours to D-Day,A squad of American paratroopers are dropped behind enemy lines in Nazi occupied France to prepare a signal beacon to guide Allied forces in preparation for D-Day.,squad american paratroopers dropped behind enemy lines nazi occupied france prepare signal beacon guide allied forces preparation day
1654. Everybody Loves Touda,"Touda is a Sheikha, a traditional Moroccan singer. Performing in the bars of her provincial town under the gaze of men, she plans to leave for the lights of Casablanca, to gain recognition and ensure a better future for her son.",touda sheikha traditional moroccan singer performing bars provincial town gaze men plans leave lights casablanca gain recognition ensure better future son
1655. The Other Way Around,"After 15 years as a couple, Ale and Alex decide to throw a party to celebrate their separation, leaving their loved ones perplexed.",years couple ale alex decide throw party celebrate separation leaving loved ones perplexed
1656. I Want to Be Neenja! The Movie,"One of the greatest songs ever is now a movie. Buckle up for a laughter-filled ride. Jennifer Murphy ""GoGirl"" is a superhero on a mission to spread smiles, but she is being sabotaged by Chow, the billionaire ninja villain. Who will win?!.",one greatest songs ever movie buckle laughter filled ride jennifer murphy gogirl superhero mission spread smiles sabotaged chow billionaire ninja villain win
1657. Humans in the Loop,"A single mother from the Oraon tribe balances training AI systems and reconnecting with her roots, while her pre-teen son struggles to accept their new life away from the city.",single mother oraon tribe balances training ai systems reconnecting roots pre teen son struggles accept new life away city
1658. Matters of the Heart,"Follows a middle-class family who, on the surface, have a happy and perfect life. But behind the facade, the family is on the verge of disintegration due to the father's escalating alcohol consumption.",follows middle class family surface happy perfect life behind facade family verge disintegration due father escalating alcohol consumption
1659. A Million Minutes,"Vera and Wolf Küper, parents to Nina and Simon, navigate work and family stress. Their world gets shaken with Nina's motor disorder diagnosis, reminding Wolf of her wish for a million minutes, just for the really nice things.",vera wolf k per parents nina simon navigate work family stress world gets shaken nina motor disorder diagnosis reminding wolf wish million minutes really nice things
1660. Electra,A journalist and his female companion travel to interview a famous musician in Rome where a generous invite to a country estate becomes something much more than anyone expected.,journalist female companion travel interview famous musician rome generous invite country estate becomes something much anyone expected
1661. Intoxicated by Love,"Story of Rumi, his friendship with Shams Tabrizi, the love he had for him and the great influence of Shams over him in his life, his poetry and his love for God.",story rumi friendship shams tabrizi love great influence shams life poetry love god
1662. Oshi no Ko: The Final Act,"Goro is a gynecologist and idol fan who's in shock after his favorite star, Ai, announces an impromptu hiatus. Little does Goro realize that he's about to forge a bond with her that defies all common sense!. Lies are an idol's weapon!.",goro gynecologist idol fan shock favorite star ai announces impromptu hiatus little goro realize forge bond defies common sense lies idol weapon
1663. Bambi: A Tale of Life in the Woods,"From birth, Bambi is close to his mother, learning survival in the forest. He makes friends, but after hunters kill his mother, he becomes an orphan. With guidance from his father, Bambi learns to navigate life's dangers and matures.",birth bambi close mother learning survival forest makes friends hunters kill mother becomes orphan guidance father bambi learns navigate life dangers matures
1664. Rolling Papers,"A portrait of European youth as they navigate life in their twenties, grappling with uncertainty and searching for purpose.",portrait european youth navigate life twenties grappling uncertainty searching purpose
1665. The Legend of Lake Hollow,A group of friends at a remote lakeside cabin find themselves in a deadly nightmare when trail cameras on the property reveal they are surrounded by more than just Mother Nature.,group friends remote lakeside cabin find deadly nightmare trail cameras property reveal surrounded mother nature
1666. Kuyang,"A candidate of civilian servant named Bimo was assigned to an isolated village in Borneo island and brought his wife, Sriatun, who was pregnant. Strange events began to occur since their arrival in the village.",candidate civilian servant named bimo assigned isolated village borneo island brought wife sriatun pregnant strange events began occur since arrival village
1667. 11:11,"11:11 is about an outcast writer who, due to his troubled state of mind, lives in a derelict house with his delusions. He is suddenly threatened by mysterious figures in black to write a story they want. Otherwise, at exactly 11:11, they will raid his house and not eliminate him, but force him to comply with their demands in their own way, which is worse than annihilation. Now he is caught in a dilemma between staying and submitting or erasing himself before the appointed time.",outcast writer due troubled state mind lives derelict house delusions suddenly threatened mysterious figures black write story want otherwise exactly raid house eliminate force comply demands way worse annihilation caught dilemma staying submitting erasing appointed time
1668. Chantal in Fairyland,"Chantal will be involuntarily transported to a fairy tale world, fighting against witches and tyrant kings, but above all for her friendship with Zeynep.",chantal involuntarily transported fairy tale world fighting witches tyrant kings friendship zeynep
1669. Viva La Vida,"A young woman who needs a kidney transplant wants to marry someone who will be able to donate a kidney, and meets a young man who has a brain disease.",young woman needs kidney transplant wants marry someone able donate kidney meets young man brain disease
1670. Young Werther,"Werther, a carefree and charming young writer, stumbles across the love of his life only to find out she's engaged. Against his best friend's urgings, Werther turns his world upside down in a misguided and hilarious quest to win her heart.",werther carefree charming young writer stumbles across love life find engaged best friend urgings werther turns world upside misguided hilarious quest win heart
1671. Eagle,A journalist uncovers the story of a ruthless assassin when she investigates a government cover up.,journalist uncovers story ruthless assassin investigates government cover
1672. The Wild Blade of Strangers,"In a power struggle, the Prince of Qi executes the Crown Prince's heir. Charcoal seller Tian Anye gets entangled, revealing his past and truth about Liang City's deceased residents amid chaos of foes and allies.",power struggle prince qi executes crown prince heir charcoal seller tian anye gets entangled revealing past truth liang city deceased residents amid chaos foes allies
1673. Noah's Ark,Tom and Vini are two bohemian mice who stow away on Noah's Ark. They must use their musical talents to enter a competition and help maintain peace among the animals.,tom vini two bohemian mice stow away noah ark must use musical talents enter competition help maintain peace among animals
1674. The Ballad of Suzanne Césaire,"An actress, three months post-partum, reads through fragments of the archive of Suzanne Césaire as she prepares to perform excerpts of the writer's work.",actress three months post partum reads fragments archive suzanne c saire prepares perform excerpts writer work
1675. Sengkolo: Malam satu suro,"In Javanese culture, Sengkolo is a negative entity that often haunts humans, brings bad luck and brings disaster. On the first night of Suro, Sengkolo moved to target several weton who were his prey.",javanese culture sengkolo negative entity often haunts humans brings bad luck brings disaster first night suro sengkolo moved target several weton prey
1676. All the Long Nights,"Misa, battling PMS and stigma, starts anew at Kurita Optics. Amidst work and sweets, she meets Takatoshi. Despite his quiet demeanor and struggle with panic attacks, a deep bond forms.",misa battling pms stigma starts anew kurita optics amidst work sweets meets takatoshi despite quiet demeanor struggle panic attacks deep bond forms
1677. Bleeding,"In a world where vampire blood is harvested as a drug, two desperate teenagers on the run from a vicious dealer break into an empty house and find a sleeping girl locked inside.",world vampire blood harvested drug two desperate teenagers run vicious dealer break empty house find sleeping girl locked inside
1678. No Chains No Masters,"Massamba and his daughter Mati, slaves on Eugène Larcenet's plantation, hatch a daring plan to escape slavery, braving numerous obstacles in their pursuit of freedom.",massamba daughter mati slaves eug ne larcenet plantation hatch daring plan escape slavery braving numerous obstacles pursuit freedom
1679. Identity,The main character recovers consciousness after a terrifying accident and discovers that it is 2035. The last thing he can recall is his work for a corporation that created robotized systems.,main character recovers consciousness terrifying accident discovers last thing recall work corporation created robotized systems
1680. The Deserter,"1945: The last days of the war. In a remote mountain hut, Anton, a deserted SS man, and Hannah, a Jewish woman, meet. From distrust, feelings develop between the two. But the danger is ever present. For the two, the war is far from over.",last days war remote mountain hut anton deserted ss man hannah jewish woman meet distrust feelings develop two danger ever present two war far
1681. Mukadderat,After the loss of her husband Sultan wants to remarry. Thus she finds herself in a new way.,loss husband sultan wants remarry thus finds new way
1682. Seeds,"A Mohawk woman is hired as a social media influencer but gets caught in a deadly cat-and-mouse game, as she's forced to go to war to preserve her people's heritage from corporate interests.",mohawk woman hired social media influencer gets caught deadly cat mouse game forced go war preserve people heritage corporate interests
1683. Tempting,A titillating story about a group of five macho dancers navigating their own lives and the women who would do anything to keep them by their side.,titillating story group five macho dancers navigating lives women would anything keep side
1684. No Reception,"After being stranded in the wilderness with nothing but his hand sanitizer, a posh city dweller gets caught up in a longstanding feud between two forest hermits.",stranded wilderness nothing hand sanitizer posh city dweller gets caught longstanding feud two forest hermits
"1685. The Way, My Way","Based on the best selling Camino memoir, The Way, My Way, written by Bill Bennett, the film documents one man's journey along the Camino de Santiago, searching for meaning, not realizing it was right in front of him, one step at a time.",based best selling camino memoir way way written bill bennett film documents one man journey along camino de santiago searching meaning realizing right front one step time
1686. #AMFAD: All My Friends Are Dead,"A group of college friends rent an Airbnb for the biggest music festival of the year. A weekend of partying quickly takes a turn, as the group is murdered one by one.",group college friends rent airbnb biggest music festival year weekend partying quickly takes turn group murdered one one
1687. Shark Warning,"Two decades later, a man returns to his hometown after a great white shark killed his brother. When the shark resurfaces and claims more victims, he forms alliances to hunt down and eliminate the predator once and for all.",two decades later man returns hometown great white shark killed brother shark resurfaces claims victims forms alliances hunt eliminate predator
1688. Quiet Life,"Refugee family in Sweden faces trauma after youngest daughter falls into unexplained coma when asylum denied. Parents struggle to find cure, resilience tested amid difficult circumstances.",refugee family sweden faces trauma youngest daughter falls unexplained coma asylum denied parents struggle find cure resilience tested amid difficult circumstances
1689. Shakhahaari,Centers on the unexpected intertwining of innocent lives leading to a murder mystery in a vegetarian restaurant run by Chef Subbanna.,centers unexpected intertwining innocent lives leading murder mystery vegetarian restaurant run chef subbanna
1690. Haunted Heart,"When Alex joins the team of a boutique seaside restaurant, sexual tensions rise as she falls for the enigmatic restaurant manager Max. Blinded by her feelings, the relationship slowly slides into a harrowing tale of survival.",alex joins team boutique seaside restaurant sexual tensions rise falls enigmatic restaurant manager max blinded feelings relationship slowly slides harrowing tale survival
1691. Swatantrya Veer Savarkar,"The life journey of Indian freedom fighter and reformer Vinayak Damodar Savarkar, popularly known as Veer Savarkar.",life journey indian freedom fighter reformer vinayak damodar savarkar popularly known veer savarkar
1692. Christmas in the Spotlight,"A famous singer and a football star begin dating, but their budding romance faces intense public scrutiny, forcing them to decide if their connection is real or merely a publicity stunt by the end of the Christmas season.",famous singer football star begin dating budding romance faces intense public scrutiny forcing decide connection real merely publicity stunt end christmas season
1693. Double Ismart,A notorious criminal with a terminal brain tumor hires a rogue scientist to transfer his mind into the body of a street-smart renegade with a unique memory transfer port in his brain.,notorious criminal terminal brain tumor hires rogue scientist transfer mind body street smart renegade unique memory transfer port brain
1694. Linda,"Self-assured Linda begins working for a wealthy Buenos Aires family. Her charm ignites sexual tension, exposing the fragility beneath their happy facade.",self assured linda begins working wealthy buenos aires family charm ignites sexual tension exposing fragility beneath happy facade
1695. The Shamrock Spitfire,"The story of Irish fighter pilot Brendan ""Paddy"" Finucane, who at the age of just 21, became the youngest ever wing commander in the Royal Air Force, and one of its greatest and most celebrated fighter aces during World War II.",story irish fighter pilot brendan paddy finucane age became youngest ever wing commander royal air force one greatest celebrated fighter aces world war ii
1696. My Valentine Wedding,"Krystal gets swept off her feet on Valentine's Day, but when her unofficial boyfriend returns, she must decide where her heart lies before she misses out on true love.",krystal gets swept feet valentine day unofficial boyfriend returns must decide heart lies misses true love
1697. Ferry 2,"After losing his drug empire, Ferry Bouman seems to have found peace away from Brabant's underworld. Why would he put it all on the line and come back?",losing drug empire ferry bouman seems found peace away brabant underworld would put line come back
1698. Passport to Love,"A successful international travel writer, Nicole, has scored a dream seaside rental to research her newest vacation article only to discover it has accidentally been booked also by Kade, a marketing rep for a competing travel magazine.",successful international travel writer nicole scored dream seaside rental research newest vacation article discover accidentally booked also kade marketing rep competing travel magazine
1699. Dark Match,"A small-time wrestling company accepts a well-paying gig in a backwoods town only to learn, too late, that the community is run by a mysterious cult leader with devious plans for their match.",small time wrestling company accepts well paying gig backwoods town learn late community run mysterious cult leader devious plans match
1700. Fasal,A farmer's story highlighting the challenges and hardships he faces while navigating the market value of his crops.,farmer story highlighting challenges hardships faces navigating market value crops
1701. Before We Forget,"An Argentinian filmmaker struggling to finish a movie about his unrequited first love receives an unexpected invitation to reconstruct his memories, revisit his past and perhaps even find a new ending to his story.",argentinian filmmaker struggling finish movie unrequited first love receives unexpected invitation reconstruct memories revisit past perhaps even find new ending story
1702. We're All Gonna Die,"In near future, everyone's gotten used to the 10, 000-mile alien tentacle that materialized in the sky, and a struggling beekeeper and a grieving wanderer must join together and take a dangerous roadtrip to get their teleported stuff back.",near future everyone gotten used mile alien tentacle materialized sky struggling beekeeper grieving wanderer must join together take dangerous roadtrip get teleported stuff back
1703. We Were Dangerous,"Nellie, Daisy and Lou attend an institution for delinquent girls on an isolated island in 1954. The trio rail against the system, finding strength in their friendship but this is challenged when the school's matron divides them.",nellie daisy lou attend institution delinquent girls isolated island trio rail system finding strength friendship challenged school matron divides
1704. Group Therapy,"A witty exploration of mental health challenges through relatable conversations, striking a balance between depth and levity.",witty exploration mental health challenges relatable conversations striking balance depth levity
1705. The Door-to-Door Bookstore,"The 70-year old Carl Kollhoff works in a little bookshop in a small town, where he wraps up books to deliver them by foot. One day the 9-year old girl Schascha joins him on his delivering-tours. She calls him the ""Buchspazierer"".",year old carl kollhoff works little bookshop small town wraps books deliver foot one day year old girl schascha joins delivering tours calls buchspazierer
1706. Dans l'ombre de Marlow,"In a deceptive desert, Marlow searches desperately for a dream-fulfilling box. As she nears her goal, a startling revelation awaits.",deceptive desert marlow searches desperately dream fulfilling box nears goal startling revelation awaits
1707. Lie to Me,"A tenacious investigator unravels a global crypto scam, revealing the psychology behind its enduring appeal even after exposure.",tenacious investigator unravels global crypto scam revealing psychology behind enduring appeal even exposure
1708. Get Fast,"After a heist goes wrong, a thief and a troubled orphan must rescue his kidnapped partner from a ruthless drug lord and her charming hitman.",heist goes wrong thief troubled orphan must rescue kidnapped partner ruthless drug lord charming hitman
1709. Valentine's Town,"Jude works for a well-known dating service that will develop a cheesy, romantic resort in his hometown of Arrowheart. Local businesswoman Melissa has organized the town against the resort. Melissa is Jude's former high school sweetheart.",jude works well known dating service develop cheesy romantic resort hometown arrowheart local businesswoman melissa organized town resort melissa jude former high school sweetheart
1710. Quisling: The Final Days,Five years of occupation during WW2 ends in Norway. Vidkun Quisling is in prison for treason and is to be held accountable for his actions. Can a priest help him find peace of mind? Can the traitor with big thoughts about himself repent?,five years occupation ww ends norway vidkun quisling prison treason held accountable actions priest help find peace mind traitor big thoughts repent
1711. If I Tell You,"Set in the Iron Range area of Minnesota, the story follows Michael, 12, a happy, friendly kid, whose life is changed the night his mom comes home with a black eye and bruised lip.",set iron range area minnesota story follows michael happy friendly kid whose life changed night mom comes home black eye bruised lip
1712. Possession: Kerasukan,"Faris, who had just returned from his duty as a soldier. Instead of being warm, his return was actually greeted with a request for divorce from his wife, Ratna.",faris returned duty soldier instead warm return actually greeted request divorce wife ratna
1713. Everything's Fifty Fifty,A divorced couple takes a trip to Italy for a family vacation with their young son and her new boyfriend.,divorced couple takes trip italy family vacation young son new boyfriend
1714. Appuram,"A teenager battles fear, societal taboos, and gender bias while honouring a promise to her mother in this poignant coming-of-age story.",teenager battles fear societal taboos gender bias honouring promise mother poignant coming age story
1715. An Ordinary Case,"A man is accused of murdering his wife. His lawyer must defend him against all odds, and especially against himself.",man accused murdering wife lawyer must defend odds especially
1716. Between Borders,"The incredible true story of an Armenian family forced to flee their home during the collapse of the Soviet Union, and embark on a journey to find a community to call their own.",incredible true story armenian family forced flee home collapse soviet union embark journey find community call
1717. Red Path,"A group of men attack two young shepherds. Achraf, 14, is obliged to bring the head of his cousin Nizar to the family as a macabre message.",group men attack two young shepherds achraf obliged bring head cousin nizar family macabre message
1718. The Haunted Apartment: Miss K,"Apartment 610 holds a dark and terrifying secret, anyone who enters will die within four days. Can Alma and her sister, Mia, somehow evade the curse?",apartment holds dark terrifying secret anyone enters die within four days alma sister mia somehow evade curse
1719. Untamed Royals,"Follows a group of wealthy, privileged youths who use their high social status to get away with crimes, but their lavish lifestyle hides a dark truth where the most vulnerable people suffer the consequences of their actions.",follows group wealthy privileged youths use high social status get away crimes lavish lifestyle hides dark truth vulnerable people suffer consequences actions
1720. The Mohican,"A Corsican shepherd refuses to sell his coastal land to criminals. After severely injuring a mobster's son who tried to threaten him, he becomes the target of a ruthless manhunt.",corsican shepherd refuses sell coastal land criminals severely injuring mobster son tried threaten becomes target ruthless manhunt
1721. Double Exposure,The past and present mysteriously collide as a struggling artist grapples with guilt over what happened to his first love.,past present mysteriously collide struggling artist grapples guilt happened first love
1722. The Ghost Trap,A young lobsterman is forced to choose between right and wrong when his girlfriend suffers a traumatic head injury and a rival lobstering family sabotages his gear.,young lobsterman forced choose right wrong girlfriend suffers traumatic head injury rival lobstering family sabotages gear
1723. Invader,"A young woman arrives in the Chicago suburbs and begins to suspect that something terrible has happened to her missing cousin, but soon realizes that her greatest fears don't even begin to scratch the surface.",young woman arrives chicago suburbs begins suspect something terrible happened missing cousin soon realizes greatest fears even begin scratch surface
1724. Amusement Park,"Anonymous figures walk the streets in search of encounters, until one of them breaks through the barred gate of the city park and begins to explore its paths. This forbidden territory is then sown by the imperative of desire.",anonymous figures walk streets search encounters one breaks barred gate city park begins explore paths forbidden territory sown imperative desire
1725. Killer Body Count,"Mistaken as a sex addict by her dad, Cami is sent off to a remote religious treatment center where the other kids are being hunted by a killer.",mistaken sex addict dad cami sent remote religious treatment center kids hunted killer
1726. Day Labor,"A Latino American veteran who seeks work as a day laborer in order to keep his family afloat. A regular day turns into a deadly game of survival when he is mistakenly dropped off at a private ranch in El Paso, Texas to be hunted for sport.",latino american veteran seeks work day laborer order keep family afloat regular day turns deadly game survival mistakenly dropped private ranch el paso texas hunted sport
1727. A Christmas Castle Proposal: A Royal in Paradise 2,"Despite busy schedules causing distance, Olivia and Prince Alexander travel to Torovia for Christmas with his family. Clashing cultures between their families lead to various mishaps.",despite busy schedules causing distance olivia prince alexander travel torovia christmas family clashing cultures families lead various mishaps
1728. Milestone,A small town embroiled in Civil Rights unrest receives a proposition that could change the world. There's just one caveat. They have to come together and put aside their differences.,small town embroiled civil rights unrest receives proposition could change world one caveat come together put aside differences
1729. Recalculating,"Four YouTubers documenting haunted Mississippi sites get lost after GPS errors. Stranded on a remote road with a broken car, they face mounting fear as something evil lurks in the darkness.",four youtubers documenting haunted mississippi sites get lost gps errors stranded remote road broken car face mounting fear something evil lurks darkness
1730. Nedelja,Life of Dzej Ramadanovski the popular Serbian folk singer.,life dzej ramadanovski popular serbian folk singer
1731. Heretics,Recovered footage documents the horror of a group of teens who break into the abandoned Simmons House. What begins as a thrill-seeking adventure turns into a nightmare as they discover a dark cult intent on sacrificing them one by one.,recovered footage documents horror group teens break abandoned simmons house begins thrill seeking adventure turns nightmare discover dark cult intent sacrificing one one
1732. Oye Bhole Oye,"Bhola's quest for work in the city leads him to Aveera, a rich woman drawn to his simple life. But their romance faces trouble when Bhola must save his village.",bhola quest work city leads aveera rich woman drawn simple life romance faces trouble bhola must save village
1733. Raseeli Raatein,"Rituparna is content with her quaint life in a small town, until a suppressed secret from her past comes knocking at her door.",rituparna content quaint life small town suppressed secret past comes knocking door
1734. Parasite,'Parasite' is a gripping psychological tale that explores the depths of human depravity and the lengths one will go to for survival. It's a cautionary tale of manipulation and the price of loving the wrong person.,parasite gripping psychological tale explores depths human depravity lengths one go survival cautionary tale manipulation price loving wrong person
1735. Kaskasero,"Talented mechanic Migs gets drawn into illegal street racing by a charming customer, Gabbi. As he delves deeper, learning Gabbi's troubled past, Migs' reckless choices jeopardize their bond.",talented mechanic migs gets drawn illegal street racing charming customer gabbi delves deeper learning gabbi troubled past migs reckless choices jeopardize bond
1736. The Devil's Disciples,"A forgotten prophecy resurfaces, casting a dark shadow over Lucifer's dominion. In a desperate race against time, his elite council must confront destiny -- or risk the fall of Hell's reign on Earth.",forgotten prophecy resurfaces casting dark shadow lucifer dominion desperate race time elite council must confront destiny risk fall hell reign earth
1737. Sicilian Letters,"A time during Cosa Nostra boss Matteo Messina Denaro's three decades as a fugitive from Italian justice, when he was at the peak of his nefarious powers.",time cosa nostra boss matteo messina denaro three decades fugitive italian justice peak nefarious powers
1738. The Invisibles,"A couple facing the end of marriage, when the husband starts to disappear. As he fades from existence he discovers a new world of people who have disappeared just like him.",couple facing end marriage husband starts disappear fades existence discovers new world people disappeared like
1739. The Smile Man,"A Cop with Alzheimer's disease, set to solve the case of a serial killer on the run,before he loses his memory.",cop alzheimer disease set solve case serial killer run loses memory
1740. Sex Love Venice,"Healing from a breakup, Michael escapes to Venice, Italy, where he unexpectedly finds a love that awakens his spirit and expands his heart, promising to profoundly alter the direction of his life forever.",healing breakup michael escapes venice italy unexpectedly finds love awakens spirit expands heart promising profoundly alter direction life forever
1741. The Butterfly People,"Revisits the 2011 F5 tornado that struck Joplin, Missouri, killing over 161 people. Amid the tragedy, miraculous stories emerged of otherworldly beings helping survivors. Many children called them ""Butterfly People"".",revisits f tornado struck joplin missouri killing people amid tragedy miraculous stories emerged otherworldly beings helping survivors many children called butterfly people
1742. Himas,Dana is wife to a blind ex-fireman who is unable to satisfy his wife's physical needs due to his condition. A young man enters the picture and lures Dana to a sinful relationship to satisfy her sexual frustrations.,dana wife blind ex fireman unable satisfy wife physical needs due condition young man enters picture lures dana sinful relationship satisfy sexual frustrations
1743. School of Magical Animals 3,"Children with magical animal companions at Winterstein School experience adventures spanning a forest and fashion show, encountering a snobbish cat and vegan crocodile while navigating friendship and first love.",children magical animal companions winterstein school experience adventures spanning forest fashion show encountering snobbish cat vegan crocodile navigating friendship first love
1744. Desert Fiends,Six friends on their way to a concert break down in the middle of nowhere and encounter a deranged family that lives in the desert killing anyone they come across.,six friends way concert break middle nowhere encounter deranged family lives desert killing anyone come across
1745. Bloodline Killer,Bloodline Killer is a terrifying horror-thriller that follows Moira Cole who endeavors to rebuild her shattered life after the murder of her family at the hands of her deranged and obsessed cousin.,bloodline killer terrifying horror thriller follows moira cole endeavors rebuild shattered life murder family hands deranged obsessed cousin
1746. Surrogate,"Jane Martin is recruited by Doctor Faye's clinical for healthy sex. But Jane does not respect the rules with her patients and becomes more closer with them. Ignoring the warnings of Dr. Faye, Jane puts her patients and herself in danger.",jane martin recruited doctor faye clinical healthy sex jane respect rules patients becomes closer ignoring warnings dr faye jane puts patients danger
1747. The Dragon's Tomb,"The film, set in the late Sui Dynasty, follows Hu Wanzong and his team as they uncover a conspiracy within an ancient tomb during a quest for the true dragon.",film set late sui dynasty follows hu wanzong team uncover conspiracy within ancient tomb quest true dragon
1748. God & Country,"Looks at the implications of Christian Nationalism and how it distorts not only the constitutional republic, but Christianity itself.",looks implications christian nationalism distorts constitutional republic christianity
1749. The Sin,Dance students' experimental film shoot takes an eerie turn when a crew member returns from the dead. Their interpretive dances explore the supernatural incident through a shamanistic lens.,dance students experimental film shoot takes eerie turn crew member returns dead interpretive dances explore supernatural incident shamanistic lens
1750. Star,"Follows a youngster Kalai and his aspirations of becoming a 'Star' in the Tamil Film Industry. Born in a lower-middle-class family, will Kalai overcome all his struggles to emerge as a Star?",follows youngster kalai aspirations becoming star tamil film industry born lower middle class family kalai overcome struggles emerge star
1751. Meet the Barbarians,"Brittany's Town has unanimously decided to accept Ukrainian refugees in exchange for government subsidies. However, instead of seeing Ukrainians arrive, they now see Syrian migrants, which has caused some conflicts.",brittany town unanimously decided accept ukrainian refugees exchange government subsidies however instead seeing ukrainians arrive see syrian migrants caused conflicts
1752. Waitress,Three servers are willing to do everything to find their perfect mate. They are always ready to serve.,three servers willing everything find perfect mate always ready serve
1753. The Exiles,"Evicted from their city life, a widowed woman and her daughter embark on rebuilding their future by embracing long-forgotten rural ties.",evicted city life widowed woman daughter embark rebuilding future embracing long forgotten rural ties
1754. A Beautiful Imperfection,"The passionate story of the life and love of Lucia, a renowned veiled courtesan who is the exception to the rule.",passionate story life love lucia renowned veiled courtesan exception rule
1755. Halinghing,A photojournalist assigned to cover the story of an award-winning actress who is accused of killing her businessman husband.,photojournalist assigned cover story award winning actress accused killing businessman husband
1756. Slay,"After a booking mistake, four drag queens find themselves performing for a mostly unwelcoming crowd, but when vampires attack, the crowd looks to the queens to save the day.",booking mistake four drag queens find performing mostly unwelcoming crowd vampires attack crowd looks queens save day
1757. Conjuring the Cult,"After finding his daughter's bloodied body, David joins a support group, but a cult offers to resurrect her. His choices will determine not only his fate but his daughter's soul.",finding daughter bloodied body david joins support group cult offers resurrect choices determine fate daughter soul
1758. Marry Christmas,"After finding love, the Wright Brothers (Joey and Matthew Lawrence) unwittingly schedule weddings for the same day. A sibling rivalry ensues for the right to wed their brides on Christmas.",finding love wright brothers joey matthew lawrence unwittingly schedule weddings day sibling rivalry ensues right wed brides christmas
1759. American Dream: The 21 Savage Story,Follows 21 Savage's journey from UK birth to US upbringing where he conquers adversity like poverty and crime to attain success in rap music.,follows savage journey uk birth us upbringing conquers adversity like poverty crime attain success rap music
1760. The Best Friend,"On Canoa Quebrada beach, the reunion between two friends rekindles old desires.",canoa quebrada beach reunion two friends rekindles old desires
1761. The Killgrin,"After a personal tragedy, Miranda explores unconventional self-help methods, only to learn from a spiritual healer that she has an infection of her aura called a 'killgrin', which thrives off her misery.",personal tragedy miranda explores unconventional self help methods learn spiritual healer infection aura called killgrin thrives misery
1762. Daniela Forever,Follows a man as he joins a sleep trial that allows him to rebuild his life with his girlfriend who died in an accident through the use of lucid dreams.,follows man joins sleep trial allows rebuild life girlfriend died accident use lucid dreams
1763. They Call Her Death,"Molly Pray is on a bloody crusade against the criminal forces who have wronged her. Her mission strikes at the myth of manifest destiny, but for Molly, with the embodied specter of Death on her side, this isn't political. This is personal.",molly pray bloody crusade criminal forces wronged mission strikes myth manifest destiny molly embodied specter death side political personal
1764. Kisko Tha Pata,The story of Kisko Tha Pata revolves around three people.,story kisko tha pata revolves around three people
1765. Nemlizade,"Unable to marry his lover Keriman due to poverty, Onur becomes the neighborhood headman after his uncle is paralyzed. Despite locals' disapproval, Onur and his friends strive to retain the position.",unable marry lover keriman due poverty onur becomes neighborhood headman uncle paralyzed despite locals disapproval onur friends strive retain position
1766. Marco,Enric Marco was a Spanish trade unionist who falsely claimed to have survived Nazi concentration camps. He chaired a Holocaust survivors' group until his lie was exposed in 2005.,enric marco spanish trade unionist falsely claimed survived nazi concentration camps chaired holocaust survivors group lie exposed
1767. Jorgovani,"Comic satire of Balkan film industry that shines light on questionable relationships, unstable personalities and the thin line between fulfillment and sucess.",comic satire balkan film industry shines light questionable relationships unstable personalities thin line fulfillment sucess
1768. Tu Sangre,"Fourteen-year-old Sofia's mother vanished from the boarding school where she worked. After a Ouija board reveals she must search there, Sofia enrolls at the school to uncover what happened to her.",fourteen year old sofia mother vanished boarding school worked ouija board reveals must search sofia enrolls school uncover happened
1769. Broken Innocence,"When a young girl suffers years of horrendous sexual abuse from her monster of a father, she finally breaks spawning a cold, hateful and manipulative teenager, that will stop at nothing, to get her own way - including murder.",young girl suffers years horrendous sexual abuse monster father finally breaks spawning cold hateful manipulative teenager stop nothing get way including murder
1770. Codename: Devil,"For 25 years the army was Max's only family. When he left, it seemed that nothing would fill the void. The veteran returns to his hometown and finds himself in the middle of a gang war.",years army max family left seemed nothing would fill void veteran returns hometown finds middle gang war
1771. Operation Undead,"1941. Chumphon Province, Thailand. Mok and his ragtag unit of young soldiers are thrown against the invading Japanese forces. The invaders bring with them a terrifying biological weapon, unaware that it has plans of its own.",chumphon province thailand mok ragtag unit young soldiers thrown invading japanese forces invaders bring terrifying biological weapon unaware plans
1772. The Shadows of the Web,"An educational resource that explores tech companies' role in protecting young people online, the rising threat of online child exploitation and abuse, the nation's response, and challenges in safeguarding young people in the digital age.",educational resource explores tech companies role protecting young people online rising threat online child exploitation abuse nation response challenges safeguarding young people digital age
1773. Cellphone,"Wynne, who is suffering PTSD from the death of her fiancé, starts seeing disturbing images on her cell phone about her future. If she doesn't figure them out in time, she will die.",wynne suffering ptsd death fianc starts seeing disturbing images cell phone future figure time die
1774. Beezel,"Over 60 years, three guests of a cursed home discover an eternal witch who lives beneath it with an insatiable thirst for living souls.",years three guests cursed home discover eternal witch lives beneath insatiable thirst living souls
1775. Sweet Release,"Two girl best friends and a young man take on a journey of self-discovery. Along the way, their bond deepens as they explore their sexual desires.",two girl best friends young man take journey self discovery along way bond deepens explore sexual desires
1776. Snatched,"When a dangerous criminal from her past breaks out of prison, a former CIA agent must tap back into her lethal skills to protect her family.",dangerous criminal past breaks prison former cia agent must tap back lethal skills protect family
1777. Offworld: Alien Planet,"2117: A colonization mission to the new world of Epsilon Eridani B is struck by disaster as the ship crashes, leaving a small number of survivors to fend for themselves against numerous dangers.",colonization mission new world epsilon eridani b struck disaster ship crashes leaving small number survivors fend numerous dangers
1778. The Throwback,"A married couple are thrown into a crisis when the wife, an under-appreciated and stressed ""supermom,"" suffers a post-traumatic breakdown during the holiday season, causing her to regress to her college-age, party-girl self.",married couple thrown crisis wife appreciated stressed supermom suffers post traumatic breakdown holiday season causing regress college age party girl self
1779. Isolation,"Jovan, a young biologist, gets a well-paying job in a forest, but when he checks the cameras he discovers a man and as time goes by the night calls, strange sounds and isolation plunge him into paranoia.",jovan young biologist gets well paying job forest checks cameras discovers man time goes night calls strange sounds isolation plunge paranoia
1780. Finding Tony,"When a depressed, widowed NBA star loses everything, he reluctantly begins coaching a junior college women's basketball team, where he meets an orphaned basketball phenom who will change his life forever.",depressed widowed nba star loses everything reluctantly begins coaching junior college women basketball team meets orphaned basketball phenom change life forever
1781. Six Days in August,"The Prophet Joseph Smith is dead, killed by a mob. Enemies of the LDS Church think the church will die with Joseph. In fact that danger is a real possibility. The crisis is undeniable, and the saints in Nauvoo are in chaos.",prophet joseph smith dead killed mob enemies lds church think church die joseph fact danger real possibility crisis undeniable saints nauvoo chaos
1782. Warchief,"A group of guardians are tasked with protecting a messenger who must deliver vital information to their king. On their journey through an ancient land, they face a battle filled with plagues, dark magic and vile monsters.",group guardians tasked protecting messenger must deliver vital information king journey ancient land face battle filled plagues dark magic vile monsters
1783. Casatoria,A degenerate gambler and his two idiot friends come up with an elaborate plan to pay down their colossal gambling debts by marrying the dysfunctional daughter of an upstart billionaire.,degenerate gambler two idiot friends come elaborate plan pay colossal gambling debts marrying dysfunctional daughter upstart billionaire
1784. Mahal Ko Ang Mahal Mo,Two women hurt by the same man form an alliance to catch their womanizer boyfriend in the act. But their unexpected bond leads to an unlikely romance between them.,two women hurt man form alliance catch womanizer boyfriend act unexpected bond leads unlikely romance
1785. Snow White and the Seven Samurai,"Left for dead by her rich and powerful stepmother, Snow White is taken in by a team of assassins - The Seven Samurai, who train her in their ways of fighting.",left dead rich powerful stepmother snow white taken team assassins seven samurai train ways fighting
1786. Fury 12 Hours,"Many years after retiring from the army, special forces soldier Lei Jun brought his family to the chaotic Philippines to make a living, but he accidentally lost his wife and daughter in a riot.",many years retiring army special forces soldier lei jun brought family chaotic philippines make living accidentally lost wife daughter riot
1787. Lady Guard,Warehouse security guard Estelle allows illegal gambling for bribes. New recruit Meryl's arrival threatens Estelle's position and benefits from overlooking the illicit activities.,warehouse security guard estelle allows illegal gambling bribes new recruit meryl arrival threatens estelle position benefits overlooking illicit activities
1788. 12 to Midnight,"A detective, despondent after the murder of his wife and forced to resign, is brought back to the force when a serial killer appears to be taunting him and turns out to be superhuman.",detective despondent murder wife forced resign brought back force serial killer appears taunting turns superhuman
1789. To Live Through Death,"After a tragic loss of his family, Chen, an ex criminal changes his face with cosmetic surgery and becomes a cook in a restaurant. Fifteen years later a woman asks him for help against human traffic gangs.",tragic loss family chen ex criminal changes face cosmetic surgery becomes cook restaurant fifteen years later woman asks help human traffic gangs
1790. Bound in Heaven,"An exhausted woman (Ni Ni) ignited a man (Zhou You) whose heart was like a stone. They fell in love with each other and began a journey of exile in which spirit and body, life and death were tightly bound. The three places rolled around, burned, and entered hell together. The four seasons pass, love is happy, and then go to heaven.",exhausted woman ni ni ignited man zhou whose heart like stone fell love began journey exile spirit body life death tightly bound three places rolled around burned entered hell together four seasons pass love happy go heaven
1791. Ebony and Ivory,"In 1981, two musical legends gather at a Scottish cottage on the Mull of Kintyre for a tense summit surrounded by the smell of breaded vegetarian food and the whiff of a potential Global Smash hit single.",two musical legends gather scottish cottage mull kintyre tense summit surrounded smell breaded vegetarian food whiff potential global smash hit single
1792. Do Aur Do Pyaar,"A couple on the brink of a breakup are cheating on each other with two sexy outsiders. Whilst they're waiting to reveal their secret and go their separate ways, life has other plans for them.",couple brink breakup cheating two sexy outsiders whilst waiting reveal secret go separate ways life plans
1793. Blue Road: The Edna O'Brien Story,"A 93-year-old Irish writer Edna O'Brien recounts her controversial life, novels, love affairs, and stardom through personal journals read by actress Jessie Buckley, with perspectives from writers like Gabriel Byrne and Walter Mosley.",year old irish writer edna brien recounts controversial life novels love affairs stardom personal journals read actress jessie buckley perspectives writers like gabriel byrne walter mosley
1794. Illegal Hayatlar: Meclis,"In the realm of underground gambling, Mahsun, Sahin, and Mehmet find themselves entangled in a web of deception. Their fake political party's parliament entry leads them to further exploit the absurd situation for personal gain.",realm underground gambling mahsun sahin mehmet find entangled web deception fake political party parliament entry leads exploit absurd situation personal gain
1795. Trapped Inn,An American cycling team trains at a remote European lodge. Teammates start dying mysteriously. Rivals Connor and Greg battle to survive and uncover the cause behind the team's demise.,american cycling team trains remote european lodge teammates start dying mysteriously rivals connor greg battle survive uncover cause behind team demise
1796. Infinite Summer,Three young women's week at the beach turns into a transhumanist mystery romp in one Estonian summer.,three young women week beach turns transhumanist mystery romp one estonian summer
1797. The Lost Daughter,"A young woman follows a mysterious melody onto a remote tidal island. When she crosses back over at the next low tide, she emerges into a world where 25 years have passed.",young woman follows mysterious melody onto remote tidal island crosses back next low tide emerges world years passed
1798. Milk Teeth,"Despite her outsider heritage, a young woman gains her rural community leader's trust, but her newfound friendship with a mysterious girl from the forest threatens everything she's built.",despite outsider heritage young woman gains rural community leader trust newfound friendship mysterious girl forest threatens everything built
1799. My Oni Girl,A high school student's life takes an unexpected turn when he meets an oni (demon) girl on a quest in the human world.,high school student life takes unexpected turn meets oni demon girl quest human world
1800. My First Film,"Follow a young filmmaker, as she recounts the story of struggling to make her first feature. Fact bleeding into fiction, and past, present, and future converging to create a modern myth that redefines the very act of creation.",follow young filmmaker recounts story struggling make first feature fact bleeding fiction past present future converging create modern myth redefines act creation
1801. Spirit Springs,A band lodging at a Florida mansion discovers horror when Eden swims in the springs. An ancient spirit awakens to hunt souls through the night. Something lurks beneath the water.,band lodging florida mansion discovers horror eden swims springs ancient spirit awakens hunt souls night something lurks beneath water
1802. Street Trash,A group of homeless misfits must fight for survival when they discover a plot to exterminate every homeless person in the city.,group homeless misfits must fight survival discover plot exterminate every homeless person city
1803. ZEF: The Story of Die Antwoord,"The story of the controversial South African band Die Antwoord. Tracing them from their humble beginnings to global phenomenon. Like their music the documentary is shocking, provocative, highly creative and strangely funny.",story controversial south african band die antwoord tracing humble beginnings global phenomenon like music documentary shocking provocative highly creative strangely funny
1804. Ataturk II: 1881-1919,"After proving himself at Gallipoli in 1915, Mustafa Kemal began his journey, facing major battles against Russians on the eastern front and British in Syria, becoming the only undefeated Ottoman officer in WW1.",proving gallipoli mustafa kemal began journey facing major battles russians eastern front british syria becoming undefeated ottoman officer ww
1805. À bicyclette!,"Mathias takes his best friend Philippe on a bicycle road trip. Together they will retrace the journey that Youri, his son, had undertaken before tragically disappearing. An epic that they will experience with tenderness, humor and emotion.",mathias takes best friend philippe bicycle road trip together retrace journey youri son undertaken tragically disappearing epic experience tenderness humor emotion
1806. Stealing Pulp Fiction,"It follows Jonathan, Elizabeth and Steve as they try to steal Quentin Tarantino's personal print of Pulp Fiction (1994).",follows jonathan elizabeth steve try steal quentin tarantino personal print pulp fiction
1807. Ek Anjaan Rishtey Ka Guilt 3,"Akshay, a charismatic Casanova, has an illicit affair with his boss' wife, Ayesha, but life takes an unexpected turn when Akshay and Ayesha's step-daughter, Kriti, fall in love. Will purity of LOVE win over desires of LUST?",akshay charismatic casanova illicit affair boss wife ayesha life takes unexpected turn akshay ayesha step daughter kriti fall love purity love win desires lust
1808. Face Off 7: One Wish,"When a 73-year-old widow is forced to depend on the care of her 5 busy adult children after an injury, she begins to question the meaning of family love.",year old widow forced depend care busy adult children injury begins question meaning family love
1809. Secrets of the Neanderthals,"A unique excavation unravels the complex and creative nature of Neanderthals, shattering preconceptions through the lens of a landmark discovery - the best-preserved Neanderthal skeleton found in over 25 years.",unique excavation unravels complex creative nature neanderthals shattering preconceptions lens landmark discovery best preserved neanderthal skeleton found years
1810. 3310'dan Tüm Birimlere,,nan
1811. I Am Kathalan,A college student decides to hack into the security system of a company owned by his ex-girlfriend's father.,college student decides hack security system company owned ex girlfriend father
1812. Perfect Blue,"A pop singer gives up her career to become an actress, but she slowly goes insane when she starts being stalked by an obsessed fan and what seems to be a ghost of her past.",pop singer gives career become actress slowly goes insane starts stalked obsessed fan seems ghost past
1813. Sikaar,A Tea garden worker Sankar must apply his hunting skills when he travels from India to London so he may save his fiancé.,tea garden worker sankar must apply hunting skills travels india london may save fianc
1814. Zebra,A group of white collar fraudsters become entangled with a vicious criminal as they plan an audacious heist.,group white collar fraudsters become entangled vicious criminal plan audacious heist
1815. Giannis: The Marvelous Journey,"The story of Giannis Antetokounmpo, global NBA superstar, from the streets of Athens to becoming an NBA champion and two-time league MVP.",story giannis antetokounmpo global nba superstar streets athens becoming nba champion two time league mvp
1816. Mani nude,A wealthy young man is kidnapped by a mysterious organization and forced to participate in extreme underground bare-knuckle fights that can only end in one way: with a contestant's death.,wealthy young man kidnapped mysterious organization forced participate extreme underground bare knuckle fights end one way contestant death
1817. Two to One,"After the fall of the Berlin Wall, a communist family discovers a bunker full of money soon to be worthless. With the help of their neighbors, they embark on a race against time to enter the capitalist world in style.",fall berlin wall communist family discovers bunker full money soon worthless help neighbors embark race time enter capitalist world style
1818. The Shelter,"On a solo hike, a woman finds herself stalked by a bear. Only one will survive.",solo hike woman finds stalked bear one survive
1819. National Theatre Live: The Motive and the Cue,Explores acting giants Burton and Gielgud staged Hamlet on Broadway in 1964.,explores acting giants burton gielgud staged hamlet broadway
1820. Mission: Cross,"In the ultimate test of marriage, an agent-turned-househusband gets tangled in a perilous mission with his detective wife, who's clueless about his past.",ultimate test marriage agent turned househusband gets tangled perilous mission detective wife clueless past
1821. Le dernier souffle,Doctor Augustin Masset engages renowned writer Fabrice Toussaint in a philosophical dialogue exploring life and death. A series of profound encounters guides Toussaint to confront his fears and anxieties.,doctor augustin masset engages renowned writer fabrice toussaint philosophical dialogue exploring life death series profound encounters guides toussaint confront fears anxieties
1822. Purna Bahadur Ko Sarangi,"A struggling single father battles poverty, using his musical talents to support and inspire his son. Together, they persevere through hardship, fueled by the father's dream of a better life.",struggling single father battles poverty using musical talents support inspire son together persevere hardship fueled father dream better life
1823. A Thousand Cuts,"True crime hosts covering a 30-year-old murder find their crumbling relationship mirroring the brutal case they're investigating, all while broadcasting live.",true crime hosts covering year old murder find crumbling relationship mirroring brutal case investigating broadcasting live
1824. Hope's Hollywood Christmas,"A struggling single mom takes a temp job with an aging movie star and teams up with the star's chauffeur to stop a scheming lawyer and agent from stealing her fortune, finding love and holiday magic along the way.",struggling single mom takes temp job aging movie star teams star chauffeur stop scheming lawyer agent stealing fortune finding love holiday magic along way
1825. Demonte Colony 2,"A group of friends who return to a cursed location, driven by curiosity and the quest to uncover the truth behind the malevolent spirits that reside there.",group friends return cursed location driven curiosity quest uncover truth behind malevolent spirits reside
1826. She Came Back,"The terrifying journey of Charley who, after a near-death experience, is haunted by her relationship with her deceased mother.",terrifying journey charley near death experience haunted relationship deceased mother
1827. Chapel,A man becomes a suspect in a serial murder case after waking from a coma with no recollection of who he is,man becomes suspect serial murder case waking coma recollection
1828. Occupied,"America is no longer a sovereign nation, dual citizens control our government. We've been occupied. It's time for humanity to unite against our common enemy.",america longer sovereign nation dual citizens control government occupied time humanity unite common enemy
"1829. Hello, Love, Again","After fighting for their love to conquer the time, distance and a global shutdown that kept them apart, Joy and Ethan meet again in Canada but realize that they have also changed a lot, individually.",fighting love conquer time distance global shutdown kept apart joy ethan meet canada realize also changed lot individually
1830. Dance with the Devil,An easy heist quickly goes wrong for three stuck-up kids who think they have found the perfect target in an old man from the neighborhood.,easy heist quickly goes wrong three stuck kids think found perfect target old man neighborhood
1831. Silence 2: The Night Owl Bar Shootout,"ACP Avinash Verma (Manoj Bajpayee) and his SCU are called upon by the Commissioner of Police to investigate a mass shoot-out at the Night Owl Bar in Mumbai. Layers begin to peel at something bigger, deeper, and darker at play.",acp avinash verma manoj bajpayee scu called upon commissioner police investigate mass shoot night owl bar mumbai layers begin peel something bigger deeper darker play
1832. Love at 39 Degrees,"Fatih and Kumru, a lawyer from different cities, team up for a case involving a cheating spouse. They spend 8 hours racing around Izmir gathering evidence, unexpectedly altering their plans and lives.",fatih kumru lawyer different cities team case involving cheating spouse spend hours racing around izmir gathering evidence unexpectedly altering plans lives
1833. Buzzheart,"Driven by deep concern for their fragile daughter, her parents subject her boyfriend to shockingly intense and brutal tests, pushing the boundaries of his love to its absolute limits.",driven deep concern fragile daughter parents subject boyfriend shockingly intense brutal tests pushing boundaries love absolute limits
1834. Belle,"A teacher and opticians practice couple leads a peaceful life in a small town. Their life turned upside when Belle, a friend's daughter found dead in her room. He becomes the prime suspect as the only one at home at the time.",teacher opticians practice couple leads peaceful life small town life turned upside belle friend daughter found dead room becomes prime suspect one home time
1835. Murder and Cocktails,"When a neighbor on their floor is murdered, married couple Nick and Lana host cocktail parties in their apartment in an attempt to discover which of their neighbors pulled the trigger.",neighbor floor murdered married couple nick lana host cocktail parties apartment attempt discover neighbors pulled trigger
1836. The Roast of Tom Brady,"Tom Brady faces the heat in this livestreamed, star-studded roast hosted by Kevin Hart.",tom brady faces heat livestreamed star studded roast hosted kevin hart
1837. Desert Road,A woman crashes her car and walks down the road for help - only to find no matter which way she walks she ends up back at her crashed car again.,woman crashes car walks road help find matter way walks ends back crashed car
1838. Unsinkable,Award-winning film about the political intrigue and drama during the inquiry and investigation into the sinking of Titanic.,award winning film political intrigue drama inquiry investigation sinking titanic
1839. No Time to Spy: A Loud House Movie,"Lincoln and the Louds are ecstatic to welcome their new Gran-Gran, Myrtle, into the family with a tropical wedding celebration, but the festivities are cut short when an old nemesis from Myrtle's secret agent past appears on the island.",lincoln louds ecstatic welcome new gran gran myrtle family tropical wedding celebration festivities cut short old nemesis myrtle secret agent past appears island
1840. Dahomey,"The journey of 26 plundered royal treasures from the Kingdom of Dahomey exhibited in Paris, now being returned to Benin. Diop artistically voices a new generation's demands.",journey plundered royal treasures kingdom dahomey exhibited paris returned benin diop artistically voices new generation demands
1841. Alien Weekend,"The night Violet learns she is pregnant, she and her three adorably nerdy best friends find themselves in the heart of an interplanetary crisis after an egg-the last female of an extraterrestrial species-crash lands in their little town.",night violet learns pregnant three adorably nerdy best friends find heart interplanetary crisis egg last female extraterrestrial species crash lands little town
1842. Beacon,"An ambitious solo trip leads to a young sailor's shipwreck on a remote island, where she's rescued by the lone inhabitant, a lighthouse keeper. As reality twists and their trust fractures, survival becomes a grueling trial.",ambitious solo trip leads young sailor shipwreck remote island rescued lone inhabitant lighthouse keeper reality twists trust fractures survival becomes grueling trial
1843. The Ark and the Darkness,"Noah's Ark withstands a global flood, corroborated by scientific evidence across disciplines. A team exposes the truth behind this ancient tale found in cultures worldwide, confirming the Biblical account.",noah ark withstands global flood corroborated scientific evidence across disciplines team exposes truth behind ancient tale found cultures worldwide confirming biblical account
1844. Satisfied,Renée Elise Goldsberry's journey navigating motherhood and her role in the groundbreaking musical Hamilton.,ren e elise goldsberry journey navigating motherhood role groundbreaking musical hamilton
1845. The House on Laura Anne Dr.,A young couple move to Florida for a fresh start only to realize their new home has something sinister lurking.,young couple move florida fresh start realize new home something sinister lurking
1846. Clown 2,"A troubled young woman moves to a small town to start fresh with her aunt, but soon learns the locals have a vendetta against her family-and her past might be the key to unraveling their dangerous secrets.",troubled young woman moves small town start fresh aunt soon learns locals vendetta family past might key unraveling dangerous secrets
1847. Over the Red River,"Follows a tenacious young widow who braves the perilous desert to free her kidnapped sister and wreak vengeance on the outlaws who murdered her husband, while also crossing paths with an ex-member of the same gang that ruined her life.",follows tenacious young widow braves perilous desert free kidnapped sister wreak vengeance outlaws murdered husband also crossing paths ex member gang ruined life
1848. Space Command Redemption,"Space Command hopeful vision of the future, a space-going saga featuring Walking Dead's Ethan McDowell, Star Trek Discovery's Doug Jones, Star Trek Voyager's Robert Picardo, and Babylon 5's Mira Furlan, Bruce Boxleitner and Bill Mumy.",space command hopeful vision future space going saga featuring walking dead ethan mcdowell star trek discovery doug jones star trek voyager robert picardo babylon mira furlan bruce boxleitner bill mumy
1849. Dancing Village: The Curse Begins,"The village still holds many mysteries. Piece by piece of mystery is revealed, including the terror of the most feared entity, namely, Badarawuhi.",village still holds many mysteries piece piece mystery revealed including terror feared entity namely badarawuhi
1850. Viduthalai Part 2,"An unassuming school teacher faces extreme circumstances, forcing him to take up arms and lead a fiery rebellion against oppression, becoming an unlikely leader.",unassuming school teacher faces extreme circumstances forcing take arms lead fiery rebellion oppression becoming unlikely leader
1851. My Ex's Wedding,"When groom invites his ex to the wedding, the ex and her partner, who are currently having relationship issues, attend to congratulate the bride and groom. However, complications arise when old flames reignite just before the wedding day.",groom invites ex wedding ex partner currently relationship issues attend congratulate bride groom however complications arise old flames reignite wedding day
1852. Liza: A Truly Terrific Absolutely True Story,"A tribute to a young artist of unlimited raw talent and the deep, creative relationships she has with her mentors and influences.",tribute young artist unlimited raw talent deep creative relationships mentors influences
1853. Rautu Ka Raaz,"After the mysterious death of a warden of Sevadham school, it is up to inspector Negi who suffers from PTSD to solve the high-profile investigation which leads him to disturbing facts.",mysterious death warden sevadham school inspector negi suffers ptsd solve high profile investigation leads disturbing facts
1854. Wisdom of Happiness,"Dalai Lama, talks directly to camera about inner peace, happiness, and potential for peaceful, happy 21st century.",dalai lama talks directly camera inner peace happiness potential peaceful happy st century
1855. Langue Étrangère,"Fanny is 17 and still looking for herself. She struggles to make friends. When she goes to Germany, she meets pen pal Lena, who dreams of getting involved politically. Fanny is troubled. To please Lena, she is ready to do anything.",fanny still looking struggles make friends goes germany meets pen pal lena dreams getting involved politically fanny troubled please lena ready anything
1856. On the Run,Two teen sisters learn about their family's involvement with a secret program and go on the run to escape the deadly criminals targeting their family.,two teen sisters learn family involvement secret program go run escape deadly criminals targeting family
1857. Monster Mash,"Dracula, the Werewolf, the Mummy and the Invisible Man must work together to stop Dr. Frankenstein from creating an unstoppable monster.",dracula werewolf mummy invisible man must work together stop dr frankenstein creating unstoppable monster
1858. A Man's Promise,"After ending things with Shiloh Timmons, the woman he never stopped loving, Caden Granger is determined to win her back. But as the Granger family faces a web of secrets and a decades-old mystery, Caden must balance his family's legacy with the promise of a second chance at love. 2nd installment in The Granger series. Passionflix",ending things shiloh timmons woman never stopped loving caden granger determined win back granger family faces web secrets decades old mystery caden must balance family legacy promise second chance love nd installment granger series passionflix
1859. Biggest Heist Ever,"Morgan, a hipster rapper otherwise known as Razzlekhan and Forbes contributor, and her husband Lichtenstein were arrested after being accused of conspiring to launder nearly 120,000 Bitcoin.",morgan hipster rapper otherwise known razzlekhan forbes contributor husband lichtenstein arrested accused conspiring launder nearly bitcoin
1860. Witch,"Small town, England. 1575. William embarks on a journey to prove the innocence of his wife, Twyla, falsely accused of being a witch and will be put to death if found guilty. William must hunt down the real witch, to save Twyla from death.",small town england william embarks journey prove innocence wife twyla falsely accused witch put death found guilty william must hunt real witch save twyla death
1861. Shepherds,"A young Montreal advertising executive, converted to a Provençal shepherd, has various misadventures with a civil servant who has cavalierly quit her job.",young montreal advertising executive converted proven al shepherd various misadventures civil servant cavalierly quit job
1862. How to Rob a Bank,"In this true-crime documentary, a charismatic rebel in 1990s Seattle pulls off an unprecedented string of bank robberies straight out of the movies.",true crime documentary charismatic rebel seattle pulls unprecedented string bank robberies straight movies
1863. Home Sweet Loan,"Kaluna, the youngest child living at home with her extended family, dreams of having her own home. However, family problems come and hinder Kaluna's plans and force her to choose between her family and her dreams.",kaluna youngest child living home extended family dreams home however family problems come hinder kaluna plans force choose family dreams
1864. Sadik Ahmet,"Adapted from a true story, this film is about the Dr. Sadik Ahmet, who fought for the democratic rights of Muslim Turks in Western Thrace for many years.",adapted true story film dr sadik ahmet fought democratic rights muslim turks western thrace many years
1865. Streets of Gloria,"Gabriel, a closeted gay anthropologist, travels to Rio after his grandmother's death to study sex workers. He becomes seduced by his research subjects and joins them as a sex worker himself.",gabriel closeted gay anthropologist travels rio grandmother death study sex workers becomes seduced research subjects joins sex worker
1866. The Crossroads,"Ex-cowboy war vet with PTSD meets hitchhiking singer/songwriter with trust issues. He shows her simpler life, they bond over inner demons. Develop relationship after finding commonalities in each other's struggles.",ex cowboy war vet ptsd meets hitchhiking singer songwriter trust issues shows simpler life bond inner demons develop relationship finding commonalities struggles
1867. XiXi,"Through intimate video diaries, it explores intergenerational wounds and challenges social values' impact on existence. By sharing personal journeys, it offers a mirror to reflect on struggles and vulnerability when forging one's path.",intimate video diaries explores intergenerational wounds challenges social values impact existence sharing personal journeys offers mirror reflect struggles vulnerability forging one path
1868. Silip,"Paresan-worker Joel notices Rose, the girl always receiving and sleeping with different guys at the house across the food stall. He soon starts to fantasize about Rose and does all he can to get a taste of her.",paresan worker joel notices rose girl always receiving sleeping different guys house across food stall soon starts fantasize rose get taste
1869. September Says,"When September is suspended from their school, her sister July begins to assert her own independence. Tension in the family builds on holiday Ireland as a series of surreal encounters test the them all to their limit.",september suspended school sister july begins assert independence tension family builds holiday ireland series surreal encounters test limit
1870. Maryang Palad,"Lando starts working on a ship where women board to entertain the crew at each dock. He finds his ex-lover Marya, renowned for her 'magical hands,' is among them.",lando starts working ship women board entertain crew dock finds ex lover marya renowned magical hands among
1871. Self Driver,"A desperate cab driver joins a mysterious money-making app, leading him into society's shadows. As the night progresses, his morals are tested and free will questioned. The depths he'll sink reveal themselves as darkness falls.",desperate cab driver joins mysterious money making app leading society shadows night progresses morals tested free questioned depths sink reveal darkness falls
1872. Texas Cult House,A group of high school friends party at an abandoned home once owned by a cult leader. Their night of teenage rebellion spirals into a deadly fight for survival.,group high school friends party abandoned home owned cult leader night teenage rebellion spirals deadly fight survival
1873. Straight A Pregnancy,Brilliant student Kelsey gets pregnant after a one-night stand with notorious frat boy Ben. He cuts her off until learning about the pregnancy.,brilliant student kelsey gets pregnant one night stand notorious frat boy ben cuts learning pregnancy
1874. Conquer: Lahad Datu,"The Malaysian security forces in quelling the militant group of the Sulu Sultanate aka ""Operation Daulat"" in Lahad Datu, Sabah.",malaysian security forces quelling militant group sulu sultanate aka operation daulat lahad datu sabah
1875. Chainsaw Man: The Stage,Theatrical adaptation of the manga Chainsaw Man by Tatsuki Fujimoto.,theatrical adaptation manga chainsaw man tatsuki fujimoto
1876. My Sunshine,"Two young skaters, polar opposites in personality, team up to train for a figure skating duo, their growing bond blurring the lines between partners and more as winter unfolds.",two young skaters polar opposites personality team train figure skating duo growing bond blurring lines partners winter unfolds
1877. Drained,"Unemployed artist Thomas is captivated by alluring Rhea, who conceals her vampire nature. Their intense affair takes a sinister turn as Thomas becomes gravely ill.",unemployed artist thomas captivated alluring rhea conceals vampire nature intense affair takes sinister turn thomas becomes gravely ill
1878. Corina,"Corina, a 20-year-old housebound woman, accidentally compromises her publishing company's famous book saga. To save her job and the company, she must overcome her fears and, aided by Carlos, embark on a journey to find a mysterious writer.",corina year old housebound woman accidentally compromises publishing company famous book saga save job company must overcome fears aided carlos embark journey find mysterious writer
1879. The Ring,"Arnon Noble is a religious man with a strong bond to his mother, a Holocaust survivor. When the mother's health deteriorates, he travels to her old hometown, Budapest to search for the mythological ring that saved her life in the past.",arnon noble religious man strong bond mother holocaust survivor mother health deteriorates travels old hometown budapest search mythological ring saved life past
1880. GHOST: Rite Here Rite Now,Combining live performance from Ghost's sold-out Kia Forum shows in LA with a narrative story that picks up plot threads from the band's long-running webisode series.,combining live performance ghost sold kia forum shows la narrative story picks plot threads band long running webisode series
1881. Reputation,A drug dealer begins to question his life choices when his violent partner-in-crime is released from prison.,drug dealer begins question life choices violent partner crime released prison
1882. Test Screening,"Follows four teens who find out that a test screening is coming to their little cinema, but the film is actually a mind-control experiment that has terrifying effects.",follows four teens find test screening coming little cinema film actually mind control experiment terrifying effects
1883. Louise Violet,"France. End of the 19th century. Louise Violet, a Parisian teacher, is sent on a mission to the French countryside. She has to impose the free, compulsory and secular school of the Republic.",france end th century louise violet parisian teacher sent mission french countryside impose free compulsory secular school republic
1884. Aranmanai 4,"After his sister's suspicious death, a man decides to discover the hidden truth, setting off a chasm for chaos and terror.",sister suspicious death man decides discover hidden truth setting chasm chaos terror
1885. Wrong Numbers,"After a disastrous blind date, Emma strikes up conversation with Jack. They stumble into a one-night stand that turns out complicated and destructive.",disastrous blind date emma strikes conversation jack stumble one night stand turns complicated destructive
1886. The Sleeping Woman,"Ana, a nursing assistant, begins to feel attracted to Agustín, the husband of a woman in a coma whom she cares for. She then begins to be harassed by strange phenomena who want to throw her out of the house and separate her from Agustín.",ana nursing assistant begins feel attracted agust n husband woman coma cares begins harassed strange phenomena want throw house separate agust n
1887. Lula,"An intimate portrait of Luiz Inácio ""Lula"" da Silva, one of the world's most influential political figures, chronicling his extraordinary path to regaining Brazil's presidency in 2022 after a 19-month imprisonment.",intimate portrait luiz cio lula da silva one world influential political figures chronicling extraordinary path regaining brazil presidency month imprisonment
1888. Anchakkallakokkan,In a small country town a cowardly police constable must survive his first days of duty when a convicted felon in lock up tries to seek revenge.,small country town cowardly police constable must survive first days duty convicted felon lock tries seek revenge
1889. Nobody Wants to Shoot a Woman,A mother embraces a violent crime spree as a means to survive.,mother embraces violent crime spree means survive
1890. Beautiful Rebel,"The origin story of one of Italy's greatest rock stars, Gianna Nannini, who chased her dream despite obstacles from her family and the music industry.",origin story one italy greatest rock stars gianna nannini chased dream despite obstacles family music industry
1891. Mr. Bachchan,"A straight-laced income tax officer suspended due to his unwavering honesty returns to his hometown and falls in love with a woman who reciprocates his feelings, before he is reinstated and tasked with raiding the home of a powerful man.",straight laced income tax officer suspended due unwavering honesty returns hometown falls love woman reciprocates feelings reinstated tasked raiding home powerful man
1892. Bila Esok Ibu Tiada,"The story of 4 children who are starting to get busy with their own lives. Small problems always become big conflicts. Their mother, whose heart is broken, is confused about what to do. She just misses the laughter and harmony like before.",story children starting get busy lives small problems always become big conflicts mother whose heart broken confused misses laughter harmony like
1893. The Flood,Follows the last days of Louis XVI and Marie Antoinette before they were executed.,follows last days louis xvi marie antoinette executed
1894. And the Breadwinner Is...,"A film that focuses on a breadwinner and her family, which serves as a tribute to the unsung heroes who carry the weight of their loved ones' dreams on their shoulders.",film focuses breadwinner family serves tribute unsung heroes carry weight loved ones dreams shoulders
1895. Alien Country,"Reeling from the news of an unexpected pregnancy, Jimmy and Everly unknowingly release an alien invasion in their small town and learn to work together in order to save each other, their town and evidently, the entire galaxy.",reeling news unexpected pregnancy jimmy everly unknowingly release alien invasion small town learn work together order save town evidently entire galaxy
1896. Kolpaçino: 4 4'lük,"Hoping to put an end to their feud, Özgür and Sabri decide to meet at a venue to settle scores. Tayfun, eager to organize one last gambling trip before their engagement, invites ÖZgür to accompany him on this special night.",hoping put end feud zg r sabri decide meet venue settle scores tayfun eager organize one last gambling trip engagement invites zg r accompany special night
1897. Almost Popular,"Susie and Bobbie, high school sophomores, go on a quest to fulfill their dream to become part of the elite POP Girls who rule the school. After a series of unfortunate and humiliating attempts, they get their big chance.",susie bobbie high school sophomores go quest fulfill dream become part elite pop girls rule school series unfortunate humiliating attempts get big chance
1898. Mutant,"In 2150, artificial intelligence mutated and replaced humans control of the earth, and launched an eradication operation against humans. The surviving humans fought a desperate battle with the artificial intelligence army.",artificial intelligence mutated replaced humans control earth launched eradication operation humans surviving humans fought desperate battle artificial intelligence army
1899. Cheech & Chong's Last Movie,"Exploring their 5-decade career performing stand-up, making records, and starring in hit films. It covers their lives, comedy partnership, and lasting influence on pop culture.",exploring decade career performing stand making records starring hit films covers lives comedy partnership lasting influence pop culture
1900. Ski,"Skier and filmmaker Nikolai Schirmer discovers that a childhood friend trains to climb and ski 27 mountains in one trip without telling anyone, while it lingers: why did he lose his mountain partner and best friendship so many years ago?",skier filmmaker nikolai schirmer discovers childhood friend trains climb ski mountains one trip without telling anyone lingers lose mountain partner best friendship many years ago
1901. Sheriff,"Sheriff and Nazri, police officers from different departments, team up to take down Tony, a ruthless drug kingpin running a methamphetamine syndicate responsible for numerous deaths, known as the Meth Killer.",sheriff nazri police officers different departments team take tony ruthless drug kingpin running methamphetamine syndicate responsible numerous deaths known meth killer
1902. The Man You Don't Know,"The story of Donald Trump through intimate interviews with his family, friends, and colleagues, revealing a devoted patriot, a man of faith, and a generous leader who defies the media's portrayal.",story donald trump intimate interviews family friends colleagues revealing devoted patriot man faith generous leader defies media portrayal
1903. Steal Her Breath,"Virtuoso thief Laura faces her ultimate challenge: outmaneuvering relentless policewoman Maxine in a dangerous, passionate cat-and-mouse game, while a sadistic killer marks them for death.",virtuoso thief laura faces ultimate challenge outmaneuvering relentless policewoman maxine dangerous passionate cat mouse game sadistic killer marks death
1904. Goldilocks and the Three Bears: Death and Porridge,"When a group of friends arrive at the wrong address for their annual reunion vacation, Desperate, they break into a isolated house only to later discover it belongs to psychotic killers dressed as Goldilocks and the Three Bears.",group friends arrive wrong address annual reunion vacation desperate break isolated house later discover belongs psychotic killers dressed goldilocks three bears
1905. The Quiet Son,"Pierre, a widowed father, struggles as one of his sons becomes drawn to an ideology he doesn't comprehend. His son's change tests Pierre's ability to maintain their bond, set against the backdrop of post-May '68 France.",pierre widowed father struggles one sons becomes drawn ideology comprehend son change tests pierre ability maintain bond set backdrop post may france
1906. In Fidelity,"Lyle and Holly, a happily married New York couple decide to test the romantic boundaries of their monogamous relationship. Soon, a hypothetical love triangle with their rock star neighbor becomes a reality they must now navigate.",lyle holly happily married new york couple decide test romantic boundaries monogamous relationship soon hypothetical love triangle rock star neighbor becomes reality must navigate
1907. La familia Benetón,"Toni, a curmudgeon in his fifties, single and childless, runs away from children at all costs. His life takes an unexpected turn when his sister dies and overnight he becomes temporary guardian of her five adopted children.",toni curmudgeon fifties single childless runs away children costs life takes unexpected turn sister dies overnight becomes temporary guardian five adopted children
1908. Éden & Charlie,"In an uninhabited house, Éden and Charlie meet and, through their explorations, discover hidden secrets that force them to confront their repressed desires and come to terms with their identities.",uninhabited house den charlie meet explorations discover hidden secrets force confront repressed desires come terms identities
1909. He'll Never Let Go,"When Candace meets Karlton, she thinks she has met the man of her dreams. As they grow closer, his hidden truths start to reveal themselves.",candace meets karlton thinks met man dreams grow closer hidden truths start reveal
1910. Hide N Seek,"Vaishnavi, a determined investigator, discovers a disturbing link between multiple murders, taking her on a dangerous quest to unveil a dark conspiracy in this gripping Indian crime drama.",vaishnavi determined investigator discovers disturbing link multiple murders taking dangerous quest unveil dark conspiracy gripping indian crime drama
1911. Vadakkupatti Ramasamy,"A selfish, money-minded charlatan makes a living off his fellow villagers using their superstitious beliefs. When his major source of income is shut down, he tries numerous ways to reopen the temple.",selfish money minded charlatan makes living fellow villagers using superstitious beliefs major source income shut tries numerous ways reopen temple
1912. Freelance,"When a down-on-her luck video editor takes on a mysterious, well-paying job cutting snuff films, she is haunted by visions of the people in her videos.",luck video editor takes mysterious well paying job cutting snuff films haunted visions people videos
1913. Steppenwolf,Tamara searches for her missing son in a violent town. She hires a morally questionable ex-detective to find him. His methods are cruel but she is determined to find her son whatever the cost.,tamara searches missing son violent town hires morally questionable ex detective find methods cruel determined find son whatever cost
1914. Lucky Winners,"After winning the lottery, the happy winners see their lives change into a nightmare.",winning lottery happy winners see lives change nightmare
1915. Prodigies,"Twin sisters, driven by passion for piano, join an elite music university. Diagnosed with a debilitating illness threatening their hands, they refuse to abandon their dream, fighting to reinvent themselves as prodigious pianists.",twin sisters driven passion piano join elite music university diagnosed debilitating illness threatening hands refuse abandon dream fighting reinvent prodigious pianists
1916. Poovu,"Travelling with four women who influenced him most in life - mother, wife, daughter and the first lover is fifty year old Jeevan. And time and seasons and places entwine hands with Jeevan on this journey. Just as he had desired.",travelling four women influenced life mother wife daughter first lover fifty year old jeevan time seasons places entwine hands jeevan journey desired
1917. Festival of the Living Dead,"While attending a festival to commemorate the original zombie attack, Ash and her friends encounter the living dead and must fight back or be devoured.",attending festival commemorate original zombie attack ash friends encounter living dead must fight back devoured
1918. KTM,Karthik seeks love through several attempts. Will he find his destined partner or face continued failure?,karthik seeks love several attempts find destined partner face continued failure
1919. Paranoia,"Lulu ends up in the hospital, and sees a girl crying for help. When Lulu awakes, the girl is gone. But from here everything changes in Lulu's life. It's like someone or something is following her.",lulu ends hospital sees girl crying help lulu awakes girl gone everything changes lulu life like someone something following
1920. Carnival Is Over,"Regina and Valério are a happy couple seeking a way out of their criminal family business, but their efforts only push them deeper into the pit they hoped to escape.",regina val rio happy couple seeking way criminal family business efforts push deeper pit hoped escape
1921. Memory Lane,"A bitter-aged man reluctantly drives to Spain to pay a last visit to a dying friend, along with his wife who's suffering from dementia. But as their journey unfolds, he slowly starts to soften up and rediscovers the meaning of love.",bitter aged man reluctantly drives spain pay last visit dying friend along wife suffering dementia journey unfolds slowly starts soften rediscovers meaning love
1922. Goldilocks and the Two Bears,"Follows Ingrid, Ian and Ivy, three unique strangers who find each other in an uninhabited condominium. They discover they actually have a lot in common, and start wondering whether they might be each other's salvation.",follows ingrid ian ivy three unique strangers find uninhabited condominium discover actually lot common start wondering whether might salvation
1923. No Pressure,"After being tricked into dropping everything to save her grandmother's farm, big-city chef Oliwia falls for a handsome farmer who's hiding a secret.",tricked dropping everything save grandmother farm big city chef oliwia falls handsome farmer hiding secret
1924. The Last Journey,"Renowned Swedish TV-duo Filip and Fredrik embark on a trip to France, aiming to rekindle the zest for life of Filip's father",renowned swedish tv duo filip fredrik embark trip france aiming rekindle zest life filip father
1925. Escape from the 21st Century,"Three friends discover they have the power to travel back and forth 20 years with a sneeze. However, the future is not as good as they hoped, and they need to take on the responsibility of saving the world.",three friends discover power travel back forth years sneeze however future good hoped need take responsibility saving world
1926. Ladybug,A young artist is stalked at his remote cabin by a killer who murdered his supernatural guest.,young artist stalked remote cabin killer murdered supernatural guest
1927. Teacher's Pet,"A student uses manipulation to start an affair with his teacher. As she attempts to break it off, mysterious deaths occur in her circle. Her survival hangs in the balance.",student uses manipulation start affair teacher attempts break mysterious deaths occur circle survival hangs balance
1928. Linya,"Gia is a struggling bartender who is also a kept woman of a politician. With a budding romance at work, Gia must fight the urge to see another man before it's too late.",gia struggling bartender also kept woman politician budding romance work gia must fight urge see another man late
1929. Consumed,"A married couple, Jay and Beth, taking a celebratory camping trip a year after Beth's cancer remission find themselves trapped between a wild madman and a skin-stealing monster.",married couple jay beth taking celebratory camping trip year beth cancer remission find trapped wild madman skin stealing monster
1930. Bir Cumhuriyet Sarkisi,"In 1930s Turkey, a handful of young, talented and determined people strive to realize an artistic revolution in a fledgling country.",turkey handful young talented determined people strive realize artistic revolution fledgling country
1931. Seven Cemeteries,A recent parolee (Danny Trejo) gets a Mexican witch to resurrect his old posse so that they can help him save a woman's ranch from a ruthless drug lord.,recent parolee danny trejo gets mexican witch resurrect old posse help save woman ranch ruthless drug lord
1932. Bangkok Dog,The story focuses on an American agent sent to a dangerous undercover mission in Thailand to dismantle a sadistic crime lord.,story focuses american agent sent dangerous undercover mission thailand dismantle sadistic crime lord
1933. Matt and Mara,"A young professor struggles in her marriage, only to meet Matt, a man from her past who wanders onto her university campus.",young professor struggles marriage meet matt man past wanders onto university campus
1934. Out,"Lovers Tom and Ajani dream of a new life in which their relationship does not have to be a secret. The two feel like outsiders in their conservative, small village. They move to Amsterdam, where a journey of self-discovery awaits them.",lovers tom ajani dream new life relationship secret two feel like outsiders conservative small village move amsterdam journey self discovery awaits
1935. Dog on Trial,"Avril, a young lawyer specializing in animal defense, goes to great lengths to save her client, a repeat-offender dog, from capital punishment. This dog helps Avril accept her own human complexity.",avril young lawyer specializing animal defense goes great lengths save client repeat offender dog capital punishment dog helps avril accept human complexity
1936. Serpent's Path,A mysterious woman teams up with a man whose daughter was killed and who is now seeking revenge. Together they kidnap members of an organization and torture them to find out what really happened.,mysterious woman teams man whose daughter killed seeking revenge together kidnap members organization torture find really happened
1937. The French Italian,"Neighbors prank each other, situation escalates comically amid NYC apartment complex's cutthroat politics, exploring absurdity of conflict between residents.",neighbors prank situation escalates comically amid nyc apartment complex cutthroat politics exploring absurdity conflict residents
1938. Dominion of Darkness,Tells about the journey of a priest who doubts his faith and has to be involved in exorcising a demon on a teenager.,tells journey priest doubts faith involved exorcising demon teenager
1939. Call of Duty,,nan
1940. Harom Hara,"Man loses job, faces financial ruin. Desperate, he enters illegal arms trade, eventually becoming South India's most notorious arms lord as his involvement deepens.",man loses job faces financial ruin desperate enters illegal arms trade eventually becoming south india notorious arms lord involvement deepens
1941. Beauty and the Billionaire: Bali,Bali visit for business publicity turns sour as billionaire angers locals. Uncle's accident necessitates round-the-clock care from mistreated doctor. Tangled events jeopardize high-stakes negotiations.,bali visit business publicity turns sour billionaire angers locals uncle accident necessitates round clock care mistreated doctor tangled events jeopardize high stakes negotiations
1942. Scorched Earth,"Twelve years after he fled, career criminal Trojan returns to Berlin. A valuable painting is set to be stolen in the city. But the meticulously planned heist soon runs out of control.",twelve years fled career criminal trojan returns berlin valuable painting set stolen city meticulously planned heist soon runs control
1943. Dogs on the Sendero,"Sol takes to the open road in their vintage RV along with their little dog, Rosie, in a desperate attempt to keep his wife's memory alive by helping others and rediscovering his Mestizo heritage.",sol takes open road vintage rv along little dog rosie desperate attempt keep wife memory alive helping others rediscovering mestizo heritage
1944. Timuchin,"A young and ambitious guy from the village comes to the city to fulfill his dream and enter the Academy of the Ministry of Internal Affairs. His desire to become a policeman is known to everyone around him. However, in the area where his uncle lives, there is a criminal group that controls ruthless gangs, and when he enters the academy, he meets his love. Now he has to not only prepare for exams, but also enter into a confrontation with bandits in order to protect his loved ones and his future.",young ambitious guy village comes city fulfill dream enter academy ministry internal affairs desire become policeman known everyone around however area uncle lives criminal group controls ruthless gangs enters academy meets love prepare exams also enter confrontation bandits order protect loved ones future
1945. Cora,"After a deadly mist has wiped out most of humanity, a mysterious organisation is trying to save what's left of humankind.",deadly mist wiped humanity mysterious organisation trying save left humankind
1946. Case of Kondana,"In the outskirts of Bangalore, a fiery ASI clashes with a gangster in a fictional outpost. His love life faces hurdles while ACP Lakshmi hunts a criminal and Raju tries to save his ill son.",outskirts bangalore fiery asi clashes gangster fictional outpost love life faces hurdles acp lakshmi hunts criminal raju tries save ill son
1947. Kaiju Glam Metal Shark Attack,An accident from space has resulted in the creation of a Kaiju shark-man. A pair of glam rock loving music fans worry that their favorite band's concert will be canceled. Will the world be destroyed? Will the glam metal concert go on?,accident space resulted creation kaiju shark man pair glam rock loving music fans worry favorite band concert canceled world destroyed glam metal concert go
1948. Operation Hope,"After genetic experimentation during the Holocaust gave her great-grandmother great strength that was passed down through generations, Hope Silverstein embraced her powers and destiny as she fights to keep her loved ones and her city safe.",genetic experimentation holocaust gave great grandmother great strength passed generations hope silverstein embraced powers destiny fights keep loved ones city safe
1949. Grand Maison Paris,"Famous Japanese chef Obana opens a restaurant in Paris, seeking third Michelin star. Faces challenges as outsider, sourcing ingredients. Tensions rise with staff over ambitious menu.",famous japanese chef obana opens restaurant paris seeking third michelin star faces challenges outsider sourcing ingredients tensions rise staff ambitious menu
1950. Major Grom: The Game,"A year has passed since the defeat of the Plague Doctor, and Igor Grom has become a hero for the whole city. But now he is waiting for a fight with a new supervillain.",year passed since defeat plague doctor igor grom become hero whole city waiting fight new supervillain
1951. Christspiracy,"The moral dimension of humanity's interaction with nonhuman animals and the industries that profit from their exploitation, as informed by world religions. A historical explanation of how the current global situation came to be.",moral dimension humanity interaction nonhuman animals industries profit exploitation informed world religions historical explanation current global situation came
1952. Bhale Unnade,"Radha, a saree draper, falls for Krishna, who's hesitant about intimacy. Seeking wisdom, Radha understands love's depth beyond physical bonds. But Krishna's parents oppose their marriage, disrupting their relationship.",radha saree draper falls krishna hesitant intimacy seeking wisdom radha understands love depth beyond physical bonds krishna parents oppose marriage disrupting relationship
1953. Sweet Bobby: My Catfish Nightmare,"A woman's online courtship takes an unsettling turn when her romantic interest harbors a dark secret and sinister motives, leading to a harrowing ordeal.",woman online courtship takes unsettling turn romantic interest harbors dark secret sinister motives leading harrowing ordeal
1954. Protein,"A gym-obsessed serial killer murders and eats a local drug dealer for their protein, inadvertently sparking a brutal and bloodthirsty turf war between rival gangs.",gym obsessed serial killer murders eats local drug dealer protein inadvertently sparking brutal bloodthirsty turf war rival gangs
1955. Schitterend,"A retired woman struggles with feeling invisible to her husband, while her daughter pursues her dreams of becoming a model.",retired woman struggles feeling invisible husband daughter pursues dreams becoming model
1956. Reinas,Two teenage sisters are about to leave their country forever when they unexpectedly reconnect with an absent father. This relationship will both amplify and ease their pain of change.,two teenage sisters leave country forever unexpectedly reconnect absent father relationship amplify ease pain change
1957. Unspeakable: Beyond the Wall of Sleep,Renowned oneirologist Ambrose London is requested to appear at Arkham Asylum to study the strange case of dissociative identity disorder in patient James Fhelleps/Joe Slater.,renowned oneirologist ambrose london requested appear arkham asylum study strange case dissociative identity disorder patient james fhelleps joe slater
1958. Amy Winehouse,"Amy Winehouse, an English singer-songwriter known for her distinct vocals and musical blend, rose to fame but battled substance abuse and mental health struggles. she passed away in 2011 at age 27, leaving a powerful musical legacy.",amy winehouse english singer songwriter known distinct vocals musical blend rose fame battled substance abuse mental health struggles passed away age leaving powerful musical legacy
1959. Upstream,"Gao Zhilei's impulsive decision to become a stay-at-home husband leads to unforeseen challenges. As life takes a reverse turn, he's forced to face responsibilities as the family's breadwinner, ultimately finding himself and starting anew.",gao zhilei impulsive decision become stay home husband leads unforeseen challenges life takes reverse turn forced face responsibilities family breadwinner ultimately finding starting anew
1960. Solvent,"While hunting Nazi papers in Austria, researchers find a dark secret beneath a farmhouse. As expat Gunner Holbrook pursues the mystery, his grip on reality slips. He battles an evil force, racing to save himself.",hunting nazi papers austria researchers find dark secret beneath farmhouse expat gunner holbrook pursues mystery grip reality slips battles evil force racing save
1961. Loving Bali,"After the death of her Eurasian grandmother, Jenny convinces her mother and sister to come along to Bali to unravel their family background so they can find happiness in their family and love life.",death eurasian grandmother jenny convinces mother sister come along bali unravel family background find happiness family love life
1962. National Theatre Live: Vanya,"Andrew Scott brings multiple characters to life in Chekhov's Uncle Vanya, filmed live in West End, London. Hopes, dreams, and regrets are thrust into sharp focus in this one-man adaptation which explores the complexities of human emotions.",andrew scott brings multiple characters life chekhov uncle vanya filmed live west end london hopes dreams regrets thrust sharp focus one man adaptation explores complexities human emotions
1963. The Final Play,"A former pro basketball player embarks on a heartfelt and comedic journey to find love and fulfillment, discovering that winning in the game of life means facing his fears and making his ultimate final play.",former pro basketball player embarks heartfelt comedic journey find love fulfillment discovering winning game life means facing fears making ultimate final play
1964. Pakal Iravu,"Stranded in a deep forest after his jeep breaks down, Antony seeks refuge in the isolated home of a man named Viruman.",stranded deep forest jeep breaks antony seeks refuge isolated home man named viruman
1965. Year of the Widow,"A newly widowed woman embarks on a path of self-discovery, defying societal norms and embracing her newfound freedom.",newly widowed woman embarks path self discovery defying societal norms embracing newfound freedom
1966. While You Were Sleeping,"Successful author Joon-seok and art instructor Deok-hee seem normal, but Deok-hee's selective amnesia is their major issue. Joon-seok tragically dies during a journey, leading a grieving Deok-hee to discover an unexpected truth.",successful author joon seok art instructor deok hee seem normal deok hee selective amnesia major issue joon seok tragically dies journey leading grieving deok hee discover unexpected truth
1967. Un/Happy for You,"Chef Juancho reunites with ex-girlfriend Zy, visiting hometown. Initially seeking revenge against her engagement, he unexpectedly redevelops feelings.",chef juancho reunites ex girlfriend zy visiting hometown initially seeking revenge engagement unexpectedly redevelops feelings
1968. Chanchal Haseena,"A College Queen Chanchal, in the past, now a young housewife trapped in monotony in the present. She embarks on a journey to get fit with the help of her gym trainer Sahil.",college queen chanchal past young housewife trapped monotony present embarks journey get fit help gym trainer sahil
1969. The Legend of Man and Loong,"The Huan Long family has lived and fought with dragons since ancient times. In the Dong Wenguang generation, they suddenly turned their backs on the dragon and I seal all the Kowloon Kings. In order to gain his father's approval, Dong Yiming Ignoring Dong Wenguang's interference, he secretly investigates Yong Jin-joo's whereabouts. But he is just a pawnshop in a game where everyone is a hidden mastermind, You discover that the truth behind it is still not the ultimate truth.",huan long family lived fought dragons since ancient times dong wenguang generation suddenly turned backs dragon seal kowloon kings order gain father approval dong yiming ignoring dong wenguang interference secretly investigates yong jin joo whereabouts pawnshop game everyone hidden mastermind discover truth behind still ultimate truth
1970. Package Deal,A newlywed couple's life takes an unexpected turn when an uninvited guest arrives.,newlywed couple life takes unexpected turn uninvited guest arrives
1971. Kahar: Kapla High Council,"Set in 2005, Kahar, a socially invisible man, volunteers for Pilihanraya to protect his friend. Initially noble, his actions lead him down a path of malevolence and tyranny, risking his family's legacy.",set kahar socially invisible man volunteers pilihanraya protect friend initially noble actions lead path malevolence tyranny risking family legacy
1972. Grassland,A riveting social justice thriller highlighting the perils of marijuana incarceration.,riveting social justice thriller highlighting perils marijuana incarceration
1973. Sir,The people of Mangollai village like Colochi Saami and Saamikannu opposed education for the poor while people like Annadurai and Sivangaanam fought against oppression.,people mangollai village like colochi saami saamikannu opposed education poor people like annadurai sivangaanam fought oppression
1974. Concerto for Abigail,A pianist confronts progressive hearing loss as she falls for someone new. She must decide whether to shut herself off or let her love in and face the challenge together,pianist confronts progressive hearing loss falls someone new must decide whether shut let love face challenge together
1975. A Brooklyn Love Story,"A longtime family-owned business gets pressured to sell to gentrify the neighborhood until a local loving mobster concocts a crazy plan to save the day, clearing the way for two people searching for love to find their everlasting.",longtime family owned business gets pressured sell gentrify neighborhood local loving mobster concocts crazy plan save day clearing way two people searching love find everlasting
1976. Loverboy: Emoties Uit,An unprecedentedly raw and intense crime narrative that takes the viewer into the dark world of human trafficking in the Netherlands.,unprecedentedly raw intense crime narrative takes viewer dark world human trafficking netherlands
1977. Deaner '89,"A hilarious headbanger finally makes it after struggling for decades, revealing it was all because of a childhood incident when the dark forces of heavy metal reached out from the grave.",hilarious headbanger finally makes struggling decades revealing childhood incident dark forces heavy metal reached grave
1978. Troubleshooters,"Two friends from Tirana attempt to solve a murder mystery at a Durrës resort while masquerading as wealthy men, encountering love interests, criminals, and self-doubt along the way as they navigate their first case as private detectives.",two friends tirana attempt solve murder mystery durr resort masquerading wealthy men encountering love interests criminals self doubt along way navigate first case private detectives
"1979. Brooklyn, Minnesota","Follows Maisie and her father Kurt who have to leave their Brooklyn bubble to go back to Kurt's childhood home in Minnesota, where Maisie upsets long-standing family traditions, falls in love, and makes her family face their issues.",follows maisie father kurt leave brooklyn bubble go back kurt childhood home minnesota maisie upsets long standing family traditions falls love makes family face issues
1980. Adopted,"A couple's hopes of adopting the perfect child unravel as their new son reveals a dark side, bringing terror into their lives.",couple hopes adopting perfect child unravel new son reveals dark side bringing terror lives
1981. Romeo,"A husband tries to win the love of his wife, who marries him because of familial obligation.",husband tries win love wife marries familial obligation
1982. Spark,"Aaron gets stuck in a time loop after meeting Trevor. Seeking love, he tries to break free by unraveling Trevor's potential involvement while reliving the same day repeatedly.",aaron gets stuck time loop meeting trevor seeking love tries break free unraveling trevor potential involvement reliving day repeatedly
1983. Five Friends,"Trapped on Mount Madyopuro because they violated a myth, Bagas, Lenni, Dicky, Juna and Andrew became suspicious of each other that one of them was a ghost.",trapped mount madyopuro violated myth bagas lenni dicky juna andrew became suspicious one ghost
1984. ABBA: Against the Odds,To commemorate the 50th anniversary of the iconic Swedish group winning the Eurovision Song Contest.,commemorate th anniversary iconic swedish group winning eurovision song contest
1985. Bruce Springsteen's Nebraska: A Celebration in Words and Music,"Warren Zanes offers the words from his book, 'Deliver me from nowhere', and this fine cast of stellar musicians perform songs from Nebraska in an intimate setting.",warren zanes offers words book deliver nowhere fine cast stellar musicians perform songs nebraska intimate setting
1986. Chainsaws Were Singing,Adventures await when new lovers are separated by a chainsaw killer.,adventures await new lovers separated chainsaw killer
1987. Videotheque,"Fleeing the police, a small-time thief hides in an abandoned video store. Stuck for the night he decides to play three strange films.",fleeing police small time thief hides abandoned video store stuck night decides play three strange films
1988. Between the Mountain and the Sky,"An inspiring story of love and resilience after tragedy strikes humanitarian Maggie Doyne, mother to over 50 Nepalese children.",inspiring story love resilience tragedy strikes humanitarian maggie doyne mother nepalese children
1989. Art of Eight Limbs,A US agent goes undercover at a martial arts training camp which is suspected of being a cover for chemical weapons.,us agent goes undercover martial arts training camp suspected cover chemical weapons
1990. Amish Affair,"A charismatic Amish leader, hires Hannah to help with his ailing wife. A spark ignites their secret relationship, but when Aaron's wife dies under suspicious circumstances, she is framed for murder and fights to prove her innocence.",charismatic amish leader hires hannah help ailing wife spark ignites secret relationship aaron wife dies suspicious circumstances framed murder fights prove innocence
1991. The Mother and the Bear,"After an accident leaves her daughter Sumi comatose in Winnipeg, Sara arrives from Seoul. While using Sumi's dating app, the meddling mother embarks on a transformative personal journey.",accident leaves daughter sumi comatose winnipeg sara arrives seoul using sumi dating app meddling mother embarks transformative personal journey
1992. Buscando a Coque,,nan
1993. Mission: Chapter 1,A father takes his daughter to UK for treatment. But he ends up in trouble. What happens next ?,father takes daughter uk treatment ends trouble happens next
1994. Gazer,"Frankie, a young mother with dyschronometria, struggles to perceive time. Using cassette tapes for guidance, she takes a risky job from a mysterious woman to support her family, unaware of the dark consequences that await.",frankie young mother dyschronometria struggles perceive time using cassette tapes guidance takes risky job mysterious woman support family unaware dark consequences await
1995. Interlopers,"A no-budget indie feature told in three parts: Before, during, and after a zombie apocalypse. Interlopers depicts a changing world in the face of a 'biological revolution'.",budget indie feature told three parts zombie apocalypse interlopers depicts changing world face biological revolution
1996. Nawi: Dear Future Me,13-year-old Nawi finds out her father is selling her to a much older man for a herd of goats. Instead of obeying tradition she chooses to fight her impending marriage and embarks on a journey to reclaim her dream of joining high school.,year old nawi finds father selling much older man herd goats instead obeying tradition chooses fight impending marriage embarks journey reclaim dream joining high school
1997. Buzz House: The Movie,"Selly has prepared many surprises for the participants: secret contestants, a villa isolated in the woods accessible only by boat, and a costumed employee tasked with frightening them, making it thrilling.",selly prepared many surprises participants secret contestants villa isolated woods accessible boat costumed employee tasked frightening making thrilling
1998. Family Therapy,"Young stranger disrupts seemingly perfect family's life, exposing their internal issues, fears, and dysfunctional relationships as external chaos invades their once idyllic existence.",young stranger disrupts seemingly perfect family life exposing internal issues fears dysfunctional relationships external chaos invades idyllic existence
1999. Nearing Death,Torment near death that is difficult to ward off with prayer terrorizes a family. What sin did they commit?,torment near death difficult ward prayer terrorizes family sin commit
2000. Emma and Eddie: A Working Couple,Emma and Eddie live two lives: one on social media and one in real life. The webcam couple is out to save their marriage by starting their own adult web-studio in Eastern Europe.,emma eddie live two lives one social media one real life webcam couple save marriage starting adult web studio eastern europe
2001. Cassino in Ischia,"The next generation of action heroes push Nic Cassino off his perch. He goes to Italy to work with struggling Italian directors on the first-ever ""Neo-Realist"" action movie in an effort to revitalize his career.",next generation action heroes push nic cassino perch goes italy work struggling italian directors first ever neo realist action movie effort revitalize career
2002. The Black Sea,A man journeys to a small Eastern European coastal town where he finds unexpected connections despite being the only black person in the area.,man journeys small eastern european coastal town finds unexpected connections despite black person area
2003. Heresy,"In a medieval Dutch village, a young woman is caught between her faith, fanatic townsfolk and the dark forces lurking in the woods.",medieval dutch village young woman caught faith fanatic townsfolk dark forces lurking woods
2004. All the Lost Ones,"In a dystopian and climate-ravaged future America torn apart by civil war, a group hiding in a remote cabin become the target of a ruthless rebel militia leader and his platoon, viciously hunted in a fight for survival.",dystopian climate ravaged future america torn apart civil war group hiding remote cabin become target ruthless rebel militia leader platoon viciously hunted fight survival
2005. 6 Hours Away,It follows ex-Marine Chris Montano after his wife goes missing during a business trip. He then finds himself in a race against time to save her.,follows ex marine chris montano wife goes missing business trip finds race time save
2006. Truth or Dare,"Experimental documentary about the exploration of intimacy, desire and diversity in queer sex-positive spaces.",experimental documentary exploration intimacy desire diversity queer sex positive spaces
2007. We Work for the Dead,If you're looking for a unique side hustle and don't mind being possessed...sign up for a delivery service with a dark twist. Your clients? The Dead.,looking unique side hustle mind possessed sign delivery service dark twist clients dead
2008. Prepare to Die,A young man trains in the ways of martial arts to seek vengeance on the corrupt landowner who murdered his family.,young man trains ways martial arts seek vengeance corrupt landowner murdered family
2009. Little Hearts,"The story follows father Baby and son Sibi navigating three intertwined romantic storylines set against Kattappana's scenic backdrop, blending humor with relatable love tales for a multigenerational audience.",story follows father baby son sibi navigating three intertwined romantic storylines set kattappana scenic backdrop blending humor relatable love tales multigenerational audience
2010. www.RachelOrmont.com,Psychedelic technosatire feature about growing up in captivity.,psychedelic technosatire feature growing captivity
2011. Dandelion,"It follows a singer-songwriter in a downward spiral as she takes a last effort gig at a motorcycle rally in South Dakota where she meets Casey, a guitarist who walked away from his dream long ago.",follows singer songwriter downward spiral takes last effort gig motorcycle rally south dakota meets casey guitarist walked away dream long ago
2012. Now or Never!,"On March 15, 1848, a young firebrand poet, Sándor Petöfi ignites the Hungarian Revolution with his passionate 'National Song', prompting the Austrians to dispatch a ruthless secret agent to assassinate him and suppress the uprising.",march young firebrand poet ndor pet fi ignites hungarian revolution passionate national song prompting austrians dispatch ruthless secret agent assassinate suppress uprising
2013. Dukaan,"A girl who becomes a surrogate mother, becoming the relief for couples with issues.",girl becomes surrogate mother becoming relief couples issues
2014. Uninvited,"Lilia Capistrano seeks revenge on billionaire Guilly Vega for killing her daughter. Disguised as Eva Candelaria, she attends his party with a vengeful plan.",lilia capistrano seeks revenge billionaire guilly vega killing daughter disguised eva candelaria attends party vengeful plan
2015. A New Kind of Wilderness,"In the Norwegian wilderness, a family seeks a wild free existence but a tragic turn of events shatters their isolation, compelling them to adapt to the demands of contemporary society.",norwegian wilderness family seeks wild free existence tragic turn events shatters isolation compelling adapt demands contemporary society
2016. The Extraordinary Miss Flower,"Uncovers Geraldine Flower's collection of love letters, suggesting a potential double life as a spy.",uncovers geraldine flower collection love letters suggesting potential double life spy
2017. Niki,"Follows Saint-Phalle while she is modeling and striving to be an actor. She's married and has a daughter who is two years old. They left the United States during the harsh McCarthy era and travel to France, where they briefly feel elated.",follows saint phalle modeling striving actor married daughter two years old left united states harsh mccarthy era travel france briefly feel elated
2018. Water Horse,A paranormal investigator links a bizarre string of seemingly unrelated events to the disappearance of her mother.,paranormal investigator links bizarre string seemingly unrelated events disappearance mother
2019. ¡Casa Bonita Mi Amor!,"Casa Bonita, a quirky Mexican restaurant in Colorado with cliff divers, faces closure. South Park (1997) creators Trey Parker and Matt Stone try saving this piece of childhood/Colorado history.",casa bonita quirky mexican restaurant colorado cliff divers faces closure south park creators trey parker matt stone try saving piece childhood colorado history
2020. The Demon Disorder,"Tells the story of Graham, Jake and Phillip Reilly and their deceased father. Their pasts collide when a family secret is discovered, leading their father's garage to become the site of revenge from beyond the grave.",tells story graham jake phillip reilly deceased father pasts collide family secret discovered leading father garage become site revenge beyond grave
2021. Till Death Do Us Part,A wedding planner must keep her best friend and her groom safe from a psychotic stranger who secretly threatens to murder the entire party.,wedding planner must keep best friend groom safe psychotic stranger secretly threatens murder entire party
2022. Gundi: Legend of Love,"Explore Georgi Asparuhov's rise from Sofia's outskirts to a football legend and his profound love for his wife Lita, set against 1960s Bulgaria's turmoil.",explore georgi asparuhov rise sofia outskirts football legend profound love wife lita set bulgaria turmoil
2023. Alter weißer Mann,"Heinz Heimlich fits the cliché of the so-called old white man. To get promoted, he pretends to be politically correct, but the facade falters when he invites his superiors to dinner at his house one evening.",heinz heimlich fits clich called old white man get promoted pretends politically correct facade falters invites superiors dinner house one evening
2024. Maliko,"Eunice, a sexually fluent medical agent, befriended Mariko's local partner and seduced them both to satisfy their desires in a game of provocative sexual adventures.",eunice sexually fluent medical agent befriended mariko local partner seduced satisfy desires game provocative sexual adventures
2025. About Family,Tells the story of a man who's an elite medical student who decided to become a priest.,tells story man elite medical student decided become priest
2026. Bushido,"Kakunoshin Yanagida was a samurai, forced to leave the Han due to a false accusation. He then lived in poverty with his daughter Kinu.",kakunoshin yanagida samurai forced leave han due false accusation lived poverty daughter kinu
2027. Down the Rabbit Hole,"Raised in opulence and culture, 10-year-old Tochtli's lavish life contrasts with the darkness that seeps in from his father's criminal activities.",raised opulence culture year old tochtli lavish life contrasts darkness seeps father criminal activities
2028. Killer Witches from Outer Space,"On Halloween, three kids in a quiet town must stop alien witches hunting for human flesh. Trick or treat, smell my feet, witches came for people meat.",halloween three kids quiet town must stop alien witches hunting human flesh trick treat smell feet witches came people meat
2029. Trust,Based on the book by Domenico Starnone,based book domenico starnone
2030. Return to the Ring,A former martial artist faces a moral dilemma from his past as his career winds down. A group grapples with having to choose between conflicting desires.,former martial artist faces moral dilemma past career winds group grapples choose conflicting desires
2031. Kingdom of Judas,"After her sister dies by suicide, Anna infiltrates her artistic circle through a celebrity rehab to find answers. As she digs deeper, disturbing revelations challenge her quest for truth.",sister dies suicide anna infiltrates artistic circle celebrity rehab find answers digs deeper disturbing revelations challenge quest truth
2032. The Yoshi Movie,"A group of intelligent dinosaurs living peacefully on their island face turmoil when a madman captures them and seizes control. After escaping, they unite to reclaim their home.",group intelligent dinosaurs living peacefully island face turmoil madman captures seizes control escaping unite reclaim home
2033. Lioness,"When a 15-year-old rebellious Stefi goes missing, her mother Helena has nothing left to lose anymore - why cling to sanity when madness offers a chance for reconciliation and love?",year old rebellious stefi goes missing mother helena nothing left lose anymore cling sanity madness offers chance reconciliation love
2034. Father There is Only One 4,,nan
2035. The Blade Cuts Deeper,Follows a narcissistic TV host who becomes trapped in his own nightmare of televised cruelty and revenge. Content has consequences.,follows narcissistic tv host becomes trapped nightmare televised cruelty revenge content consequences
2036. Erdal and Ece,The story of a married couple who experience funny conflicts in their relationship.,story married couple experience funny conflicts relationship
2037. Una Pequeña Confusion,"Two couples, Lola - Cuau and Iñigo - Majo, from different socioeconomic backgrounds, undergo artificial insemination procedures to conceive children, exploring their contrasting perspectives on parenthood.",two couples lola cuau igo majo different socioeconomic backgrounds undergo artificial insemination procedures conceive children exploring contrasting perspectives parenthood
2038. Cadet,"Single mother Alina tries to enroll her son, Serik, in an elite military academy, but he is bullied by his classmates because of his girlish appearance, and the principal deems him unfit for the school.",single mother alina tries enroll son serik elite military academy bullied classmates girlish appearance principal deems unfit school
2039. The Waterboyz,"In the streets of ATL, two young men cross paths. One trying to make a legit living, one trying to create mayhem and rule the streets.",streets atl two young men cross paths one trying make legit living one trying create mayhem rule streets
2040. Candidatul perfect,"Costica, an aimless man, runs for president inadvertently backed by a corrupt party planning to lose and continue embezzling funds, all while he naively seeks to secure his neighbor's parking spot.",costica aimless man runs president inadvertently backed corrupt party planning lose continue embezzling funds naively seeks secure neighbor parking spot
2041. Phallacies,"The birth of the first 'dicksploitation' film. An anthology of horror stories which challenge censorship, moral authoritarianism, and the stigma around male cinematic nudity.",birth first dicksploitation film anthology horror stories challenge censorship moral authoritarianism stigma around male cinematic nudity
2042. Dear Paris,"In a series of interconnected stories, several Paris residents find their lives turned upside down when death knocks on their door.",series interconnected stories several paris residents find lives turned upside death knocks door
2043. Dirty Boy,"Raised in an oppressive cult, a reclusive schizophrenic discovers that he's being framed by cult leaders for a series of ritualistic murders and must prove his innocence by saving their next victim and destroying the evil sect.",raised oppressive cult reclusive schizophrenic discovers framed cult leaders series ritualistic murders must prove innocence saving next victim destroying evil sect
2044. What a Feeling,Love between cultures and conventions: There is no straight path for Marie Theres and Fa. A heartfelt and clever romantic comedy about two middle aged women who refuse to be pushed to the sideline of life.,love cultures conventions straight path marie theres fa heartfelt clever romantic comedy two middle aged women refuse pushed sideline life
2045. A Traveler's Needs,"Iris, a self-proclaimed teacher, gives French lessons in Seoul. Her encounters with Koreans lead to poetic and introspective exchanges.",iris self proclaimed teacher gives french lessons seoul encounters koreans lead poetic introspective exchanges
2046. Mathu Vadalara 2,"Babu and Yesu, former delivery agents, embark on a thrilling mission as special agents, facing extraordinary challenges with humor, surprises, and nonstop excitement.",babu yesu former delivery agents embark thrilling mission special agents facing extraordinary challenges humor surprises nonstop excitement
2047. Suspended Time,"During COVID-19 lockdown in 2020, two married couples quarantine together in a country house, leading to rising tensions and revelations about their relationships.",covid lockdown two married couples quarantine together country house leading rising tensions revelations relationships
2048. Agni,"In a city plagued by a strange rise in fires, fireman Vithal and his policeman brother-in-law Samit reluctantly team up to solve the escalating crisis. Battling personal conflicts, they race against time to crack the case and save Mumbai.",city plagued strange rise fires fireman vithal policeman brother law samit reluctantly team solve escalating crisis battling personal conflicts race time crack case save mumbai
2049. The Hunted,"After their boat engine fails in the Mediterranean Sea, a group of refugees are rescued by rich Europeans who offer them shelter on an idyllic island. But the miracle becomes a nightmare when the saviours turn into ruthless manhunters.",boat engine fails mediterranean sea group refugees rescued rich europeans offer shelter idyllic island miracle becomes nightmare saviours turn ruthless manhunters
2050. The Forbidden Camp: Mass Possession,"A group of students enjoying camping activities. Instead of being a fun moment, the atmosphere becomes tense when one by one they are possessed by evil forces.",group students enjoying camping activities instead fun moment atmosphere becomes tense one one possessed evil forces
2051. The Hungarian Dressmaker,"Marika, a Hungarian widow dressmaker shelters a Jewish boy in her home on the Slovak-Hungarian border during the turbulent years of WW2 and the Wartime Slovak State.",marika hungarian widow dressmaker shelters jewish boy home slovak hungarian border turbulent years ww wartime slovak state
2052. The Stepdaughter,"A teen moves in with birth father and new family, planning revenge on stepmom. Seeking retribution for mom and grandma's deaths, she aims to get close to dad and remove obstacles.",teen moves birth father new family planning revenge stepmom seeking retribution mom grandma deaths aims get close dad remove obstacles
2053. Nine-Ring Golden Dagger,"Two sisters recover their late father's golden blade from enemy territory, joining forces with their father's former soldier to defend against attacks during their return journey.",two sisters recover late father golden blade enemy territory joining forces father former soldier defend attacks return journey
2054. Umjolo: The Gone Girl,Follows four women whose love lives intersect at a Valentine's Day wedding none of them will soon forget.,follows four women whose love lives intersect valentine day wedding none soon forget
2055. Kadha Innuvare,An anthology of four unusual stories where each couple fights to be with the ones they love against all odds,anthology four unusual stories couple fights ones love odds
2056. Royal Runaways,"From the French nation of Caminelle to a winery in Maine, a defiant prince and orphaned girl take parallel paths to find each other but must first unravel a plot filled with twists.",french nation caminelle winery maine defiant prince orphaned girl take parallel paths find must first unravel plot filled twists
2057. Missing Child Videotape,"A videotape arrives from Keita's mother, unveiling his brother's disappearance. Haunted by this memory, Keita ventures to the ruins of a mysterious mountain to confront the incident.",videotape arrives keita mother unveiling brother disappearance haunted memory keita ventures ruins mysterious mountain confront incident
2058. Bro Code,"The story of Bro Code film revolves around a young man named Danish, who lives with his friends and girlfriend.",story bro code film revolves around young man named danish lives friends girlfriend
2059. Miséria,The suburban criminal Adam's ghetto dreams turn into a nightmare of serious criminality when he is introduced to the network leader Chicago. Will Adam manage to leave the gang alive?,suburban criminal adam ghetto dreams turn nightmare serious criminality introduced network leader chicago adam manage leave gang alive
2060. Lohusa,Lohusa tells the funny story of a mother and father trying to keep up with life during the first 40 days after birth.,lohusa tells funny story mother father trying keep life first days birth
2061. When in Rome,"To celebrate a lifelong marriage, Gerda and Kristoffer travel to Rome to relive the city where Gerda was once an aspiring art student. When they run into her former teacher and lover Johannes, Gerda is reminded of the life she used to live, and Kristoffer is sidelined while Gerda wanders the streets of the Eternal City in search of her long-lost youth.",celebrate lifelong marriage gerda kristoffer travel rome relive city gerda aspiring art student run former teacher lover johannes gerda reminded life used live kristoffer sidelined gerda wanders streets eternal city search long lost youth
"2062. LSD 2: Love, Sex Aur Dhokha 2","Complexities of modern relationships and self-discovery in the high-tech age are explored through interconnected stories of love, friendship, and identity.",complexities modern relationships self discovery high tech age explored interconnected stories love friendship identity
2063. Dharmarakshak Mahaveer Chhatrapati Sambhaji Maharaj,"A Historical Movie Trilogy available in Hindi/Marathi on the life of Chhatrapati Sambhaji Maharaj. Part 1 highlights the attack on Burhanpur, Rajyabhishek and the Navy battle of Janjira.",historical movie trilogy available hindi marathi life chhatrapati sambhaji maharaj part highlights attack burhanpur rajyabhishek navy battle janjira
2064. Borderless Fog,A detective is forced to confront the ghosts of her past while investigating a mysterious serial murder case along the Indonesia-Malaysia border.,detective forced confront ghosts past investigating mysterious serial murder case along indonesia malaysia border
2065. Fresh,"The clock is ticking for Kai. His psychotic brother has just been granted an early release from prison and by this afternoon, he'll come around to collect the money Kai has been holding for him. The problem - all the money's been spent.",clock ticking kai psychotic brother granted early release prison afternoon come around collect money kai holding problem money spent
2066. The Volunteers: The Battle of Life and Death,"It tells the story of the third to fifth battles in the War to Resist U.S. Aggression and Aid Korea, among which Battle of Cheorwon will be the highlight. Li Xiang , Fu Chongbi, Cai Changyuan from 63rd Army and others will come on Stage.",tells story third fifth battles war resist u aggression aid korea among battle cheorwon highlight li xiang fu chongbi cai changyuan rd army others come stage
2067. Let's Both Try,"Embarking on a wild romp through the Arizona deserts, a photographer-couple's relationship is pushed to its limits as they navigate a morally charged exploration of sexuality and divine meaning in the chaos of modern life.",embarking wild romp arizona deserts photographer couple relationship pushed limits navigate morally charged exploration sexuality divine meaning chaos modern life
2068. The Number,"A newly engaged couple's chat about their sexual pasts uncovers surprises, humorously challenging double standards and societal norms.",newly engaged couple chat sexual pasts uncovers surprises humorously challenging double standards societal norms
2069. The Great Phuket,"Fourteen-year-old Li Xing lives in a district full of ruins and reconstruction. School brings him nothing but problems and his family is no help at all. One day, he finds an underground shelter where strange things happen.",fourteen year old li xing lives district full ruins reconstruction school brings nothing problems family help one day finds underground shelter strange things happen
2070. Who by Fire,"Seventeen-year-old Jeff stays at film director Blake Cadieux's wilderness lodge after being invited by friend Max's family. When strange events occur, Jeff suspects something is amiss with the director and his retreat.",seventeen year old jeff stays film director blake cadieux wilderness lodge invited friend max family strange events occur jeff suspects something amiss director retreat
2071. Free Falling,The perfect life of a strict and tough rhythmic gymnastics teacher of competition begins to escape out of her hands.,perfect life strict tough rhythmic gymnastics teacher competition begins escape hands
2072. DIG! XX,"Two rock bands, The Dandy Warhols and The Brian Jonestown Massacre, navigate fame, friendship, and fierce rivalry in a raw journey through the music industry. The 20th anniversary cut adds fresh footage and new perspectives.",two rock bands dandy warhols brian jonestown massacre navigate fame friendship fierce rivalry raw journey music industry th anniversary cut adds fresh footage new perspectives
2073. Drone,"Émilie, a young student, works as a cam-girl at night to make ends meet. One evening, a mysterious drone appears at her apartment window. From then on, whenever Emilie is alone, the drone appears and follows her.",milie young student works cam girl night make ends meet one evening mysterious drone appears apartment window whenever emilie alone drone appears follows
"2074. Kiss Me, Kate: The Musical","'Kiss Me, Kate' is a blend of musical theater, comedy, and drama, set around a theatrical production of Shakespeare's 'Taming of the Shrew'. It cleverly intertwines the backstage antics of a troubled Broadway show with the onstage drama.",kiss kate blend musical theater comedy drama set around theatrical production shakespeare taming shrew cleverly intertwines backstage antics troubled broadway show onstage drama
2075. Toofan,Follows a born killer who rises to power and becomes the biggest toofan,follows born killer rises power becomes biggest toofan
2076. Tycoon,"In Miami, Natalie Boyle accepts an offer from Leroy Blake to surrender her decisions for a year in return for money, not realizing the cost.",miami natalie boyle accepts offer leroy blake surrender decisions year return money realizing cost
2077. Insecure,A wife who helped build her husband's art gallery faces betrayal when he falls for another woman. Her journey through heartbreak leads to self-discovery as she seeks justice and confronts her fears.,wife helped build husband art gallery faces betrayal falls another woman journey heartbreak leads self discovery seeks justice confronts fears
2078. Guilty Pleasure,"Explores the complex relationships and personal struggles of three ambitious lawyers as they navigate their way through love, betrayal, and ambition.",explores complex relationships personal struggles three ambitious lawyers navigate way love betrayal ambition
2079. Dourgouti Town,"A Real Estates Agent who is interest in investing wanders around the area of Neos Kosmos in Athens, formerly known as ""Dourgouti"". Through his eyes unfolds the past, present and uncertain future of this once degraded district.",real estates agent interest investing wanders around area neos kosmos athens formerly known dourgouti eyes unfolds past present uncertain future degraded district
2080. Green Bones,"Notorious murderer set for release from prison. New corrections officer determined to keep him incarcerated by any means, despite lack of legal grounds. Explores conflict between justice, personal vendetta, and moral boundaries.",notorious murderer set release prison new corrections officer determined keep incarcerated means despite lack legal grounds explores conflict justice personal vendetta moral boundaries
2081. Nirangal Moondru,"A teacher, a lovelorn student, and a troubled filmmaker's lives intertwine as they search for a missing teenager.",teacher lovelorn student troubled filmmaker lives intertwine search missing teenager
2082. Alterlove,"Paris, Present day. On a fleeting night, two strangers embark on a spontaneous romantic adventure that challenges their views on love and connection, blending humor and heartfelt moments in a unique exploration of modern relationships.",paris present day fleeting night two strangers embark spontaneous romantic adventure challenges views love connection blending humor heartfelt moments unique exploration modern relationships
2083. Wanita Ahli Neraka,"The life of a woman named Farah. After officially getting married and having the status of a wife, Farah was suddenly possessed by a dark power until she slowly lost control of herself.",life woman named farah officially getting married status wife farah suddenly possessed dark power slowly lost control
2084. The Shepherd and the Bear,"An aging shepherd struggles to find a successor as bears prey on his flock. While, a teenage boy becomes obsessed with tracking the bears.",aging shepherd struggles find successor bears prey flock teenage boy becomes obsessed tracking bears
2085. Blink,"Apoorva hides his failed MA from his mother in Bengaluru. Working odd jobs and relying on Swapna, his ability to control blinking becomes a curse when an old man says his father lives.",apoorva hides failed mother bengaluru working odd jobs relying swapna ability control blinking becomes curse old man says father lives
2086. A World Apart,"Michele relocates from capital to remote village Rupe in Abruzzo park. Challenges emerge as she aims to keep local school with few students open, set against idyllic winter and summer backdrops.",michele relocates capital remote village rupe abruzzo park challenges emerge aims keep local school students open set idyllic winter summer backdrops
2087. Casi el Paraíso,"Ugo Conti, charismatic Italian aristocrat and influencer, arrives in Mexico where he seduces the Mexican high society. When he meets Frida Becker again, the love of his past, he will end up in the center of a struggle for political power.",ugo conti charismatic italian aristocrat influencer arrives mexico seduces mexican high society meets frida becker love past end center struggle political power
2088. Mi prima la sexóloga 2 (de la fantasía a la realidad),"Malena and Manuel have been dating for six months, so she decides it's time to move to the next level and create a Cousins Club where members will learn about sex.",malena manuel dating six months decides time move next level create cousins club members learn sex
2089. The Pushover,"After a recent breakup, Mike's friends hold an intervention, in hopes of preventing women from walking all over him.",recent breakup mike friends hold intervention hopes preventing women walking
2090. Babezilla vs the Cyber Skanks: Rise of MechaBabezilla,Babezilla has met her match with MechaBabezilla and the Cyber Skanks. Now she must train with Master Beta to learn a new technique to defeat MechaBabezilla.,babezilla met match mechababezilla cyber skanks must train master beta learn new technique defeat mechababezilla
2091. Zero,"Two Americans end up in Dakar, Senegal with bombs strapped to their chests and ten hours to find out why.",two americans end dakar senegal bombs strapped chests ten hours find
2092. Hunt the Wicked,"A detective and criminal mastermind clash in a dark city's underworld. Police and criminals converge as secrets unfold, leading to deadly confrontations. Both sides face crucial choices in the battle between law and crime.",detective criminal mastermind clash dark city underworld police criminals converge secrets unfold leading deadly confrontations sides face crucial choices battle law crime
2093. Can I Get a Witness,"In a not so distant future, there is a reality where in order to save the planet, ""death is everyone's job"", with 50-year-olds taking the sacrifice, while teenage artists need to document it.",distant future reality order save planet death everyone job year olds taking sacrifice teenage artists need document
2094. Nokturno,It centers on a Filipino family and a daughter who lives overseas as they get haunted by a primal and supernatural curse.,centers filipino family daughter lives overseas get haunted primal supernatural curse
2095. Witch Hunter,"A medieval town plagued by demonic beasts, once innocent woodland creatures twisted by a powerful witch. A fearless hunter and his warriors must confront her dark magic to restore peace.",medieval town plagued demonic beasts innocent woodland creatures twisted powerful witch fearless hunter warriors must confront dark magic restore peace
2096. Spirit in the Blood,"After a young girl is found dead in a secluded religious mountain community, a pack of teenage girls decide to fight against the evil spirits they believe killed her by embracing their own dark nature.",young girl found dead secluded religious mountain community pack teenage girls decide fight evil spirits believe killed embracing dark nature
2097. Joli joli,,nan
2098. Good Bad Things,"An entrepreneur with a physical disability reluctantly tries a dating app, leading him on a profound journey of love and self-discovery.",entrepreneur physical disability reluctantly tries dating app leading profound journey love self discovery
2099. Mascarpone: The Rainbow Cake,"After three years, Antonio and Luca are reunited. Antonio, a successful pastry chef, still has feelings for Luca, who is now engaged to Tancredi. Antonio is convinced that the past has come back to help them.",three years antonio luca reunited antonio successful pastry chef still feelings luca engaged tancredi antonio convinced past come back help
2100. Skinjacker,"The Isle of Skye in Scotland has its fair share of myths and legends. One night, what appears to be a meteorite crashes down upon the island's rocky hillside, cutting all power in the area. Then people start to vanish.",isle skye scotland fair share myths legends one night appears meteorite crashes upon island rocky hillside cutting power area people start vanish
2101. The Avenger,"After Matt Hollis wife is attacked and his daughter is kidnapped, he recruits his ex-special forces buddy in a violent rescue mission.",matt hollis wife attacked daughter kidnapped recruits ex special forces buddy violent rescue mission
2102. Stabat Mater,"A twenty-year-old mother named Clara struggles with her role, finding herself unfit. She resorts to unsavory jobs and decides to abandon her daughter Amanda.",twenty year old mother named clara struggles role finding unfit resorts unsavory jobs decides abandon daughter amanda
2103. Jailbreak: Love on the Run,"When Vicky White, a highly respected corrections officer, aids the escape of a violent felon nearly twenty years her junior, it reveals an unexpected love story amidst the ensuing high-profile manhunt and media frenzy.",vicky white highly respected corrections officer aids escape violent felon nearly twenty years junior reveals unexpected love story amidst ensuing high profile manhunt media frenzy
2104. Solitude,"A famous social media survivalist is cast for a popular television series about surviving in solitude, but survival turns to despair when she discovers a supernatural entity's presence.",famous social media survivalist cast popular television series surviving solitude survival turns despair discovers supernatural entity presence
2105. 10 Days of a Curious Man,"When a young woman goes missing in Istanbul, a jaded writer gets tangled up in a deadly chain of events as he sets out to find her and a good story.",young woman goes missing istanbul jaded writer gets tangled deadly chain events sets find good story
2106. Are You There?,"A paranormal psych student's ritual candle starts a deadly game of twenty questions. As wax drips away, she races to survive, learning some mysteries should stay buried.",paranormal psych student ritual candle starts deadly game twenty questions wax drips away races survive learning mysteries stay buried
2107. Sagrada luna,A secret cult is run by Supremo Papa who is surrounded by his Virgin Sisters.,secret cult run supremo papa surrounded virgin sisters
2108. Oak,"A group of teenagers touch a cursed tree in their neighborhood which they thought was only a legend, turns out the curse and what comes after you is very real.",group teenagers touch cursed tree neighborhood thought legend turns curse comes real
2109. Mr. & Mrs. Mahi,A married couple who share a love for cricket begin training in the game due to her natural talent.,married couple share love cricket begin training game due natural talent
2110. Hunting with Tigers,"Malik returns from Spain to learn his stepfather Serge was arrested. On trial day lawyer Iris offers Malik a deal, pull off a dangerous heist in exchange for Serge's freedom. Malik agrees and joins ex-partners of Cherif for one last job.",malik returns spain learn stepfather serge arrested trial day lawyer iris offers malik deal pull dangerous heist exchange serge freedom malik agrees joins ex partners cherif one last job
2111. Godless,"After signing a progressive bill into law, a Catholic governor with hopes of the presidency is excommunicated by the church.",signing progressive bill law catholic governor hopes presidency excommunicated church
2112. Citizen of a Kind,"After a fire destroys her laundromat, a single mother is tricked by a voice phishing scheme. She decides to investigate the criminals behind it.",fire destroys laundromat single mother tricked voice phishing scheme decides investigate criminals behind
2113. Thesis on a Domestication,"A successful transgender actress and her lawyer husband decide to adopt a child, defying the conservative community in Argentina. But their attempt for a domestic happiness is thwarted when they visit the actress's hometown.",successful transgender actress lawyer husband decide adopt child defying conservative community argentina attempt domestic happiness thwarted visit actress hometown
2114. Season of Love,"Sirin and Ali Yaman's adventure, which started in Bozcaada at a young age, becomes inextricable as the years progress. The seasons of love that they both feel at different moments never occur at the same time.",sirin ali yaman adventure started bozcaada young age becomes inextricable years progress seasons love feel different moments never occur time
2115. Some Nights I Feel Like Walking,A rich teenage runaway and a group of street hustlers who both seek to find a place for themselves in the world.,rich teenage runaway group street hustlers seek find place world
2116. InfiniMundo,,nan
2117. UI,UI transcends language barriers as it addresses a global issue.,ui transcends language barriers addresses global issue
2118. Checkmate,"In a tangled web of power and love, the lives of a pharmaceutical company CEO, a failed Don, a grieving widower, and a shrewd lawyer intersect when a mysterious woman is kidnapped, sparking a chain of events in New York City's underbelly.",tangled web power love lives pharmaceutical company ceo failed grieving widower shrewd lawyer intersect mysterious woman kidnapped sparking chain events new york city underbelly
2119. The Ceremony Is About to Begin,"Madness, mayhem, and mummification rites ensue when a documentary filmmaker visits the rural commune of an ancient Egyptian inspired cult to interview its enigmatic leader.",madness mayhem mummification rites ensue documentary filmmaker visits rural commune ancient egyptian inspired cult interview enigmatic leader
2120. Lesson Learned,"Young teacher Juci rebels against archaic school methods as Palkó, a new foreign student, struggles to adapt to Hungary's demanding education system. Their stories mirror societal oppression.",young teacher juci rebels archaic school methods palk new foreign student struggles adapt hungary demanding education system stories mirror societal oppression
2121. Not My Day,"A young man wakes believing it's his first day at a new job, but learns he was never hired. What will he do next?",young man wakes believing first day new job learns never hired next
2122. In Flight,"The night before Claire Reynolds' trip to Paris, she catches the eye of a mysterious, handsome stranger. That's the last thing she remembers before waking up on a plane with no recollection of what happened after that.",night claire reynolds trip paris catches eye mysterious handsome stranger last thing remembers waking plane recollection happened
2123. Invited,"When a reluctant mother attends her daughter's Zoom elopement, she and the rest of the family in attendance quickly realize the groom is part of a Russian cult with deadly intentions.",reluctant mother attends daughter zoom elopement rest family attendance quickly realize groom part russian cult deadly intentions
2124. Sorgavaasal,A common man imprisoned in a corrupt system questions whether jails truly rehabilitate or push individuals deeper into crime's abyss.,common man imprisoned corrupt system questions whether jails truly rehabilitate push individuals deeper crime abyss
2125. Schneewittchen,"Snow White declines the Prince's offer to witness the Evil Queen and the Hunter's intimate encounter, quipping she'd prefer to hear about it instead.",snow white declines prince offer witness evil queen hunter intimate encounter quipping prefer hear instead
2126. Andamooka,A city woman's life falls apart just before she turns 30 so she heads to the outback on a quest to spend her 30th with her best friend in tiny opal mining town Andamooka.,city woman life falls apart turns heads outback quest spend th best friend tiny opal mining town andamooka
2127. All Is Fine in '89,"With the backdrop of the Berlin Wall being torn down, the senior students - and even teachers - at Romano High are prepping for the last field party of the decade - and for some, the last party of their lives.",backdrop berlin wall torn senior students even teachers romano high prepping last field party decade last party lives
2128. Love by Request,"A romantic comedy about a young, divorced woman who sets out to reconnect with her college sweetheart only to discover that he has been a part of her life all along.",romantic comedy young divorced woman sets reconnect college sweetheart discover part life along
2129. Adam the First,"Adam sets out on a cross country adventure to track down a series of men who could be his estranged father, each one with a different life that could become his own.",adam sets cross country adventure track series men could estranged father one different life could become
2130. Panopticon,"An introverted teen whose father joins a monastery befriends a right-wing activist, navigating sexuality and friendship amid post-Soviet Georgia's clash between religious values and progress.",introverted teen whose father joins monastery befriends right wing activist navigating sexuality friendship amid post soviet georgia clash religious values progress
2131. Rasavathi,"A former criminal doctor and his wife seek a tranquil life, but an inspector hellbent on vengeance jeopardizes their newfound peace.",former criminal doctor wife seek tranquil life inspector hellbent vengeance jeopardizes newfound peace
2132. The Primrose Railway Children,"Phoebe, Becks, Perry, and their mother unexpectedly leave their comfortable Glasgow life and relocate to the remote Scottish Highlands.",phoebe becks perry mother unexpectedly leave comfortable glasgow life relocate remote scottish highlands
2133. Previously Saved Version,"In the year 2200, Naoki and Mayumi are living in a floating residence in space. Their idyllic existence is throw off course when it's discovered Naoki turned his wife into an android years ago to live out his version of the perfect life.",year naoki mayumi living floating residence space idyllic existence throw course discovered naoki turned wife android years ago live version perfect life
2134. The Night They Came Home,A frontier lawman partners with an Indian detective to hunt down a ruthless band of teenage criminals known as the Rufus Buck Gang.,frontier lawman partners indian detective hunt ruthless band teenage criminals known rufus buck gang
2135. Ghosts Just Wanna Have Fun,"A young soldier's ghost embarks on a fantastical and hedonistic journey across multiple countries, gathering other wanderers along the way.",young soldier ghost embarks fantastical hedonistic journey across multiple countries gathering wanderers along way
2136. Sunny,Sunny is the story of a middle-aged woman who dreams to fulfill her dying wish to reunite with high school friends.,sunny story middle aged woman dreams fulfill dying wish reunite high school friends
2137. Slime,"Mona, a baker's daughter, feels trapped by her controlling father Adon. New employee Lina ignites Mona's desires. Adon has contrasting plans for Mona. Torn between duty and passion, Mona must decide her future path.",mona baker daughter feels trapped controlling father adon new employee lina ignites mona desires adon contrasting plans mona torn duty passion mona must decide future path
2138. Pimpinero: Blood and Oil,"In the treacherous desert along the Colombia-Venezuela border, gasoline smugglers known as ""pimpineros"" risk their lives transporting illegal fuel across the harsh landscape.",treacherous desert along colombia venezuela border gasoline smugglers known pimpineros risk lives transporting illegal fuel across harsh landscape
2139. Mummy Shark,"In an Egyptian pyramid, researchers uncover a mummified alien shark. A mystic revives the creature, unleashing it on the exploration team.",egyptian pyramid researchers uncover mummified alien shark mystic revives creature unleashing exploration team
2140. Iconic,A beauty influencer living in Los Angeles gradually loses her grip on reality.,beauty influencer living los angeles gradually loses grip reality
2141. Gelin Takimi,"A group of female friends take a holiday bachelorette trip, where they let their hair down, flirting with strangers, and indulge in a party lifestyle.",group female friends take holiday bachelorette trip let hair flirting strangers indulge party lifestyle
2142. Canvas,Follows an ex-child art prodigy as she is harrowed by her sister who returns to their childhood home and tries to get her committed.,follows ex child art prodigy harrowed sister returns childhood home tries get committed
2143. Matka,"Rising through the ranks of the criminal world, a man becomes a key player in a massive nationwide gambling operation.",rising ranks criminal world man becomes key player massive nationwide gambling operation
2144. Agent of Happiness,"Amber, a happiness agent, travels the Bhutanese Himalayas surveying people's happiness. On his remote mountain journey, he searches for fulfillment.",amber happiness agent travels bhutanese himalayas surveying people happiness remote mountain journey searches fulfillment
2145. Amar Prem Ki Prem Kahani,"Amar and Prem, along with their families, gather in Punjab for their wedding, which is disrupted by cultural differences and a jealous woman.",amar prem along families gather punjab wedding disrupted cultural differences jealous woman
2146. Temurun,"As they try to come to terms with the loss they have experienced, will Dewi and Sena be able to face the mystery of the legacy passed down from their extended family?",try come terms loss experienced dewi sena able face mystery legacy passed extended family
2147. A Christmas Gamble,"Former gambling addict Chance needs $60,000 to save his mother from nursing home eviction. He falls back into old habits, discovering he's never lost a bet on Christmas. Is this his miracle or just an addict losing control?",former gambling addict chance needs save mother nursing home eviction falls back old habits discovering never lost bet christmas miracle addict losing control
2148. Bel Ami,"A small, unknown border town has begun to snow. A man in his middle age, has decided to come out of the closet. He wanders the town, searching..",small unknown border town begun snow man middle age decided come closet wanders town searching
2149. Road Trip,Five friends go on a roadtrip to visit the wake of a friend.,five friends go roadtrip visit wake friend
2150. Side Effects May Vary,"A science skeptic takes an experimental vaccine during a pandemic to treat his illness. The cure works instantly, but he'll learn it's deadlier than the virus itself.",science skeptic takes experimental vaccine pandemic treat illness cure works instantly learn deadlier virus
2151. The Banished,"After her brother mysteriously goes missing, Grace ventures into the dangerous wilderness to find him. As she uncovers the horrific truth of his disappearance, she is faced with a darkness which threatens to claim her as well.",brother mysteriously goes missing grace ventures dangerous wilderness find uncovers horrific truth disappearance faced darkness threatens claim well
2152. A Family Affair,Owners of a spiritual retreat risk losing property. Auction interrupts anniversary event. Misunderstandings with younger date and buyers occur. Family conflicts arise as they try to prevent foreclosure.,owners spiritual retreat risk losing property auction interrupts anniversary event misunderstandings younger date buyers occur family conflicts arise try prevent foreclosure
2153. Sideways for Attention,"A Manhattan college senior with HIV grapples with her diagnosis, trauma, and future while her stepfather and a classmate reach out, until she uncovers a disturbing truth about another student.",manhattan college senior hiv grapples diagnosis trauma future stepfather classmate reach uncovers disturbing truth another student
2154. Full Clip for a Snitch,"Arrested drug dealers Malik and Chris set up another dealer, Deion, in exchange for their freedom. When Deion's mother finds out, she sets out on a mission to kill the people who snitched on her son.",arrested drug dealers malik chris set another dealer deion exchange freedom deion mother finds sets mission kill people snitched son
2155. Trifole,"In this bittersweet portrait of a vanishing rural way of life, Dalia travels to Piedmont to care for her aging grandfather Igor, an expert forager. Armed with his loyal dog Birba, she hunts for a prizewinning truffle to save his home.",bittersweet portrait vanishing rural way life dalia travels piedmont care aging grandfather igor expert forager armed loyal dog birba hunts prizewinning truffle save home
2156. When Her Walls Talk,A nationally renowned therapist explores the passions and erotic boundaries of her clients while coping with personal demons of her own.,nationally renowned therapist explores passions erotic boundaries clients coping personal demons
2157. Christmas Cowboy,"Mary, a savvy but overlooked real estate developer, gets a $1.2 billion opportunity, forcing her to return to her hometown amidst family tensions, rivalry, and new romance, discovering true Christmas magic: love, forgiveness, and horses.",mary savvy overlooked real estate developer gets billion opportunity forcing return hometown amidst family tensions rivalry new romance discovering true christmas magic love forgiveness horses
2158. Ooru Peru Bhairavakona,"A man goes in search of some urgently required answers to the world of Bhairavakona, from which there's seemingly no way out.",man goes search urgently required answers world bhairavakona seemingly way
2159. Hakki,"Hakki finds a historical artifact in his garden and discovers his hunger for power, putting both him and his family under extreme duress.",hakki finds historical artifact garden discovers hunger power putting family extreme duress
2160. Treasure Trackers,"A trio of misfit middle schoolers band together to investigate their small town's mythic treasure, only to uncover a Halloween curse.",trio misfit middle schoolers band together investigate small town mythic treasure uncover halloween curse
2161. The Plot,The story is about a hitman named Brain who suffers an accident during a murder and struggles to survive while suspecting everyone around him to find out who is behind the accident after barely surviving.,story hitman named brain suffers accident murder struggles survive suspecting everyone around find behind accident barely surviving
2162. Nee Dhaarey Nee Katha,"Nee Dhaarey Nee Katha explores the theme of perseverance, through the lens of music. The film moves through seemingly lighthearted instances and conversations in engaging with the message of pursuing what makes one fulfilled.",nee dhaarey nee katha explores theme perseverance lens music film moves seemingly lighthearted instances conversations engaging message pursuing makes one fulfilled
2163. The American Backyard,"A troubled young man falls for an American military auxiliary after a single glance. A year later, he moves to the American Midwest to write his novel, next to the auxiliary's elderly mother's house, separated by a grim garden.",troubled young man falls american military auxiliary single glance year later moves american midwest write novel next auxiliary elderly mother house separated grim garden
2164. Her,The lives of five women who come from different class backgrounds.,lives five women come different class backgrounds
2165. Ghost Game,Follows a thrill-seeking couple who set their target in an haunted house and endure various incidents as they witness a family going mad.,follows thrill seeking couple set target haunted house endure various incidents witness family going mad
2166. Curse of the Seven Oceans,"Starting from trade competition in the market, people use supernatural things and perform black magic to bring down their rivals.",starting trade competition market people use supernatural things perform black magic bring rivals
2167. Transplant,A Korean-American surgical resident pushes himself to extreme lengths while training under a legendary heart transplant surgeon who's obsessed with protecting his perfect reputation.,korean american surgical resident pushes extreme lengths training legendary heart transplant surgeon obsessed protecting perfect reputation
2168. The Holiday List,"A woman sets out a well-intentioned plan of bringing her dysfunctional family together in the wake of the family's matriarch, her mother-in-law.",woman sets well intentioned plan bringing dysfunctional family together wake family matriarch mother law
2169. 31st Movie,"After being raped by her boyfriend on New Year's Eve, Kinjal faces police indifference and takes her life. Her sister fights a legal battle for justice. Will she succeed?",raped boyfriend new year eve kinjal faces police indifference takes life sister fights legal battle justice succeed
2170. Soda,"In 1956, a seamstress arrives in a Holocaust survivor community. Rumors surface about her past as Capo. Shalom, resistance fighter, torn between attraction and duty to expose her history. Community tensions rise over her true identity.",seamstress arrives holocaust survivor community rumors surface past capo shalom resistance fighter torn attraction duty expose history community tensions rise true identity
2171. State Organs,"Two innocent young persons were forcibly disappeared by police in China. Their desperate families embarked on a two-decade odyssey in search of the truth, uncovering a sinister state crime and grassroots movements that inspired a nation.",two innocent young persons forcibly disappeared police china desperate families embarked two decade odyssey search truth uncovering sinister state crime grassroots movements inspired nation
2172. Fatal Lust,"Carson's life unravels as his ex-convict twin Cameron is released, seeking vengeance against Carson's fiancée Brianna, exposing the brothers' resentment, inequities, and dark pursuits, causing their relationship to deteriorate.",carson life unravels ex convict twin cameron released seeking vengeance carson fianc e brianna exposing brothers resentment inequities dark pursuits causing relationship deteriorate
2173. Celestina: Burlesk Dancer,"Set in the Philippines during the 1940's, Celestina is a story about a woman, a burlesk dancer, who struggles to provide for her family while her husband is a gambling and womanizing drunkard. Despite the hardships, Celestina perseveres and finds strength in her love for her son.",set philippines celestina story woman burlesk dancer struggles provide family husband gambling womanizing drunkard despite hardships celestina perseveres finds strength love son
2174. Fine Young Men,"When Alf returns to school after a year away, he begins to bond with new student Oliver. This will deeply damage the relationship between Alf and Oliver as Alf faces the transition to adulthood alone, embroiled in crime.",alf returns school year away begins bond new student oliver deeply damage relationship alf oliver alf faces transition adulthood alone embroiled crime
2175. My Freaky Family,"A preteen with musical talents and magical abilities struggles to fit in with her unconventional family. As she approaches her 13th birthday, she unravels family secrets, embracing her unique identity.",preteen musical talents magical abilities struggles fit unconventional family approaches th birthday unravels family secrets embracing unique identity
2176. Frankenstein: Legacy,"England, 1875. A century after Victor Frankenstein's doomed experiment, his journals have traded hands for decades.",england century victor frankenstein doomed experiment journals traded hands decades
2177. Meeting with Pol Pot,"Three French journalists travel to Cambodia in 1978 after receiving an invitation from the Khmer Rouge regime, embarking on a perilous adventure.",three french journalists travel cambodia receiving invitation khmer rouge regime embarking perilous adventure
2178. Nonostante,"A man spends his days in hospital without too many worries. He has been hospitalized, safe from everything, without responsibilities and problems. That routine runs smoothly until a new person is admitted to the same ward.",man spends days hospital without many worries hospitalized safe everything without responsibilities problems routine runs smoothly new person admitted ward
2179. A Dog's Will 2,"After 20 years missing, João Grilo returns to Taperoá to join his old friend Chicó and, after his story of resurrection spreads, he is disputed as an electoral candidate by the two most powerful politicians in the city.",years missing jo grilo returns tapero join old friend chic story resurrection spreads disputed electoral candidate two powerful politicians city
2180. What Lives Here,A Junk removal company is lured to an out-of-state project by a real estate agent promising big buck to remove the contents of a mansion with a sinister past.,junk removal company lured state project real estate agent promising big buck remove contents mansion sinister past
2181. A Mother's Embrace,"During massive 1996 Rio storm, firefighter Ana and her firefighter team must evacuate a collapsing nursing home, but the mysterious residents have other sinister plans.",massive rio storm firefighter ana firefighter team must evacuate collapsing nursing home mysterious residents sinister plans
2182. Dengeler,"Victory in the ring, revenge on the street! Ferit must defeat both his enemies and his destiny.",victory ring revenge street ferit must defeat enemies destiny
2183. Topuria Matador,"Ilia's incredible journey from a childhood in war-torn Georgia to becoming a champion of the world. Overcoming obstacles with unwavering support, he faces the ultimate challenge of his life.",ilia incredible journey childhood war torn georgia becoming champion world overcoming obstacles unwavering support faces ultimate challenge life
2184. Killapa Wawan,,nan
2185. God's Here,"In Granbury, TX, firefighter Jack Gilmore makes holiday memories with his son and not knowingly shares a final kiss with his wife. But when a runaway teen's car hits his wife's car, Jack grapples with his faith and the idea of forgiveness.",granbury tx firefighter jack gilmore makes holiday memories son knowingly shares final kiss wife runaway teen car hits wife car jack grapples faith idea forgiveness
2186. Malta,"Mariana wants to go far away, far from Bogota, far from her family, but above all away from herself. Malta is a place where to start. Before she gets there she will have to delve in other territories.",mariana wants go far away far bogota far family away malta place start gets delve territories
2187. Honeymoonish,A newly married couple realize on their honeymoon that they really are completely different. But do opposites attract?,newly married couple realize honeymoon really completely different opposites attract
2188. Men of War,"A former U.S. Green Beret is recruited to remove Venezuela's president and after the mission fails, he is pursued by the government he faithfully served.",former u green beret recruited remove venezuela president mission fails pursued government faithfully served
2189. Bet,"All men cheat, right?. Well not according to Asia, who is so sure of her marriage, she makes a ""Bet""with another woman to seduce her husband in the hopes of him not cheating on her. Will she win the bet is the real question?",men cheat right well according asia sure marriage makes bet another woman seduce husband hopes cheating win bet real question
2190. Eat the Night,"Young drug dealer Pablo and his sister Appoline bond over an online game called Darknoon. Pablo falls for Night, neglecting his sister. While Appoline finishes the game, Pablo and Night become embroiled in a dangerous gang conflict.",young drug dealer pablo sister appoline bond online game called darknoon pablo falls night neglecting sister appoline finishes game pablo night become embroiled dangerous gang conflict
2191. Aiden,"In a desperate bid for survival, Aiden flees the suffocating grip of domestic violence and seeks refuge in a remote cabin, where unconventional therapy sessions force him to confront his past, which opens an intriguing twist.",desperate bid survival aiden flees suffocating grip domestic violence seeks refuge remote cabin unconventional therapy sessions force confront past opens intriguing twist
2192. The Hobby: Tales from the Tabletop,"Explores the passionate world of modern board gaming, following enthusiasts who find community and meaning through games.",explores passionate world modern board gaming following enthusiasts find community meaning games
2193. Srikakulam Sherlockholmes,"A string of beach murders rocks a coastal town, prompting police to hire a meticulous private eye. His investigation zeroes in on seven suspects, including a village couple, after a young girl's killing sparks public outcry.",string beach murders rocks coastal town prompting police hire meticulous private eye investigation zeroes seven suspects including village couple young girl killing sparks public outcry
2194. Amongst the Wolves,"Danny, an ex-soldier homeless in Dublin, meets Will, a teen fleeing a drug gang. Their encounter forces them to confront their pasts while navigating the harsh realities they face.",danny ex soldier homeless dublin meets teen fleeing drug gang encounter forces confront pasts navigating harsh realities face
2195. Mashaarojinn,"Telling the story of Adam, who is disappointed with life and is willing to do anything supposedly to change his life. What will be the outcome?",telling story adam disappointed life willing anything supposedly change life outcome
2196. Pure Love,"Athar meets Ara who makes him a better person, but they are still too young and have to pursue their dreams.",athar meets ara makes better person still young pursue dreams
2197. All Shall Be Well,"Angie and Pat have been together for over four decades but after Pat's unexpected death, Angie finds herself at the mercy of Pat's family as she struggles to retain her dignity and the home that both had shared for over thirty years.",angie pat together four decades pat unexpected death angie finds mercy pat family struggles retain dignity home shared thirty years
2198. Article 20,"A prosecutor on his last case deals with a colleague to exonerate a suspect, making the law just.",prosecutor last case deals colleague exonerate suspect making law
2199. Water Brother,"'Water Brother' is a feature documentary that follows the life of Sid Abbruzzi, an East Coast legend and culture icon.",water brother feature documentary follows life sid abbruzzi east coast legend culture icon
2200. The Fourth Wall,"Georges, a politically committed stage director, has given up activism. But when Samuel, his best friend suffering from an incurable disease, urges him to pursue his crazy idea of staging Anouilh's Antigone to steal two hours of peace from the Lebanese war, Georges cannot refuse. In Beirut, George will rapidly discover the tense atmosphere and all the war conflicts between ethnic groups in the country. The play seems to be a glimmer of hope, even if the cloud of a raging war is upon them. How will the man who has only ever known revolt face the reality of the conflict? Will he be able to escape unscathed?",georges politically committed stage director given activism samuel best friend suffering incurable disease urges pursue crazy idea staging anouilh antigone steal two hours peace lebanese war georges cannot refuse beirut george rapidly discover tense atmosphere war conflicts ethnic groups country play seems glimmer hope even cloud raging war upon man ever known revolt face reality conflict able escape unscathed
2201. World Between Us,Will Marie from a small town in the Czech Republic succeed by fulfilling her lifetime dream to conquer New York as a still photographer?,marie small town czech republic succeed fulfilling lifetime dream conquer new york still photographer
2202. A Hip Hop Story,A pioneer of the culture joins forces with a few of rap music's elite performers to attempt to save hip hop.,pioneer culture joins forces rap music elite performers attempt save hip hop
2203. The Last Republican,"In the wake of the January 6 Capitol riot, Republican Congressman Adam Kinzinger, a fan of Hollywood director Steve Pink's film Hot Tub Time Machine, teams up with Pink to shed light on the events and hold those responsible accountable.",wake january capitol riot republican congressman adam kinzinger fan hollywood director steve pink film hot tub time machine teams pink shed light events hold responsible accountable
2204. The Undertaker's Wife,"Four years after losing their son in a drunk driving accident, Jack and Sarah Davis move into an historic funeral home in the deep south to start a new life.",four years losing son drunk driving accident jack sarah davis move historic funeral home deep south start new life
2205. Storm Crashers,"11-year-old Alfonso, heir of Don Quixote, and his 3 imaginary and musical rabbits join Pancho and Victoria, to save their beloved town of La Mancha from a huge storm.",year old alfonso heir quixote imaginary musical rabbits join pancho victoria save beloved town la mancha huge storm
2206. The Swedish Torpedo,"Summer of 1939. The outbreak of war in Europe is drawing ever closer, but Sally Bauer cannot tear herself away from the sea and her longing to cross the English Channel.",summer outbreak war europe drawing ever closer sally bauer cannot tear away sea longing cross english channel
2207. History of Evil,A family on the run from a corrupt state takes refuge in a safe house with an evil past.,family run corrupt state takes refuge safe house evil past
2208. Nefarious,"A fast moving, funny and ultimately tragic European road movie about two hedonistic outlaws and their quest to open up a coffeeshop in Amsterdam.",fast moving funny ultimately tragic european road movie two hedonistic outlaws quest open coffeeshop amsterdam
2209. At Her Feet,Archeology students and their Hawaiian guide encounter unseen allies and a misguided protector as they risk their lives saving artifacts in the path of an erupting volcano in Hawaii Volcanoes National Park.,archeology students hawaiian guide encounter unseen allies misguided protector risk lives saving artifacts path erupting volcano hawaii volcanoes national park
2210. Ghost Cat Anzu,"Friendship shared between Karin, a strong-minded girl sent to live with her monk granddad in the Japanese countryside, and Anzu, the even-more unpredictable phantom feline who acts as her guardian.",friendship shared karin strong minded girl sent live monk granddad japanese countryside anzu even unpredictable phantom feline acts guardian
2211. Devil's Knight,"In the realm of Veroka, an elite group of global monster hunters is summoned by King Samuel to vanquish the ancient Bone Devil, whose reign of terror threatens the Kingdom of Remény.",realm veroka elite group global monster hunters summoned king samuel vanquish ancient bone devil whose reign terror threatens kingdom rem ny
2212. Young Royals Forever,"Edvin Ryding and Omar Rudberg, among others, together with the main writer, creator and executive producer Lisa Ambjörn share the story of how Wilhelm and Simon's journey took shape, from the writing process and casting to the final scene.",edvin ryding omar rudberg among others together main writer creator executive producer lisa ambj rn share story wilhelm simon journey took shape writing process casting final scene
2213. Tendaberry,"As her boyfriend returns to Ukraine to care for his ailing father, 23-year-old Dakota faces the challenges of a precarious new reality, navigating the complexities of survival in New York City on her own.",boyfriend returns ukraine care ailing father year old dakota faces challenges precarious new reality navigating complexities survival new york city
2214. Worlds Apart,"Makio Kodai, a shy 35-year-old novelist, takes in her 15-year-old niece Asa Takumi after Asa's parents die in a car accident. Despite Makio's difficulties with relationships, she and Asa begin living together, forming a bond.",makio kodai shy year old novelist takes year old niece asa takumi asa parents die car accident despite makio difficulties relationships asa begin living together forming bond
2215. The Time It Takes,"A deeply felt narrative of the filmmaker's time with her father. A story that's both personal and told with the necessary distance. Like a passion, a life choice and a way of being in the world.",deeply felt narrative filmmaker time father story personal told necessary distance like passion life choice way world
2216. Lady Scorpions,A drug enforcement agent teams up with her daughter to save her abducted granddaughter from the powerful head of a criminal organization.,drug enforcement agent teams daughter save abducted granddaughter powerful head criminal organization
2217. ClearMind,A comedic thriller about virtual reality-gone-wrong.,comedic thriller virtual reality gone wrong
2218. Redress,"A chef vanishes with his sous-chef while hunting, hours before getting his third Michelin star. His daughter Clara inherits the restaurant amid media frenzy. Two years on, she's invited to a food congress in Taiwan.",chef vanishes sous chef hunting hours getting third michelin star daughter clara inherits restaurant amid media frenzy two years invited food congress taiwan
2219. Love Syndrome: The Beginning,"Despite Itt and Day's destructive relationship, they have gradually grown affection for one another. However, to see if Day's feelings are true, Itt drastically runs away, driving Day wild with rage. How will this twisted tale end?",despite itt day destructive relationship gradually grown affection one another however see day feelings true itt drastically runs away driving day wild rage twisted tale end
2220. Un altro ferragosto,"In the middle of August two large Italian families meet on Ventotene where radicals and influencers debate recent Italian history and way of life. Not everything is at it seems, so much so new and old conflicts come under scrutiny.",middle august two large italian families meet ventotene radicals influencers debate recent italian history way life everything seems much new old conflicts come scrutiny
2221. Don't Open the Door,"Far from civilization, in a frozen forest on an inhospitable mountainside, a group of researchers is attacked by an unidentified figure. The sole survivor, a young biologist, takes refuge in the isolated cabin of a mysterious man must live",far civilization frozen forest inhospitable mountainside group researchers attacked unidentified figure sole survivor young biologist takes refuge isolated cabin mysterious man must live
2222. Daaru Na Peenda Hove,A carefree bachelor's life is disrupted when he is thrust into the role of caregiver for a spirited young girl.,carefree bachelor life disrupted thrust role caregiver spirited young girl
2223. Accident or Conspiracy: Godhra,"Based on the Godhra train burning incident and riots in 2002, focusing on the Nanavati commission enquiry and report.",based godhra train burning incident riots focusing nanavati commission enquiry report
2224. Assassin's Guild,"After the Mermaid Wars, Iliad's city is attacked by dark forces. With the city full of rancor and corruption, Death herself forms an alliance and offers Atticus, an elite fighter, the chance to return to life. This gift comes at a price.",mermaid wars iliad city attacked dark forces city full rancor corruption death forms alliance offers atticus elite fighter chance return life gift comes price
2225. Mobile Suit Gundam SEED Freedom,"Lacus Clyne becomes president of a peace monitoring organization, but things are not quite what they seem.",lacus clyne becomes president peace monitoring organization things quite seem
2226. The Honey Trap,"Documentary chronicling the story of Denis Cuspert, aka Deso Dogg, and his journey from infamous German rapper to ISIS recruiter.",documentary chronicling story denis cuspert aka deso dogg journey infamous german rapper isis recruiter
2227. De Break-Up Club,"Young entrepreneur Dylan and friend Mick operate ""Break-Up Club"", helping people cope with breakups, until former employee Zoë, a journalist, threatens to expose their unethical practices by writing a damaging article.",young entrepreneur dylan friend mick operate break club helping people cope breakups former employee zo journalist threatens expose unethical practices writing damaging article
2228. Kathleen Is Here,"Kathleen turns 18, leaves foster care, and returns to her hometown after her mother's death. She inherits a house and gets a job and a friend, but she feels empty and her past haunts her future.",kathleen turns leaves foster care returns hometown mother death inherits house gets job friend feels empty past haunts future
2229. Malayalee from India,An unemployed young man named Aalparambil Gopi is compelled to embark on a journey away from his home. This unplanned trip ultimately changes the course of his life in a remarkable way.,unemployed young man named aalparambil gopi compelled embark journey away home unplanned trip ultimately changes course life remarkable way
2230. King of My Castle,"Rich hotel owner hires director to create 18th-century village set, drugs and kidnaps spoiled son, leaving him to believe he time-traveled as punishment, hoping to teach humility by living as a peasant under surveillance.",rich hotel owner hires director create th century village set drugs kidnaps spoiled son leaving believe time traveled punishment hoping teach humility living peasant surveillance
2231. Girl in the Video,"Explores the tale of Mo, a widow who is doing her best to raise her two teenagers.",explores tale mo widow best raise two teenagers
2232. Say a Little Prayer,"Three girlfriends from San Antonio, TX recite an ancient prayer to find lost husbands, unleashing chaos on their relationships. Starring Luis Fonsi, Vannessa Vasquez , Jackie Cruz, Vivian Lamoli, Angelica Maria, Chris Kattan, Tatanka Means",three girlfriends san antonio tx recite ancient prayer find lost husbands unleashing chaos relationships starring luis fonsi vannessa vasquez jackie cruz vivian lamoli angelica maria chris kattan tatanka means
2233. I Am Nevenka,"Centers on true happenings of Nevenka Fernández, a young woman in 1990s Spain who courageously reported sexual harassment by her employer. Her tenacity pioneered the fight against workplace misconduct in her country.",centers true happenings nevenka fern ndez young woman spain courageously reported sexual harassment employer tenacity pioneered fight workplace misconduct country
2234. My Wifes X,"A newly released ex-con seeks revenge on his ex-wife and her new husband. As he pursues his vengeful mission, he remains unaware of a shocking connection between his target and someone closely involved in his release from prison.",newly released ex con seeks revenge ex wife new husband pursues vengeful mission remains unaware shocking connection target someone closely involved release prison
2235. Phil Collins: Drummer First,"A legendary musician reflects on his 50-year music career in new interviews at Château de l'Aile, discussing his journey from early drumming to Genesis, solo work, Brand X, Disney scores, and passing the torch to his son.",legendary musician reflects year music career new interviews ch teau de l aile discussing journey early drumming genesis solo work brand x disney scores passing torch son
2236. From Darkness,"Park ranger Angelica and ex-Viktor investigate a missing woman's case in a Swedish nature reserve. They explore haunted caves, face their past, and uncover dark secrets while battling a mythical creature.",park ranger angelica ex viktor investigate missing woman case swedish nature reserve explore haunted caves face past uncover dark secrets battling mythical creature
2237. Death Game,"Five martial artists compete in a deadly trial for a massive reward, facing challenges and foes. They uncover sinister forces manipulating the event and devise a plan to confront them, seeking justice amidst the chaos and darkness.",five martial artists compete deadly trial massive reward facing challenges foes uncover sinister forces manipulating event devise plan confront seeking justice amidst chaos darkness
2238. Jönssonligan kommer tillbaka,"Years after their last heist, Sickan reunites with Vanheden, Harry and Doris to steal a T-Rex skeleton from a museum and sell it for millions. However, an aging detective is determined to catch Jönsson before retiring.",years last heist sickan reunites vanheden harry doris steal rex skeleton museum sell millions however aging detective determined catch j nsson retiring
2239. The Everything Pot,"When married 50-something Rachel RSVPs and sends a gift way too quickly to an acquaintance's wedding, this seemingly insignificant faux pas snowballs into a series of misunderstandings that threaten to destroy two marriages at once.",married something rachel rsvps sends gift way quickly acquaintance wedding seemingly insignificant faux pas snowballs series misunderstandings threaten destroy two marriages
2240. Trisha on the Rocks,One fine night Trisha meets Vishal at a party. This meeting starts a super fun havoc with the cutest romance in their lives.,one fine night trisha meets vishal party meeting starts super fun havoc cutest romance lives
2241. Battlefield,"In WWI, Dr. Stefano Zorzi works at a clinic, treating soldiers' wounds and cases of self-injury to avoid combat.Dr. Giulio, who helps soldiers, becomes a silent competition that also involves nurse Anna. The Spanish flu strikes the city.",wwi dr stefano zorzi works clinic treating soldiers wounds cases self injury avoid combat dr giulio helps soldiers becomes silent competition also involves nurse anna spanish flu strikes city
2242. The Beach Boys,A celebration of the legendary band that revolutionized pop music and created the harmonious sound that personified the California Dream.,celebration legendary band revolutionized pop music created harmonious sound personified california dream
2243. Ayse,"Ayse lives with her brother Ridvan, who has down syndrome, on the outer edge of the ever-growing Istanbul, where the face has begun to change.",ayse lives brother ridvan syndrome outer edge ever growing istanbul face begun change
2244. The Firefighters,"Cheol Woong, a newcomer, is assigned to Rescue Unit of the Fire Station in Seoul. Soon, he is sent to his first mission with Jin Seop, a veteran fireman working with a glorious title; the man who saved the highest number of people in the fire. While being overwhelmed by fierce fire and pouring smoke, Cheol Woong witnesses that Jin Seop forces to search the occupant contrary to the chief's withdrawal order. Just before the fire gobbles up the building, Jin Seop manages to escape with a girl in his arms, but a colleague loses the life. Cheol Woong's fear becomes an anger against Jin Seop, and blames him for his colleague's death. When their conflict is still at the peak, they're called for another fire scene which changes their fate for good.",cheol woong newcomer assigned rescue unit fire station seoul soon sent first mission jin seop veteran fireman working glorious title man saved highest number people fire overwhelmed fierce fire pouring smoke cheol woong witnesses jin seop forces search occupant contrary chief withdrawal order fire gobbles building jin seop manages escape girl arms colleague loses life cheol woong fear becomes anger jin seop blames colleague death conflict still peak called another fire scene changes fate good
2245. Sous écrous,,nan
2246. The Witness,"After seeing a government official commit murder in Iran, retired dance instructor Tarlan faces a choice: stay quiet under political pressure or risk everything to expose the truth.",seeing government official commit murder iran retired dance instructor tarlan faces choice stay quiet political pressure risk everything expose truth
2247. Given 3: To the Sea,"The final installment of the Given series, Given 3 takes place after the events of Hiiragi Mix and focuses on the continuing relationships between the core characters.",final installment given series given takes place events hiiragi mix focuses continuing relationships core characters
2248. Miss You,A young man finds himself unexpectedly falling for a woman he initially despised. Their emotional journey explores the depth behind her refusal and the rollercoaster of feelings that unfolds.,young man finds unexpectedly falling woman initially despised emotional journey explores depth behind refusal rollercoaster feelings unfolds
2249. Saint Nick of Bethlehem,"The original story about a man who lost his son, became Santa to many, reunites with his love, and brings hope to all. Distraught over losing his son, he finds closure and discovers a new purpose when he takes on the role of Santa Claus.",original story man lost son became santa many reunites love brings hope distraught losing son finds closure discovers new purpose takes role santa claus
2250. No Lo Escuches,"A carefree beach getaway turns bitter for its young protagonists. They only wanted fun in a small corner of the Caribbean paradise, but fate had other plans in store for them.",carefree beach getaway turns bitter young protagonists wanted fun small corner caribbean paradise fate plans store
2251. Rita,"A seven year old Rita and her five year old brother Lolo from a working class family as the whole country goes crazy over the European football championships, with Spain in the quarter-finals.",seven year old rita five year old brother lolo working class family whole country goes crazy european football championships spain quarter finals
2252. My Everything,"Follows Mona, a woman in her 60's who is at a point in her life where she wants to start caring for herself. But when her disabled son is unexpectedly having a baby, she has another responsibility to deal with.",follows mona woman point life wants start caring disabled son unexpectedly baby another responsibility deal
2253. Uranus Attacks,"The small town of Uranus has been invaded. Two best friend and fudge packing employees at the Uranus Fudge Factory now must save Uranus and stop an evil hive-mind Alien slug named Zamik before he ""ass-similates"" all of Uranus.",small town uranus invaded two best friend fudge packing employees uranus fudge factory must save uranus stop evil hive mind alien slug named zamik ass similates uranus
2254. Do You See What I See,"On her birthday, Mawar's dream, who was lonely and only accompanied by her boarding house friends, came true about the partner she dreamed of. However, after finding this partner, Mawar's behavior became increasingly strange.",birthday mawar dream lonely accompanied boarding house friends came true partner dreamed however finding partner mawar behavior became increasingly strange
2255. Dangerous Affair,"Erika and Ryan are a happily married couple living in a high rise Apartment in Atlanta, Ga. Everything is going great until Erika meets a handsome, mysterious man in her building and they start having an affair.",erika ryan happily married couple living high rise apartment atlanta ga everything going great erika meets handsome mysterious man building start affair
2256. Kidnapping Inc.,"Doc and Zoe are two hapless kidnappers tasked with what appears to be a simple abduction for hire, only to find out that it's anything but and end up in the middle of a political conspiracy.",doc zoe two hapless kidnappers tasked appears simple abduction hire find anything end middle political conspiracy
2257. Crossword,"Following the death of their daughter, Tessa focuses on her acclaimed children's book series, ""Lily Learns,"" while her husband, James, attempts to find solace in the daily crossword, but quickly unravels as it takes on a mind of its own.",following death daughter tessa focuses acclaimed children book series lily learns husband james attempts find solace daily crossword quickly unravels takes mind
2258. La famille Hennedricks,"When her son Henri threatens to move in with his father, Justine takes him on a trip to the Atlantic coast along with her new partner, Ludo, and stepson, Joseph. Vacation program: uniting the blended family at any cost.",son henri threatens move father justine takes trip atlantic coast along new partner ludo stepson joseph vacation program uniting blended family cost
2259. Green,"Green follows the harrowing journey of Mayanna, a man battling paranoid schizophrenia. Haunted by delusions and hallucinations, Mayanna's mind is tormented by a monster from a childhood story told by his mother.",green follows harrowing journey mayanna man battling paranoid schizophrenia haunted delusions hallucinations mayanna mind tormented monster childhood story told mother
2260. Yo vi tres luces negras,"An old man enters the Colombian jungle seeking a peaceful place to die, but paramilitary soldiers controlling the area threaten his journey to death.",old man enters colombian jungle seeking peaceful place die paramilitary soldiers controlling area threaten journey death
2261. Bhaiyya Ji,A man who stands up for his family and seeks revenge for the wrongs done towards his loved ones.,man stands family seeks revenge wrongs done towards loved ones
2262. Véletlenül írtam egy könyvet,"Follows a 13-year-old girl who dreams to become a writer. While she is learning to write with the help of her neighbor, she suddenly realizes that her life is actually becoming a novel.",follows year old girl dreams become writer learning write help neighbor suddenly realizes life actually becoming novel
2263. Panda Bear in Africa,"A panda travels from China to Africa, facing hippos, hyenas, gorillas. He rescues his kidnapped dragon friend, makes new friends, and protects their jungle home.",panda travels china africa facing hippos hyenas gorillas rescues kidnapped dragon friend makes new friends protects jungle home
2264. Christmas on the Ranch,"When a talk show relationship expert with her own romantic hang-ups gets stranded at a ranch before Christmas, the charming rancher reminds her that love is always worth the risk.",talk show relationship expert romantic hang ups gets stranded ranch christmas charming rancher reminds love always worth risk
2265. Jesus Freaks,A woman's story of love and redemption during the Christian youth revolution that swept across America in the 1970's.,woman story love redemption christian youth revolution swept across america
2266. Throuple,"Ysay and Hannah, who were in a Throuple relationship, find themselves searching for a new partner after losing their boyfriend. Will they find the perfect third piece?",ysay hannah throuple relationship find searching new partner losing boyfriend find perfect third piece
2267. Logout,"Set in Delhi, LOGOUT follows 26-year-old Pratyush, a social media influencer on the brink of reaching 10 million followers. However, his ambitions take a terrifying turn when an obsessive fan gains access to his all-important phone.",set delhi logout follows year old pratyush social media influencer brink reaching million followers however ambitions take terrifying turn obsessive fan gains access important phone
2268. Homegrown,"Three Trump supporters from different backgrounds unite to campaign across America in 2020, advocating for his re-election while laying foundations for what they hope will be a long-lasting political movement.",three trump supporters different backgrounds unite campaign across america advocating election laying foundations hope long lasting political movement
2269. The Way We Talk,A soul-searching story about three friends who have different conditions of deafness.,soul searching story three friends different conditions deafness
2270. Sharmajee Ki Beti,"Multi-generational ensemble about the modern, middle-class female experience and the lives of urban women, all with the common surname of Sharma.",multi generational ensemble modern middle class female experience lives urban women common surname sharma
2271. Planetquake,"A tectonic shift deep below the Mariana Trench causes a series of ever escalating earthquakes. If a team of leading seismologists fails to stop the disaster, the events will break apart the Earth, resulting in billions of casualties.",tectonic shift deep mariana trench causes series ever escalating earthquakes team leading seismologists fails stop disaster events break apart earth resulting billions casualties
2272. Sway,"After his brother goes missing, a Black community leader, who has it all, sees his life spiral out of control: within hours he's blackmailed by a strange woman, and a murder tests how far he will go to protect the ones he loves.",brother goes missing black community leader sees life spiral control within hours blackmailed strange woman murder tests far go protect ones loves
2273. Friedas Fall,"The murder of a young woman's son sparks a pivotal moment in the fight for women's rights and political equality in early 20th century Switzerland, setting the stage for a historic court case.",murder young woman son sparks pivotal moment fight women rights political equality early th century switzerland setting stage historic court case
2274. Kali,"Lisa, aka Kali, who has nothing left to lose when she finds out her husband has been executed in Rio to cover up a corruption scandal. A former Special Forces recruit, she heads to Brazil with fists, blood and explosives, to Know the truth",lisa aka kali nothing left lose finds husband executed rio cover corruption scandal former special forces recruit heads brazil fists blood explosives know truth
2275. Bury Him,"After his controversial acquittal for murder, Michael Kenny must lay low. This becomes difficult after accidentally killing a man with his car.",controversial acquittal murder michael kenny must lay low becomes difficult accidentally killing man car
2276. Road Wars: Max Fury,"In a post-apocalyptic wasteland, two sisters leave their stronghold to save their wounded mother. Armed only with a muscle car and limited ammo, they race against ruthless raiders to secure lifesaving supplies from a distant outpost.",post apocalyptic wasteland two sisters leave stronghold save wounded mother armed muscle car limited ammo race ruthless raiders secure lifesaving supplies distant outpost
2277. Powder Pup,"Shaun a Southern California surfer, his dad's plan to move to mountains of Montana crushes him until he meets a dog who can snowboard. With the help of his canine friend, he is set to make a run for the annual snowboarding championship.",shaun southern california surfer dad plan move mountains montana crushes meets dog snowboard help canine friend set make run annual snowboarding championship
2278. Dalej jazda!,"The story of elderly, lovable couple. He decides to fulfill his wife dream and take her on a sentimental journey on their own terms. The preparations and the trip itself bring closer the entire family closer.",story elderly lovable couple decides fulfill wife dream take sentimental journey terms preparations trip bring closer entire family closer
2279. A Nashville Wish,A country singer falls for the girl of his dreams and has to choose between love and his dreams of stardom in Nashville.,country singer falls girl dreams choose love dreams stardom nashville
2280. Who Am I,"In one apartment, nine human conditions experience a contained life as they make the world their own.",one apartment nine human conditions experience contained life make world
2281. Sweet Angel Baby,Follows an unassuming Newfoundland woman whose online persona strains her community relationships after its exposure.,follows unassuming newfoundland woman whose online persona strains community relationships exposure
2282. Devils Stay,"A heart specialist doubts his daughter's death after an exorcism, believing her heart still beats. Amid her three-day funeral, he and a priest clash over the truth, each trying to prove their stance and potentially save her life.",heart specialist doubts daughter death exorcism believing heart still beats amid three day funeral priest clash truth trying prove stance potentially save life
2283. Last Night at Terrace Lanes,"When a bloodthirsty cult invades a bowling alley on its final night of operation, a high schooler on a date from hell, must join forces with her survivalist dad to fend off the crazed murderers.",bloodthirsty cult invades bowling alley final night operation high schooler date hell must join forces survivalist dad fend crazed murderers
2284. A Balloon's Landing,"Hong Kong writer Tian Yu and Taipei gangster Xiang set out to find the Bay of Whales, uncovering surprises and forming strong bonds along the way.",hong kong writer tian yu taipei gangster xiang set find bay whales uncovering surprises forming strong bonds along way
2285. Jim's Story,A family living in the Jura mountains is torn apart following the return of the son's biological father.,family living jura mountains torn apart following return son biological father
2286. Hemme'nin öldügü günlerden biri,"After going bankrupt, Eyüp leaves Izmir to work at a tomato field. Unpaid wages frustrate Eyüp, leading to a confrontation with his foreman Hemme. He decides to kill him but is unwittingly diverted in town, cooling his anger.",going bankrupt ey p leaves izmir work tomato field unpaid wages frustrate ey p leading confrontation foreman hemme decides kill unwittingly diverted town cooling anger
2287. In Good Hands 2,"A newly reunited father and son grapple with new beginnings after tragedy, but can they manage to fill the void left by a beloved wife and mother?",newly reunited father son grapple new beginnings tragedy manage fill void left beloved wife mother
2288. Once Upon a Time in Hollyweird,"When Hollywood icon Michael Madsen goes missing presumed dead, they call Rick Blaine (Tom Sizemore) to investigate. A Tarantino-style murder mystery that is, Once Upon a Time in Hollyweird.",hollywood icon michael madsen goes missing presumed dead call rick blaine tom sizemore investigate tarantino style murder mystery upon time hollyweird
2289. Slocum et moi,"In 1950s France, a boy's life transforms when his father begins building a boat in their garden by the Marne River. The family joins in creating their vessel, blending real life with dreams.",france boy life transforms father begins building boat garden marne river family joins creating vessel blending real life dreams
2290. Om Bheem Bush,"Follows three scientists who come to a village to find a treasure, but things don't turn easy for them because there is black magic in that village.",follows three scientists come village find treasure things turn easy black magic village
2291. Guest from the Future,"Kolya Gerasimov is an ordinary guy: video games, rap and hanging out with friends. The last thing he worries about is the future. Until one day he himself enters the future. And not everything is easy there.",kolya gerasimov ordinary guy video games rap hanging friends last thing worries future one day enters future everything easy
2292. Meet the Leroys,A man takes his wife and their teenage children on a road trip down memory lane while facing divorce.,man takes wife teenage children road trip memory lane facing divorce
2293. Sucha Soorma,"A 100+ year-old story of the legendary rebel, the famous Punjab da Kissa, Sucha Soorma!",year old story legendary rebel famous punjab da kissa sucha soorma
2294. To Kill a Wolf,"In a modern re-imagining of Little Red Riding Hood, a social pariah discovers a teenage runaway in the Oregon Wilderness and does his best to help her find a way home - a troubling exploration of trauma and redemption.",modern imagining little red riding hood social pariah discovers teenage runaway oregon wilderness best help find way home troubling exploration trauma redemption
2295. Zir-i Cin 3: Cin Dügümü,,nan
2296. Paul Anka: His Way,"Born in Ottawa to immigrants, Anka exhibited early musical talent. At 16, he ambitiously headed to New York . Unlike other teen idols, he wrote his own songs. His multi-genre, multi-decade success resonates across generations.",born ottawa immigrants anka exhibited early musical talent ambitiously headed new york unlike teen idols wrote songs multi genre multi decade success resonates across generations
2297. Saving Carpathia: Kingdom of the Bear,"Travel into the heart of Romania's stunning Carpathian Mountains and discover their most iconic apex predator, Ursus Arctos, the brown bear.",travel heart romania stunning carpathian mountains discover iconic apex predator ursus arctos brown bear
2298. Naa Saami Ranga,The lives of two brothers from a humble background in a village get wrecked by evil-minded people from an affluent family. Can the protagonist overcome the complicated scenarios and lead a happy life with his loved ones?,lives two brothers humble background village get wrecked evil minded people affluent family protagonist overcome complicated scenarios lead happy life loved ones
2299. Twin Lies,"When a young barista takes her twin sister's place for an escorting gig, all hell breaks loose when their mysterious client turns dangerous.",young barista takes twin sister place escorting gig hell breaks loose mysterious client turns dangerous
2300. Intercepted,Destruction in Ukraine war shown through lengthy tableaux. Soldiers' phone calls to families reveal parallel world. Sound and image confront one another.,destruction ukraine war shown lengthy tableaux soldiers phone calls families reveal parallel world sound image confront one another
2301. Rise of OnlyFans,"The Rise of OnlyFans is an illuminating documentary that provides a comprehensive exploration of the unprecedented growth and cultural impact of the groundbreaking platform, OnlyFans.",rise onlyfans illuminating documentary provides comprehensive exploration unprecedented growth cultural impact groundbreaking platform onlyfans
2302. Das Meer ist der Himmel,"A real-estate henchman has to go back to Albania after 20 years, to scatter his dead grandfather's ashes in the sea, facing his roots, his past and his family, that he never wanted to see again.",real estate henchman go back albania years scatter dead grandfather ashes sea facing roots past family never wanted see
2303. The Bodyguard,"Former special police sniper Zhong Xiaonan was hired by security company Gao Bin to protect the son of Chinese scientist Lin Heng, Lin Zihao, from returning to China. The scientific research achievements mastered by the Lin father and son have aroused the covetousness of overseas tycoons. They sent a killer group to try to kidnap Lin Zihao and steal core data, and even colluded with local police officials to launch a heavy siege on Zhong Xiaonan and Lin Zihao. In danger, Zhong Xiaonan teamed up with Chinese police officer Peter and resolutely decided to fight against evil forces to the end, and overthrow all ""black evil"".",former special police sniper zhong xiaonan hired security company gao bin protect son chinese scientist lin heng lin zihao returning china scientific research achievements mastered lin father son aroused covetousness overseas tycoons sent killer group try kidnap lin zihao steal core data even colluded local police officials launch heavy siege zhong xiaonan lin zihao danger zhong xiaonan teamed chinese police officer peter resolutely decided fight evil forces end overthrow black evil
2304. Sicilian Holiday,It folllows Mia and Nino. Mia is trying to find an escape from her unfulfilling life. Nino is a sculptor in his mid-thirties who comes to Mia's aid. Their relationship becomes complicated by the arrival of Nino's brother Phil.,folllows mia nino mia trying find escape unfulfilling life nino sculptor mid thirties comes mia aid relationship becomes complicated arrival nino brother phil
2305. A Circus Tale & a Love Song,"A romantic circus performer leaves Mexico seeking love, landing in New Orleans where he falls for an exotic dancer - but her possessive ex threatens their chance at happiness.",romantic circus performer leaves mexico seeking love landing new orleans falls exotic dancer possessive ex threatens chance happiness
2306. Lolo and the Kid,A hustler and the child he took in routinely con the wealthy - but a life-changing opportunity could end their inseparable bond.,hustler child took routinely con wealthy life changing opportunity could end inseparable bond
2307. Any Day Now,"To stage a masterpiece of a heist, you need time, friends, and balls. Steve has two of the three.",stage masterpiece heist need time friends balls steve two three
2308. Victoria,"Victoria, a small-town beautician, defies her Catholic family by fleeing with her Hindu boyfriend. Her life grows more complex when she receives a rooster meant for religious purposes from a neighbor.",victoria small town beautician defies catholic family fleeing hindu boyfriend life grows complex receives rooster meant religious purposes neighbor
2309. Bheema,"Bheema, an orphan raised by Ramanna, crosses paths with Dragon Manju's drug racket endangering young lives. Corrupt ministers exploit underprivileged individuals for political ambitions.",bheema orphan raised ramanna crosses paths dragon manju drug racket endangering young lives corrupt ministers exploit underprivileged individuals political ambitions
2310. The Age Mate,"An expelled journalism student, trying to make sense of his life, carefully documents his summer, as well as the story of the disappearance and death of the founders of one of the first startups on the Russian Internet.",expelled journalism student trying make sense life carefully documents summer well story disappearance death founders one first startups russian internet
2311. Elli and Her Monster Team,All Elli wanted was a family to love. But finding one turns out to be a ghostly affair.,elli wanted family love finding one turns ghostly affair
2312. The Getaway,Three girls are abducted and taken to a remote island. They're held captive by three brothers raised in isolation by their grandmother. The girls are forced to become the brothers' mates and desperately attempt to escape their captors.,three girls abducted taken remote island held captive three brothers raised isolation grandmother girls forced become brothers mates desperately attempt escape captors
2313. Blades of Grass,"Five tales, set within the confines of a hotel room, are connected by the vestiges of the room's past tenants.",five tales set within confines hotel room connected vestiges room past tenants
2314. John Cranko,"Joachim Lang's biopic about the brilliant dancer and choreographer John Cranko, who left the Royal Ballet in London and found fame in Stuttgart as its great dance creator.",joachim lang biopic brilliant dancer choreographer john cranko left royal ballet london found fame stuttgart great dance creator
2315. Efsane,"There is a legend about a yoghurt recipe passed down from father to son. Since this does not happen, the family suffers a curse. An attempt is made to decide who among the twins deserves to learn the knowledge of the legend more.",legend yoghurt recipe passed father son since happen family suffers curse attempt made decide among twins deserves learn knowledge legend
2316. Darling,"A tourist office employee, Raghav, inadvertently weds Anandhi while saving for his dream Paris honeymoon, resulting in a series of challenges he must confront.",tourist office employee raghav inadvertently weds anandhi saving dream paris honeymoon resulting series challenges must confront
2317. National Theatre Live: Dear England,"With the worst track record for penalties in the world, Gareth Southgate knows he needs to open his mind and face up to the years of hurt, to take team and country back to the promised land.",worst track record penalties world gareth southgate knows needs open mind face years hurt take team country back promised land
2318. She's Got a Baby,Sixteen year old Brenda's life begins to spiral downward after she haves a child by a much older family member that she thought she could trust.,sixteen year old brenda life begins spiral downward haves child much older family member thought could trust
2319. Hello Mummy,"A man named Boney falls for Stefy and wants to marry her, but her deceased mother's ghost haunts her, disliking Boney. He faces the challenge of dealing with this supernatural obstacle to their relationship.",man named boney falls stefy wants marry deceased mother ghost haunts disliking boney faces challenge dealing supernatural obstacle relationship
2320. It All Ends Here,"A lawyer gets his affluent client acquitted of double homicide but drunkenly confesses the truth, becoming an outcast. He reunites with an old flame to seek vengeance while everyone's innocence becomes questionable.",lawyer gets affluent client acquitted double homicide drunkenly confesses truth becoming outcast reunites old flame seek vengeance everyone innocence becomes questionable
2321. Table for 3,Couple Paul and Marlon decide to jazz up their long-standing relationship by including the charismatic Jeremy as their third. The complexities of this new dynamic will reveal whether their bond will strengthen or will be torn apart.,couple paul marlon decide jazz long standing relationship including charismatic jeremy third complexities new dynamic reveal whether bond strengthen torn apart
2322. Big City Greens the Movie: Spacecation,"After ruining his family's vacation before it can even begin, Cricket attempts to right his wrongs by volunteering his family for an experimental farming mission - in space.",ruining family vacation even begin cricket attempts right wrongs volunteering family experimental farming mission space
2323. Gatao: Like Father Like Son,Ambitious drug dealer Michael and his brother Scorpion find themselves drafted into their father's turf war as rival gangs compete in Dingzhuang.,ambitious drug dealer michael brother scorpion find drafted father turf war rival gangs compete dingzhuang
2324. Spilt Milk,"11 year-old boy dreams of becoming a great detective like his TV hero Kojak. He sets up a private investigation with his best friend, but the disappearance of his older brother sets them off down a dark path.",year old boy dreams becoming great detective like tv hero kojak sets private investigation best friend disappearance older brother sets dark path
2325. The Grey Men,"Hong Kong police officer Ah Shan goes undercover in prison to gain the trust of criminal Tian, in order to seek evidence against his gang. After their release from jail, Shan helps Tian rise within the gang and become the new boss. However, just as Shan successfully cracks down on the gang, he uncovers a shocking secret about Tian.",hong kong police officer ah goes undercover prison gain trust criminal tian order seek evidence gang release jail helps tian rise within gang become new boss however successfully cracks gang uncovers shocking secret tian
2326. Kali,Sivaram who is a loser of the choices he made in his life and decides to end his life. A mysterious man comes to the house and corner him to play the game of Othello which reveals the facts of life.,sivaram loser choices made life decides end life mysterious man comes house corner play game othello reveals facts life
2327. Mistura,"A woman's life unravels after her husband's betrayal isolates her from elite society. Embracing disregarded communities, she embarks on a transformative journey, challenging norms through a daring culinary venture that redefines her life.",woman life unravels husband betrayal isolates elite society embracing disregarded communities embarks transformative journey challenging norms daring culinary venture redefines life
2328. Salsal ni L,"L, an alluring dance instructor chooses Rey, a rich businessman, over Lukas, her dance partner. But when Lukas feels something is off, he knows L is in grave danger.",l alluring dance instructor chooses rey rich businessman lukas dance partner lukas feels something knows l grave danger
2329. Lumina,"Lumina follows four friends desperately searching for their abductee friend in a DUMB. Whether they find their friend or not in the deserts of the US to the sands of the Sahara, will change their lives forever.",lumina follows four friends desperately searching abductee friend dumb whether find friend deserts us sands sahara change lives forever
2330. Possessions,"Follows a father who seeks a fresh start with his son after the loss of his wife, and purchased a storage unit facility sight unseen, but secrets buried behind the metal doors become a parent's worst nightmare.",follows father seeks fresh start son loss wife purchased storage unit facility sight unseen secrets buried behind metal doors become parent worst nightmare
2331. Devi Danger,In the near future the NeuroTic Corporation harnesses AI processing power by using humans as brain cattle via a neuro-network human brain implants.,near future neurotic corporation harnesses ai processing power using humans brain cattle via neuro network human brain implants
2332. Detective Conan: The Million-Dollar Pentagram,"The ""truth"" hidden in the sword cuts through the dark night and leads one under the moon. Love and incidents unfold in turbulent ways. The treasure battle mystery that will divide the world has begun.",truth hidden sword cuts dark night leads one moon love incidents unfold turbulent ways treasure battle mystery divide world begun
2333. The North Witch,"Five women embark on a search for a cabin that mysteriously went missing 60 years ago. They soon realize that watching them is a sinister, demented being. Can they survive the horrors of The North Witch, or is death the better way out?",five women embark search cabin mysteriously went missing years ago soon realize watching sinister demented survive horrors north witch death better way
2334. I Heart Robots,"Years after a robot apocalypse, Terra ventures away from her secluded compound to take her lovable robot companion West to save what's left of a dying world.",years robot apocalypse terra ventures away secluded compound take lovable robot companion west save left dying world
2335. Hello Neighbor,A family moves into a new home in Raven Brookes. Everything seems fine until the young boy overhears a disturbing noise coming from his neighbor's house.,family moves new home raven brookes everything seems fine young boy overhears disturbing noise coming neighbor house
2336. Hotspring Sharkattack,There have been cases of mysterious disappearances of onsen visitors in Atsumi city in S prefecture.The victims were eventually found dead with signs of severe injuries to their bodies resembling a vicious shark attack.,cases mysterious disappearances onsen visitors atsumi city prefecture victims eventually found dead signs severe injuries bodies resembling vicious shark attack
2337. Agathokakological,"Nisha gets frequent blackmail calls from a Pvt number and she ignores it. Initially, it looks like a blackmail attempt, but things take a different turn as Nisha gets into trouble regularly. SI Ajith, has to figure out who's behind this.",nisha gets frequent blackmail calls pvt number ignores initially looks like blackmail attempt things take different turn nisha gets trouble regularly si ajith figure behind
2338. Clickbait: Unfollowed,A group of influencers are invited to a house for a competition with deadly consequences.,group influencers invited house competition deadly consequences
2339. The Devil and Red Wine,"Secrets, lies, and temptation push a married couple to the brink. When vows are tested, you learn just how far one will go for their happily ever after.",secrets lies temptation push married couple brink vows tested learn far one go happily ever
2340. The Promise,"Embark on an inspiring journey with Craig Hamilton, a best-selling author who overcame suicidal battles. This story of hope shares a poignant exploration of resilience and transformation in the realm of mental health.",embark inspiring journey craig hamilton best selling author overcame suicidal battles story hope shares poignant exploration resilience transformation realm mental health
2341. Min evige sommer,"Fifteen-year-old Fanny spends the summer with her parents at their vacation home, cherishing time with her terminally ill mother through simple pleasures like swimming and walks, creating final memories before an impending loss.",fifteen year old fanny spends summer parents vacation home cherishing time terminally ill mother simple pleasures like swimming walks creating final memories impending loss
2342. H. P. Lovecraft's the Old Ones,"Sea captain Russel Marsh was possessed by an ancient entity for 93 years, committing horrific acts for a cult. Now free, he seeks to travel back in time to undo his dark deeds, while the cult vows to eliminate him.",sea captain russel marsh possessed ancient entity years committing horrific acts cult free seeks travel back time undo dark deeds cult vows eliminate
2343. The Parades,"A mother searches for her missing son after a devastating calamity, only to realize that she has died and is now confined to a realm of restless spirits.",mother searches missing son devastating calamity realize died confined realm restless spirits
2344. Grave of the Fireflies,"Centers on the struggle of two orphaned Japanese children, 14 year-old Seita and his four year-old sister Setsuko, during World War II.",centers struggle two orphaned japanese children year old seita four year old sister setsuko world war ii
2345. Johatsu: Into Thin Air,"Disillusioned individuals in Japan vanish to start anew, aided by firms providing new identities. It delves into the turmoil of those who disappear and the loved ones grappling with their absence, exploring reconciliation attempts.",disillusioned individuals japan vanish start anew aided firms providing new identities delves turmoil disappear loved ones grappling absence exploring reconciliation attempts
2346. Perumani,Showcases the lives of the people in a village and the challenges they encounter.,showcases lives people village challenges encounter
2347. Taklee Genesis x Worlds Collide,"Haunted by her father's disappearance 30 years ago, Stella, returns to her hometown to care for her ill mother. One night, her dad contacts her via an old radio. Stella must time-travel to bring him back by activating the Taklee Genesis.",haunted father disappearance years ago stella returns hometown care ill mother one night dad contacts via old radio stella must time travel bring back activating taklee genesis
2348. The After Dark,"Beth, a young vampire, meets Jack, a punk rocker vampire. Their clans clash as Beth's clan opposes her embracing Jack's party lifestyle. Master Vigo and Dax fight over Beth's fate, with Lars Frederiksen from Rancid making his film debut.",beth young vampire meets jack punk rocker vampire clans clash beth clan opposes embracing jack party lifestyle master vigo dax fight beth fate lars frederiksen rancid making film debut
2349. Death's Sonata,The story of a man suffering from Schizophrenia and the psychotherapist who tries to find him with the help of his young Bi-Polar patient.,story man suffering schizophrenia psychotherapist tries find help young bi polar patient
2350. Buddy,A teddy bear named Buddy is in trouble and asks pilot Aditya Ram for help. Can the duo join forces and help each other out?,teddy bear named buddy trouble asks pilot aditya ram help duo join forces help
2351. Break,"Eli learns that his absent father was a Detroit pool hall legend. He journeys into the scene, and must confront the realities and danger of the game - and himself.",eli learns absent father detroit pool hall legend journeys scene must confront realities danger game
2352. Klitschko: More Than a Fight,"Vitali Klitschko from boxing champion to Kyiv mayor leads city's defence against Russian invasion in 2022, showcasing his transformation and efforts alongside brother Wladimir to support Ukraine during wartime crisis.",vitali klitschko boxing champion kyiv mayor leads city defence russian invasion showcasing transformation efforts alongside brother wladimir support ukraine wartime crisis
2353. My Nanny Stole My Life,A new mother begins to suspect that her nanny is scheming to steal her baby and her husband.,new mother begins suspect nanny scheming steal baby husband
2354. Another Day in America,"Based on true events: 'Another Day in America' is a dark, radical comedy-drama that revolves around an ensemble of distinct characters as they each go through a post-pandemic day in an American office.",based true events another day america dark radical comedy drama revolves around ensemble distinct characters go post pandemic day american office
2355. Purushothamudu,"A wealthy heir, Ram, faces opposition to becoming CEO from a shareholder. To validate his capabilities, he accepts living like an ordinary person for 100 days after returning from his studies abroad.",wealthy heir ram faces opposition becoming ceo shareholder validate capabilities accepts living like ordinary person days returning studies abroad
2356. The Champion,A hot-headed football star has it all until a fight gets him benched and assigned a new tutor: a reclusive academic who'll teach him to face his fears.,hot headed football star fight gets benched assigned new tutor reclusive academic teach face fears
2357. Bastar: The Naxal Story,Based on the real-life incidents of Naxals in Chattisgarh - The Bastar rebellion broke out in 1910 in present day Chattisgarh.,based real life incidents naxals chattisgarh bastar rebellion broke present day chattisgarh
2358. Arenas,"At 18, Brahim, a promising footballer, is preparing to sign his first professional contract in Lyon. However, the arrival of a powerful foreign agent changes things, and he and his cousin race against time.",brahim promising footballer preparing sign first professional contract lyon however arrival powerful foreign agent changes things cousin race time
2359. Battle for Disclosure,"Battle for Disclosure is a riveting documentary that delves into the decades-long cover-up of the UFO phenomenon by the U.S. government. The film presents compelling evidence and firsthand accounts from key figures in the field, including:",battle disclosure riveting documentary delves decades long cover ufo phenomenon u government film presents compelling evidence firsthand accounts key figures field including
2360. Demons,A man and a woman. A marriage goes wrong.,man woman marriage goes wrong
2361. Shinda Shinda No Papa,"A frustrated father in Canada, plans to take his mischievous son to India to discipline him.",frustrated father canada plans take mischievous son india discipline
2362. The Signature,"After 35 years of marriage, Madhu falls critically ill, leaving Arvind torn between hope and acceptance as she lies on life support.",years marriage madhu falls critically ill leaving arvind torn hope acceptance lies life support
2363. 0000 Kilometre,A phone call to Izmir while she and Ege are living together in France turns their lives upside down. The caller claims to be Izmir's recently deceased mother.,phone call izmir ege living together france turns lives upside caller claims izmir recently deceased mother
2364. You Shall Not Sleep Tonight,"A boy is haunted by nightmares where a monster lurks inside the closet. To his relief, his father helps him to face his fears.",boy haunted nightmares monster lurks inside closet relief father helps face fears
2365. Haunt Season,"A masked maniac targets cast members at a suburban Halloween haunt attraction, turning their staged injuries into gruesome real-life horrors. As the terror escalates, the lines between performance and reality blur.",masked maniac targets cast members suburban halloween haunt attraction turning staged injuries gruesome real life horrors terror escalates lines performance reality blur
2366. Ranam Aram Thavarel,"After nurse's suspicious death, a crime writer gets embroiled in a web of serial killings tied to antagonistic forces.",nurse suspicious death crime writer gets embroiled web serial killings tied antagonistic forces
"2367. Kyo no Sora ga Ichiban Suki, to Mada Ienai Boku wa","Meticulously captures the beauty of fleeting moments in everyday life. Her masterpiece explores new horizons, inviting viewers to appreciate life's preciousness.",meticulously captures beauty fleeting moments everyday life masterpiece explores new horizons inviting viewers appreciate life preciousness
2368. American Warrior,A man with a troubled past decides to turn his life around after a heroic act by training for a mixed martial arts tournament.,man troubled past decides turn life around heroic act training mixed martial arts tournament
2369. Aliens Return,"A picturesque English manor transforms into a nightmare for bride-to-be Mya. While preparing for her dream wedding, she stumbles upon a mysterious black substance that unleashes horrifying events.",picturesque english manor transforms nightmare bride mya preparing dream wedding stumbles upon mysterious black substance unleashes horrifying events
2370. Teaches of Peaches,"Seamlessly weaving together exclusive archival gems with dynamic tour footage, this documentary captures the transformative journey of Canadian Merrill Nisker into the internationally acclaimed cultural powerhouse that is Peaches.",seamlessly weaving together exclusive archival gems dynamic tour footage documentary captures transformative journey canadian merrill nisker internationally acclaimed cultural powerhouse peaches
2371. Blue,"After her daughter has passed away, a mother senses an ethereal poltergeist-like energy around her and wants to know if her child has come home.",daughter passed away mother senses ethereal poltergeist like energy around wants know child come home
2372. Black Tea,"After saying ""no"" on her wedding day, Joice leaves the Ivory Coast to start a new life in Guangzhou, China.",saying wedding day joice leaves ivory coast start new life guangzhou china
2373. The A-Frame,"A quantum physicist develops a machine that creates a tunnel to a subatomic universe. In his quest to prove the machine's efficacy, he inadvertently discovers a radical treatment for cancer.",quantum physicist develops machine creates tunnel subatomic universe quest prove machine efficacy inadvertently discovers radical treatment cancer
2374. Sakaratul Maut,"At a time when Pak Wiryo found it difficult to die because he had a 'hold', the children of his first wife and second wife were fighting over the inheritance.",time pak wiryo found difficult die hold children first wife second wife fighting inheritance
2375. Letters to Stephanie,A woman's granddaughter is placed for adoption. Her only hope of seeing her grandchild again is to put clues to her birth family's identity in the sealed adoption file the child can have access to when she reaches legal age.,woman granddaughter placed adoption hope seeing grandchild put clues birth family identity sealed adoption file child access reaches legal age
2376. Rule of Thirds,"Monte Ashcroft, photographer, meets Dakota Thompson, server, during desert shoot; instant connection despite her secret. Their profound bond forms crux of story.",monte ashcroft photographer meets dakota thompson server desert shoot instant connection despite secret profound bond forms crux story
2377. Ship of the Damned,"After an abandoned 500 year-old ship appears off the coast of a small town, Historian Elena and the local coastguard go to investigate. They discover it is not abandoned and the ship's cursed crew have horrific plans for the intruders.",abandoned year old ship appears coast small town historian elena local coastguard go investigate discover abandoned ship cursed crew horrific plans intruders
2378. Rap World,"In 2009, four friends living in Tobyhanna, Pennsylvania document their attempt to record a rap album over the course of one eventful night.",four friends living tobyhanna pennsylvania document attempt record rap album course one eventful night
2379. Oxana,"On July 23, 2018, ex-FEMEN leader Oxana Chatchko opens her blasphemous icon exhibition in Paris, reminiscing about her past as a feminist activist and the traumas she suffered during her struggle.",july ex femen leader oxana chatchko opens blasphemous icon exhibition paris reminiscing past feminist activist traumas suffered struggle
2380. Sensei's Pious Lie,"Turn a blind eye or lie to avoid getting hurt. If you don't do that, you won't be able to live...",turn blind eye lie avoid getting hurt able live
2381. Don't Say It,"Pat, a failed restaurateur, and Lara, a diner waitress, both divorced, cross paths. Pat employs his charm, cooking skills, and karaoke to court Lara, aiming to find romance in their shared dissatisfaction.",pat failed restaurateur lara diner waitress divorced cross paths pat employs charm cooking skills karaoke court lara aiming find romance shared dissatisfaction
2382. Pepe,"A voice that claims to be from a hippopotamus. A voice that doesn't understand the perception of time. Pepe, the first and last hippo killed in the Americas, tells his story with the overwhelming orality of these towns.",voice claims hippopotamus voice understand perception time pepe first last hippo killed americas tells story overwhelming orality towns
2383. Something to Stand for with Mike Rowe,"Join America's favorite storyteller on an epic journey to the heart of Washington DC. This cinematic tour de force will take viewers to the frontlines of the American Revolution, World War II, the Civil Rights movement, and more.",join america favorite storyteller epic journey heart washington dc cinematic tour de force take viewers frontlines american revolution world war ii civil rights movement
"2384. Boku ga Ikiteru, Futatsu no Sekai","Explores Dai's life as a CODA, navigating between the hearing and deaf worlds. It delves into his complex experiences, bridging communication barriers.",explores dai life coda navigating hearing deaf worlds delves complex experiences bridging communication barriers
2385. Anunnakiler,"In Istanbul, the creator of a powerful aphrodisiac and several people mysteriously disappear. The police question Kasim, who mentions an alien named Agulu from the planet Nibiru. Agulu is smuggling Earth's aphrodisiac resources to Nibiru. When Hamdi and his crew reveal this secret, they are eliminated by the Anunnaki.",istanbul creator powerful aphrodisiac several people mysteriously disappear police question kasim mentions alien named agulu planet nibiru agulu smuggling earth aphrodisiac resources nibiru hamdi crew reveal secret eliminated anunnaki
2386. Chilli Chicken,"Five migrant workers from the North East, employed by a restaurant owner aspiring for a fine dining establishment, face a tragic turn when one of them meets an untimely demise under mysterious circumstances within the restaurant premises.",five migrant workers north east employed restaurant owner aspiring fine dining establishment face tragic turn one meets untimely demise mysterious circumstances within restaurant premises
2387. The Lost Holliday,"When Cassandra Marshall learns that her estranged son Damien Holliday has died, she heads to L.A. to handle his arrangements. She arrives to find that they're being handled by her sons husband, Jason Holliday, who she knows nothing about.",cassandra marshall learns estranged son damien holliday died heads l handle arrangements arrives find handled sons husband jason holliday knows nothing
2388. Rathnam,Rathnam works as a henchman under MLA Panner Selvam. A girl travels to Vellore for an interview and a few rowdies try to kill her but Rathnam saves her and becomes her guardian angel. How long can he protect her?,rathnam works henchman mla panner selvam girl travels vellore interview rowdies try kill rathnam saves becomes guardian angel long protect
"2389. It's So Big It Hurts, Black Oppa","Two women fall in love with the charms of a black guy. It hurts a lot at first, but as time goes on, they fall into ecstatic excitement.",two women fall love charms black guy hurts lot first time goes fall ecstatic excitement
2390. The Manifestation,"When a desperate day trader manifests a twin version of his wife to help him win trades, he soon discovers she may have a much darker agenda.",desperate day trader manifests twin version wife help win trades soon discovers may much darker agenda
2391. Perfect Match,PERFECT MATCH tells the unusual and still enduring love story of two of the most successful tennis players of all time: STEFFI GRAF (22 Grand Slam titles) and ANDRE AGASSI (8 Grand Slam titles).,perfect match tells unusual still enduring love story two successful tennis players time steffi graf grand slam titles andre agassi grand slam titles
2392. Midwinter,"A burgeoning music writer spends a romantic weekend on an assignment with a queer indie artist she admires. Meanwhile, her older sister deals with the complexities of motherhood, an expanding marriage, and a slow but ferocious illness.",burgeoning music writer spends romantic weekend assignment queer indie artist admires meanwhile older sister deals complexities motherhood expanding marriage slow ferocious illness
2393. Was Once a Hero,"Ginny and Little Bit, after their father's murder, flee outlaws across desert. They ally with ex-lawman Malcolm Hunter, hoping to reach Black Ridge for safety amidst peril and Malcolm's fading memory.",ginny little bit father murder flee outlaws across desert ally ex lawman malcolm hunter hoping reach black ridge safety amidst peril malcolm fading memory
2394. Jamie Foxx: What Had Happened Was...,"A stand-up special with Jamie Foxx performing before an Atlanta crowd. Containing songs and anecdotes, the main topic is his time away from the limelight while undergoing a medical emergency in 2023.",stand special jamie foxx performing atlanta crowd containing songs anecdotes main topic time away limelight undergoing medical emergency
2395. Roti Kapda Romance,"Childhood pals scattered worldwide reconnect after years apart. Together, they road trip across India to Goa, one friend determined to confront his ex who broke his heart and show her the mistake she made.",childhood pals scattered worldwide reconnect years apart together road trip across india goa one friend determined confront ex broke heart show mistake made
2396. If That Mockingbird Don't Sing,"After a brutal dumping, 17-year-old Sydnie realizes she is pregnant. She decides to use it as a chance to get her ex back and give her life direction but soon realizes it won't be the quick fix she had hoped for.",brutal dumping year old sydnie realizes pregnant decides use chance get ex back give life direction soon realizes quick fix hoped
2397. Forever Endeavor,"A lighthearted take on life's heavy questions. Historian and co-director Jonathan Mann guides us on a thoughtful, whimsical journey, asking 'What's the point of it all?' while seeking meaning in the face of the inevitable.""",lighthearted take life heavy questions historian co director jonathan mann guides us thoughtful whimsical journey asking point seeking meaning face inevitable
2398. Sattam En Kaiyil,"An accident leads Gowtham to conceal a body in his car. Arrested for drunk driving, his impounded vehicle at the police station holds the hidden corpse. Complications ensue, compelling him to find an escape from the perilous circumstances.",accident leads gowtham conceal body car arrested drunk driving impounded vehicle police station holds hidden corpse complications ensue compelling find escape perilous circumstances
2399. Three,"TIffany and Jayson live a simple life until Jayson asks for a sexy 30th B-Day gift. He wants a 3-some with Tiffany and her lesbian BFF, Ashley. What seems like a dream for Jayson, leads to jealousy, betrayal and a trail of broken hearts",tiffany jayson live simple life jayson asks sexy th b day gift wants tiffany lesbian bff ashley seems like dream jayson leads jealousy betrayal trail broken hearts
2400. ZombieCON Vol. 1,A group of cosplaying friends trigger a zombie apocalypse and are forced to traverse a zombie-infested Los Angeles to save their loved one.,group cosplaying friends trigger zombie apocalypse forced traverse zombie infested los angeles save loved one
2401. Happy Holidays,"In this panoramic family drama by Oscar-nominated Palestinian director Scandar Copti, personal quests, poor choices, and social pressures test cherished relationships, both well-worn and blooming.",panoramic family drama oscar nominated palestinian director scandar copti personal quests poor choices social pressures test cherished relationships well worn blooming
2402. Dharmaveer 2,"Explores Anand Dighe's life, tracing his political journey and capturing the essence of his impactful legacy as a prominent figure.",explores anand dighe life tracing political journey capturing essence impactful legacy prominent figure
2403. Vivekanandan Viralaanu,A seemingly normal person's dual life is upended when he becomes infamous overnight. He struggles to reconcile his new public persona with his true self.,seemingly normal person dual life upended becomes infamous overnight struggles reconcile new public persona true self
2404. Here's Yianni!,"A wife's strength is tested when her husband, a Greek diner owner whose mind and memory is failing, imagines himself as a late night talk show host.",wife strength tested husband greek diner owner whose mind memory failing imagines late night talk show host
2405. The One That Got Away,"During Blake's bachelor weekend, he encounters London, unaware she's his past lover's twin, set on revenge for a betrayal that intertwines their fates.",blake bachelor weekend encounters london unaware past lover twin set revenge betrayal intertwines fates
2406. The Wash,An enterprising man determined to stay afloat midst financial struggles by opening a racy car wash concept designed to pull in money with the help of his cousin Rell.,enterprising man determined stay afloat midst financial struggles opening racy car wash concept designed pull money help cousin rell
2407. Kromoleo,"Zia returns from the city to attend her mother's funeral, even though her grandfather, Danang, forbids her. He wants to know the mystery of his father's disappearance and uncover the dark history of his family.",zia returns city attend mother funeral even though grandfather danang forbids wants know mystery father disappearance uncover dark history family
2408. Haunted Universities 3,"Three separate stories of haunting events in Thailand's universities. Jao Nang, Phee Take and The Invisible Shrine.",three separate stories haunting events thailand universities jao nang phee take invisible shrine
2409. The Lady of the Lake,"A grief-stricken Native American woman investigates the legend of the Lady of the Lake, determined to unravel its mysteries after her brother's tragic demise.",grief stricken native american woman investigates legend lady lake determined unravel mysteries brother tragic demise
2410. Miki,"In the 1990s post-communist Slovakia, former woods worker Miki takes his chances to start doing business at a local level and climb up the ladder to become the biggest mafia boss in the country.",post communist slovakia former woods worker miki takes chances start business local level climb ladder become biggest mafia boss country
2411. El Hawa Sultan,"Sara and Ali have been close friends since childhood, and together, they face many different situations and problems with their friends and families, but some changes suddenly occur in their relationship.",sara ali close friends since childhood together face many different situations problems friends families changes suddenly occur relationship
2412. Pune Highway,"Three friends who have grown up together in the same building in Mumbai are affected, in different ways, by a dead body found 200 kms away in a lake. As they fight for their friendship, they can't escape the ugly truth racing towards them",three friends grown together building mumbai affected different ways dead body found kms away lake fight friendship escape ugly truth racing towards
2413. The Heartbreak Agency,Who is lovesick these days? A young journalist wants to expose the charming founder of a lovesick agency as a fake and embarks on a search for his own lost ability to love.,lovesick days young journalist wants expose charming founder lovesick agency fake embarks search lost ability love
2414. Demons at Dawn,"As the boys go against a diverse, ever-changing, hostile world, they'll learn that once the darkness of night is gone and through their intertwined bodies and their synchronized souls, they will have seen all those demons of dawn go by.",boys go diverse ever changing hostile world learn darkness night gone intertwined bodies synchronized souls seen demons dawn go
2415. Money Electric: The Bitcoin Mystery,"Cullen Hoback investigates the origins of Bitcoin and its anonymous creator Satoshi Nakamoto, exploring the potential of this cryptocurrency on the global financial system and who could hold immense power if it became mainstream.",cullen hoback investigates origins bitcoin anonymous creator satoshi nakamoto exploring potential cryptocurrency global financial system could hold immense power became mainstream
2416. Fear,"Sindhu's world is shattered when her boyfriend vanishes. Held captive in a mental asylum, she must confront the evil forces driving her madness and confront the terrifying truth about her own past in order to escape and uncover the truth.",sindhu world shattered boyfriend vanishes held captive mental asylum must confront evil forces driving madness confront terrifying truth past order escape uncover truth
2417. Satyabhama,"ACP Satyabhama investigates a missing person case, uncovering dark secrets across shadowy towns. Her past haunts her as she races to find the truth and redemption amidst the high-stakes investigation.",acp satyabhama investigates missing person case uncovering dark secrets across shadowy towns past haunts races find truth redemption amidst high stakes investigation
2418. Die Ermittlung: Oratorium in 11 Gesängen,"In 1963 former SS soldiers are tried for their involvement in running the Auschwitz camp. Witnesses and defendants take the stand, some describing the worst of which humanity is capable, others hiding behind procedures and orders.",former ss soldiers tried involvement running auschwitz camp witnesses defendants take stand describing worst humanity capable others hiding behind procedures orders
2419. Anand Sreebala,"A common man's quest to unravel a law student's mysterious death leads him down a dark path, confronting secrets and his own demons in a high-stakes investigation.",common man quest unravel law student mysterious death leads dark path confronting secrets demons high stakes investigation
2420. Seven Seas Seven Hills,"Caught between family duty and romantic love, a young man faces an impossible choice.",caught family duty romantic love young man faces impossible choice
2421. Ballot,A teacher pays an increasingly steep price for defending the democratic process of the election.,teacher pays increasingly steep price defending democratic process election
2422. A Quiet Girl,"When filmmaker Adrian Wills sets out to discover the story behind his adoption, his voyage reveals startling truths he could never have imagined, and shocking details he had tried to forget.",filmmaker adrian wills sets discover story behind adoption voyage reveals startling truths could never imagined shocking details tried forget
2423. The Missile,The empowering story of an abused single mother working at a small-town newspaper who gets drawn into the investigation surrounding the missile crash that upends life in a small northern village.,empowering story abused single mother working small town newspaper gets drawn investigation surrounding missile crash upends life small northern village
2424. Tracing the Divide,Two lifelong friends test their limits and find new purpose as they ride the rigorous Great Divide Mountain Bike Route from Canada to Mexico.,two lifelong friends test limits find new purpose ride rigorous great divide mountain bike route canada mexico
"2425. Love, Wine & Salt: A Tuscan Romance","Amidst the hills of Tuscany, three friends embark on a vacation which turns into an unexpected romantic adventure, as they discover love with three sisters running a picturesque bed and breakfast, igniting the fury of their grandfather",amidst hills tuscany three friends embark vacation turns unexpected romantic adventure discover love three sisters running picturesque bed breakfast igniting fury grandfather
2426. Vertical,"Every 100 years a member of the Yayauqui family needs to sacrifice a human at the altar, to prevent the end of the world. It's Rita's turn and she doesn't believe it, however, she finds herself in the Vertical Zone on the mission.",every years member yayauqui family needs sacrifice human altar prevent end world rita turn believe however finds vertical zone mission
2427. From Russia with Lev,"A documentary exploring Lev Parnas' involvement in the Trump-Ukraine scandal that resulted in the former president's impeachment, detailing Parnas' unexpected entanglement with Trump and Giuliani, leading to his incarceration.",documentary exploring lev parnas involvement trump ukraine scandal resulted former president impeachment detailing parnas unexpected entanglement trump giuliani leading incarceration
2428. Nahir,"The story of a crime that shocked an entire country: Nahir Galarza, a young woman who killed her boyfriend under unknown circumstances.",story crime shocked entire country nahir galarza young woman killed boyfriend unknown circumstances
2429. Konchitsya leto,"After a long absence, the young guy Kesha returns to the village. His father and younger brother are waiting for him. Kesha - twenty-seven. He has time behind him. He returned and wants to just live - find some work, save up money, and then decide what to do next. His brother Tima is only seventeen. He has a school behind him, he dreams of going to college - on a ""budget"". And everything seems to be going according to plan. Tima gets high scores at the introductory, Kesha gets a job in a gold mining artel. But very quickly, Kesha is ""thrown"" by prospectors, and he is left without a job and a future and decides to take revenge. He steals the gold and goes on the run. But not alone, but together with his younger brother.",long absence young guy kesha returns village father younger brother waiting kesha twenty seven time behind returned wants live find work save money decide next brother tima seventeen school behind dreams going college budget everything seems going according plan tima gets high scores introductory kesha gets job gold mining artel quickly kesha thrown prospectors left without job future decides take revenge steals gold goes run alone together younger brother
2430. Camp Pleasant Lake,"A couple breathes life into a new camp on an old campsite, connecting them to a chilling past that unravels a 20-year-old mystery involving a missing young girl. As eerie events unfold, they must confront forces tied to a brutal crime.",couple breathes life new camp old campsite connecting chilling past unravels year old mystery involving missing young girl eerie events unfold must confront forces tied brutal crime
2431. Down Below,"On the 20th anniversary of the gruesome Christmas Eve murders at St. Agnes church, a demonic preacher returns to haunt that same town's residents.",th anniversary gruesome christmas eve murders st agnes church demonic preacher returns haunt town residents
2432. Miss Cleo: Her Rise and Fall,"Miss Cleo, a psychic reader, achieves fame through Psychic Readers Network in the 90s. However, the network gets accused of fraud and misleading advertising, turning her world upside down.",miss cleo psychic reader achieves fame psychic readers network however network gets accused fraud misleading advertising turning world upside
2433. Made in Ethiopia,"When a massive Chinese factory complex attempts a high-stakes expansion in rural Ethiopia, three women in search of prosperity have their faith in industrialization tested to the limit.",massive chinese factory complex attempts high stakes expansion rural ethiopia three women search prosperity faith industrialization tested limit
2434. Jatt & Juliet 3,Two police officers from Punjab travel to London on a mission that proves more complicated than expected.,two police officers punjab travel london mission proves complicated expected
2435. Vena,"A young couple struggles with an unplanned pregnancy, turning to crystal meth to cope with their troubled lives until a midwife intervenes, offering guidance and support to help them face their challenges and find a path forward.",young couple struggles unplanned pregnancy turning crystal meth cope troubled lives midwife intervenes offering guidance support help face challenges find path forward
2436. Schindler Space Architect,"Architect R.M. Schindler's life story (1887-1953) unfolds in parallel with that of Modern Architecture. The film follows his journey from Vienna through Chicago to Southern California, observing where possible through the lens of his own camera or listening to his own words. The story is told through narration, interviews, Schindler's theoretical writings, correspondence, photos, renderings, archival and new footage of many of his buildings.",architect r schindler life story unfolds parallel modern architecture film follows journey vienna chicago southern california observing possible lens camera listening words story told narration interviews schindler theoretical writings correspondence photos renderings archival new footage many buildings
2437. One by One,"Follows David Rosenau's journey from funeral director to prison guard, undercover detective, and homicide investigator before a calling to become a pastor after a life-threatening injury, impacting lives for eternity.",follows david rosenau journey funeral director prison guard undercover detective homicide investigator calling become pastor life threatening injury impacting lives eternity
2438. Severance Mountain,"After a tragic loss two friends reunite for a camping trip to the Adirondacks, but when police discover a dead body on the mountain, they fear an unknown killer may be hunting unsuspecting tourists.",tragic loss two friends reunite camping trip adirondacks police discover dead body mountain fear unknown killer may hunting unsuspecting tourists
2439. Kill Me If You Dare,A winning lottery ticket has grave consequences for a married couple when they start hatching plans to kill each other for the prize money.,winning lottery ticket grave consequences married couple start hatching plans kill prize money
2440. Aïcha,Explores how far one can go to break free from their past.,explores far one go break free past
2441. G for Gap,"Wudi returns to hometown after career/love setbacks, disrupting family life. Forced cohabitation, he explores new paths. Meeting old classmate Feng Liuliu unexpectedly alters his trajectory amid rejections.",wudi returns hometown career love setbacks disrupting family life forced cohabitation explores new paths meeting old classmate feng liuliu unexpectedly alters trajectory amid rejections
2442. Boxcutter,"After his laptop is stolen, an aspiring rapper goes on a quest across the gentrifying streets of Toronto to find his music in time for the event that could change his life - a meeting with a Grammy Award winning producer.",laptop stolen aspiring rapper goes quest across gentrifying streets toronto find music time event could change life meeting grammy award winning producer
2443. Marcello Mio,"Chiara is an actress and daughter of Marcello Mastroianni and Catherine Deneuve. One summer, she decides to live like her father. She dresses, speaks, and breathes like him with such conviction that others start calling her ""Marcello"".",chiara actress daughter marcello mastroianni catherine deneuve one summer decides live like father dresses speaks breathes like conviction others start calling marcello
2444. Measures for a Funeral,Young academic pursues acclaimed early 20th-century Canadian violinist Kathleen Parlow while escaping her failed musician mother's shadow in this poignant character study.,young academic pursues acclaimed early th century canadian violinist kathleen parlow escaping failed musician mother shadow poignant character study
2445. DeAr,A newly married couple faces challenges when the wife's snoring interrupts the husband's sleep. Their struggles depict the compromises needed for a lasting marriage.,newly married couple faces challenges wife snoring interrupts husband sleep struggles depict compromises needed lasting marriage
2446. The Boy Inside the Cocoon,"After his parents' split and his sister's mysterious death, Yousef, engulfed in emotional detachment and loneliness, discovers he can manifest folklore entities, easing his isolation and revealing secrets untold.",parents split sister mysterious death yousef engulfed emotional detachment loneliness discovers manifest folklore entities easing isolation revealing secrets untold
2447. Havnaa,"Follows real-life happenings of Magne Havnaa, Norway's first cruiserweight boxing champion in 1990 by defeating American Richard Pultz. His brother Erling was a top-ranked kickboxer who later participated in Norway's largest robbery.",follows real life happenings magne havnaa norway first cruiserweight boxing champion defeating american richard pultz brother erling top ranked kickboxer later participated norway largest robbery
2448. Ravens,The dark fantasy love story of legendary Japanese photographer Masahisa Fukase and his wife Yoko.,dark fantasy love story legendary japanese photographer masahisa fukase wife yoko
2449. Bury Your Dead,"In an apocalyptic rural landscape, roadkill collector Edgar Wilson plans an escape with his girlfriend Nete, but suffers violent dreams. After Nete joins a cult, Edgar embarks on a perilous journey through ravaged roads to do right by her.",apocalyptic rural landscape roadkill collector edgar wilson plans escape girlfriend nete suffers violent dreams nete joins cult edgar embarks perilous journey ravaged roads right
2450. Hellhound,"While hunting down a brutal kingpin, one error sends an elite hitman on a downward spiral that devolves into all-out war on the streets of Thailand.",hunting brutal kingpin one error sends elite hitman downward spiral devolves war streets thailand
2451. Winter Island,"When a young girl is found dead on a small, wooded island, her teenage brother's postmortem visions point to an evil presence within their own family.",young girl found dead small wooded island teenage brother postmortem visions point evil presence within family
2452. Thank You for Banking with Us,"When their father passes away leaving a large sum of money in the bank, two sisters put their differences aside and join forces against Sharia law, according to which their brother has the right to take double what they are entitled to.",father passes away leaving large sum money bank two sisters put differences aside join forces sharia law according brother right take double entitled
2453. To je rop!,"Rajko is a professional magician who broke his arm during one of his shows. But his insurance company Tangenta is unwilling to pay him the insurance benefits due to a bureaucratic error. Outraged by the injustice, he is defended only by the kind-hearted insurance agent Marcel who tries to help by getting Rajko in the room with the Tangenta's CEO himself. But the meeting goes sour as Marcel impulsively kidnaps the CEO, much to Rajko's surprise, and together they soon find themselves on the run.",rajko professional magician broke arm one shows insurance company tangenta unwilling pay insurance benefits due bureaucratic error outraged injustice defended kind hearted insurance agent marcel tries help getting rajko room tangenta ceo meeting goes sour marcel impulsively kidnaps ceo much rajko surprise together soon find run
2454. Wet Dreams,"Basketball Wives star Nia Dorsey hosts an exclusive and glamorous pool party in the heart of Los Angeles, bringing together some of the top swimwear models in the industry. In this candid and captivating documentary, these stunning models share their personal journeys, aspirations, and the often-hidden realities of their lives in the entertainment world. Through intimate conversations and revealing interviews, they discuss their dreams and ambitions, shedding light on the challenges they face and the determination required to succeed in the competitive world of modeling. They also divulge steamy and sensational stories from their Hollywood escapades, offering a rare glimpse into the secrets and scandals that lie beneath the surface of the industry. With Nia Dorsey leading the charge, this documentary promises to be a tell-all exploration of the glamour, grit, and intrigue that define the lives of these extraordinary women.",basketball wives star nia dorsey hosts exclusive glamorous pool party heart los angeles bringing together top swimwear models industry candid captivating documentary stunning models share personal journeys aspirations often hidden realities lives entertainment world intimate conversations revealing interviews discuss dreams ambitions shedding light challenges face determination required succeed competitive world modeling also divulge steamy sensational stories hollywood escapades offering rare glimpse secrets scandals lie beneath surface industry nia dorsey leading charge documentary promises tell exploration glamour grit intrigue define lives extraordinary women
2455. The Sparrow in the Chimney,The stark personality differences between sisters Karen and Jule become apparent as their families come together for a birthday party.,stark personality differences sisters karen jule become apparent families come together birthday party
2456. Masha and the Bear. Wonder Park,"Masha, Dasha and the Bear are going on a new exciting adventure to the Wonder Park, where a day full of exciting rides and incredible encounters awaits them. Dasha really wants to get to the show, so she is aiming to win all the quests in the park, Masha is just looking for maximum fun, and the Bear is seriously determined to test his ""smart"" camera. But everything does not go quite according to their plan.",masha dasha bear going new exciting adventure wonder park day full exciting rides incredible encounters awaits dasha really wants get show aiming win quests park masha looking maximum fun bear seriously determined test smart camera everything go quite according plan
2457. Riders,"Nut, a young rider, got to know a beautiful girl named Pie by chance, but when Pie mysteriously disappeared, Nut and two other rider friends went out to find her.",nut young rider got know beautiful girl named pie chance pie mysteriously disappeared nut two rider friends went find
2458. Never Look Away,"CNN camerawoman Margaret Moth fearlessly captures footage of war zones. A Sundance premiere featuring Christiane Amanpour, directed by Lucy Lawless.",cnn camerawoman margaret moth fearlessly captures footage war zones sundance premiere featuring christiane amanpour directed lucy lawless
2459. Cesium Fallout,"In a Hong Kong recycling plant, a massive fire exposes a radiation crisis caused by illegal garbage smuggling. Government advisor, executive, and firefighters embark on a high-stakes mission to mitigate the disaster.",hong kong recycling plant massive fire exposes radiation crisis caused illegal garbage smuggling government advisor executive firefighters embark high stakes mission mitigate disaster
2460. Boys on Film 24: Happy Endings,"Let BOYS ON FILM move, inspire and uplift you with this stunning collection of 11 new gay short films, marking the final physical edition of the series.",let boys film move inspire uplift stunning collection new gay short films marking final physical edition series
2461. Mandara,"Mandara, Vishwa's love meets heartbreak. Yashora, orphan heiress, flees murderous uncle seeking fortune. Their paths cross, intertwining love, loss, resilience. Dramatic climax against Sri Lankan backdrop, captivating soundtrack.",mandara vishwa love meets heartbreak yashora orphan heiress flees murderous uncle seeking fortune paths cross intertwining love loss resilience dramatic climax sri lankan backdrop captivating soundtrack
2462. Stress Positions,"Terry, in strict quarantine in his ex-husband's Brooklyn home, cares for his injured nephew, a 19-year-old Moroccan model named Bahlul, drawing attention from everyone in his life.",terry strict quarantine ex husband brooklyn home cares injured nephew year old moroccan model named bahlul drawing attention everyone life
2463. Woh Bhi Din The,"A renowned photojournalist returns to his alma mater as a guest speaker, reminiscing about his carefree school days and first love",renowned photojournalist returns alma mater guest speaker reminiscing carefree school days first love
2464. Fly,"Over seven years, three couples involved in the extreme sport of BASE jumping test the limits of love and life itself. Risking everything for the thrill of the jump, their dedication is put to the ultimate test.",seven years three couples involved extreme sport base jumping test limits love life risking everything thrill jump dedication put ultimate test
2465. Skeletons in the Closet,"Haunted by a malevolent spirit since childhood, a desperate mother allows herself to become possessed in order to save the life of her terminally ill daughter.",haunted malevolent spirit since childhood desperate mother allows become possessed order save life terminally ill daughter
2466. Bitconned,"In this true-crime documentary, three guys exploit the freewheeling cryptocurrency market to scam millions from investors and bankroll lavish lifestyles.",true crime documentary three guys exploit freewheeling cryptocurrency market scam millions investors bankroll lavish lifestyles
2467. Khadari,"Guru is a 23-year-old wrestling champion in college. Amrit, 22, captains the kho-kho team and loves Guru until learning of his history, angering her. Can she get past it?",guru year old wrestling champion college amrit captains kho kho team loves guru learning history angering get past
2468. Play Along,"A relentless captor preys on young women, forcing them into a deadly game of psychological warfare using costumes. When 17-year-old Skylar becomes the first to outsmart him, a battle of wits ensues in a fight for their very survival.",relentless captor preys young women forcing deadly game psychological warfare using costumes year old skylar becomes first outsmart battle wits ensues fight survival
2469. Non Negotiable,"Alan Binder is a skillful hostage negotiator, the best in Mexico, who will soon face the most crucial case of his career when the President and his lover are kidnapped. The kidnapper demands to negotiate only with him.",alan binder skillful hostage negotiator best mexico soon face crucial case career president lover kidnapped kidnapper demands negotiate
2470. My First Girl Crush,"Ingrid, a shy teen, juggles the pressures of high school and her conservative Chinese-Australian family after falling for her best friend, Stella.",ingrid shy teen juggles pressures high school conservative chinese australian family falling best friend stella
2471. Blur: To the End,"Blur's recent reunion, captured across a year in which they made a surprise return with their first record in 8 years.",blur recent reunion captured across year made surprise return first record years
2472. Reversi,A man's undying love for his wife and son makes him go to great lengths to correct his past for a better future.,man undying love wife son makes go great lengths correct past better future
2473. The Water Front,"Activists protest at kibbutz Nir David, demanding legal public access to a river running through private grounds. Their fight highlights social inequality and property rights issues beyond the local area.",activists protest kibbutz nir david demanding legal public access river running private grounds fight highlights social inequality property rights issues beyond local area
2474. Patna Shukla,"Tanvi Shukla, a lawyer in Patna's lower court, who is living her childhood dream of becoming a lawyer.",tanvi shukla lawyer patna lower court living childhood dream becoming lawyer
2475. Village Keeper,"A grieving widow, paralyzed by anxiety struggles to protect her kids in a city gripped by violence. Finding solace in cleaning, she inadvertently uncovers her own long-buried trauma while tidying a bloody crime scene.",grieving widow paralyzed anxiety struggles protect kids city gripped violence finding solace cleaning inadvertently uncovers long buried trauma tidying bloody crime scene
2476. Sin instrucciones,"Leo is a single, womanizing guy who lives in a tiny beach town in the Canary Islands. One day one of his old flings, Julia, reappears, leaves an infant in his arms, and disappears the next morning.",leo single womanizing guy lives tiny beach town canary islands one day one old flings julia reappears leaves infant arms disappears next morning
2477. Seksi: Pantasya at pelikula,Vivamax and Probe Archives present a documentary on the rise and fall and recent return of sexy movies in Philippine cinema. Featuring interviews from the sexy movie icons of the past and the rising sexy stars of the present.,vivamax probe archives present documentary rise fall recent return sexy movies philippine cinema featuring interviews sexy movie icons past rising sexy stars present
2478. Bardejov,"The story of small town Jewish leader Rafuel Lowy, who found an ingenious way to save Bardejov's Jewish population from being sent to Auschwitz during World War Two.",story small town jewish leader rafuel lowy found ingenious way save bardejov jewish population sent auschwitz world war two
2479. The Snow Sister,"A young boy named Julian, whose Christmas Eve birthday turns sad with the death of his sister sends his household into mourning and it isn't until he meets Christmas-loving Hedwig that he begins to believe in Christmas again.",young boy named julian whose christmas eve birthday turns sad death sister sends household mourning meets christmas loving hedwig begins believe christmas
2480. Thundu,"A constable aiming for a promotion unexpectedly encounters many problems. Facing the issues with humor and compassion, he works to overcome them.",constable aiming promotion unexpectedly encounters many problems facing issues humor compassion works overcome
2481. The Death That Awaits,A drifter searching for answers to a mystery from her past takes on a job looking after a sick teen who is undergoing a mysterious transformation her family will do anything to stop.,drifter searching answers mystery past takes job looking sick teen undergoing mysterious transformation family anything stop
2482. Trapped,"A ship goes down outside the coast of West Africa. Everyone on board is drowning - except the ship's cook. Stranded in a small pocket of air in water to his neck, deep inside the ship's wreck, he now awaits a slow and painful death.",ship goes outside coast west africa everyone board drowning except ship cook stranded small pocket air water neck deep inside ship wreck awaits slow painful death
2483. Blue Star,"The cricket captains of Arakkonam, Ranjith and Rajesh, ignite a rivalry that ruins their chances of playing when politics interferes.",cricket captains arakkonam ranjith rajesh ignite rivalry ruins chances playing politics interferes
2484. Hunt,Follows Dr. Keerthy as she receives a case at a medical college that unfolds something that she was not expecting.,follows dr keerthy receives case medical college unfolds something expecting
2485. The New Purge,A woman lives in her own flesh a macabre purge where people are killed indiscriminately for fun.,woman lives flesh macabre purge people killed indiscriminately fun
2486. The Casagrandes Movie,"After a surprise family trip to Mexico derails Ronnie Anne's birthday plans, she is determined to prove she's old enough to do her own thing - even if it means confronting an ancient preteen demigod whose angst has apocalyptic potential.",surprise family trip mexico derails ronnie anne birthday plans determined prove old enough thing even means confronting ancient preteen demigod whose angst apocalyptic potential
2487. Angithee 3,"Kunal and Riwa's lives crumble after a tragic accident, leaving Kunal paralyzed. Both feeling helpless and distant, seek solace elsewhere, raising the question: can helplessness justify betrayal in a relationship?",kunal riwa lives crumble tragic accident leaving kunal paralyzed feeling helpless distant seek solace elsewhere raising question helplessness justify betrayal relationship
2488. Given the Movie: Hiiragi Mix,Hiiragi Mix takes place after the events of the Eiga Given and is mainly focused on the relationship between Mafuyu's childhood friends Hiiragi Kashima and Shizusumi Yagi.,hiiragi mix takes place events eiga given mainly focused relationship mafuyu childhood friends hiiragi kashima shizusumi yagi
2489. Girl from the North Country,"Joe Scott and the Girl From The North Country cast perform Bob Dylan's ""Hurricane"".",joe scott girl north country cast perform bob dylan hurricane
"2490. Marry, Fuck, Kill","Ivan's life is a disaster. He spends his days lost in his own head, bouncing between porn, target practice, and a hopeless crush on a co-worker. Full of self-doubt, bitter humor, and jabs at himself and the world around him.",ivan life disaster spends days lost head bouncing porn target practice hopeless crush co worker full self doubt bitter humor jabs world around
2491. Rabia,"Motivated by the promise of a new life, a 19-year-old French woman leaves for Syria to join Daesh. Arriving in Raqqa, she stays in a home for future fighter wives and soon finds herself imprisoned by the charismatic warden.",motivated promise new life year old french woman leaves syria join daesh arriving raqqa stays home future fighter wives soon finds imprisoned charismatic warden
2492. Purvanchal,,nan
2493. Hiraya,"Hiraya is a mysterious woman found unconscious in a river. She wakes up not remembering anything and is unable to speak. The townspeople take advantage of Hiraya, but it seems that those who do, always end up in misfortune.",hiraya mysterious woman found unconscious river wakes remembering anything unable speak townspeople take advantage hiraya seems always end misfortune
2494. Unexposed,"After her marriage ends due to infidelity, Tracey Miller becomes a sleuth for cheating spouses, facing danger as she uncovers threats to her family.",marriage ends due infidelity tracey miller becomes sleuth cheating spouses facing danger uncovers threats family
2495. Haze,A young man returns home after rehab and uncovers the secrets of his town's abandoned psychiatric center.,young man returns home rehab uncovers secrets town abandoned psychiatric center
2496. Mamífera,"Lola's unplanned pregnancy disrupts her life plans. She resists motherhood while Bruno wants to be a father, forcing her to confront her fears and societal expectations as she seeks clarity on her future.",lola unplanned pregnancy disrupts life plans resists motherhood bruno wants father forcing confront fears societal expectations seeks clarity future
2497. Pinnil Oral,Devika Varma's family lost everything when she was 5 and her parents committed suicide. She became an orphanage inmate where she met and fell for Roy Joseph. Will their love prevail?,devika varma family lost everything parents committed suicide became orphanage inmate met fell roy joseph love prevail
2498. The World According to Kaleb: On Tour,"Kaleb Cooper, on his UK tour shares insights on farming, Clarkson, tractors, and his disdain for sheep. Features a celebrity tractor race and a singalong finale at Cheltenham's Everyman Theatre.",kaleb cooper uk tour shares insights farming clarkson tractors disdain sheep features celebrity tractor race singalong finale cheltenham everyman theatre
2499. À toute allure,A submarine officer and steward fall in love despite military duties. She dives for 90 days while he follows. Even oceans can't separate them - the world feels small when hearts are joined.,submarine officer steward fall love despite military duties dives days follows even oceans separate world feels small hearts joined
2500. A Girl Like Him,"A Girl Like Him is a coming of age drama centered around a small-town teen who makes a surprising life change, spiraling their lifelong best friend into a dark place when he realizes things will never be the same between them.",girl like coming age drama centered around small town teen makes surprising life change spiraling lifelong best friend dark place realizes things never
2501. Camera,"Follows nine-year-old Oscar, a non-verbal child who struggles to fit in, as he meets Eric, a kind repair shop owner, and become unlikely friends after being brought together by a damaged film format camera.",follows nine year old oscar non verbal child struggles fit meets eric kind repair shop owner become unlikely friends brought together damaged film format camera
2502. Sam and Colby: The Legends of the Paranormal,"Paranormal investigators Sam and Colby have hunted ghosts at the world's most iconic haunted locations. Now they set out to investigate a mysterious desert ranch famous for ghosts, UFOs, and terrifying monsters lurking in the dark.",paranormal investigators sam colby hunted ghosts world iconic haunted locations set investigate mysterious desert ranch famous ghosts ufos terrifying monsters lurking dark
2503. One Night Stay,"Obsessive Jessica secretly moves into Marcus' mansion after a one-night stand. Unbeknownst to Marcus and his partner Milia, Jessica hides out while they resume their perfect lives.",obsessive jessica secretly moves marcus mansion one night stand unbeknownst marcus partner milia jessica hides resume perfect lives
2504. Inanimate Insanity II: The Movie,"MePhone's reality show competition finale with Suitcase and Knife contestants is jeopardized when his creator's past reemerges, endangering participants and threatening an unresolved ending.",mephone reality show competition finale suitcase knife contestants jeopardized creator past reemerges endangering participants threatening unresolved ending
2505. Back Up,"Mirza's decisions shattered his family, love, and friendships. Decades later, a quiet Bosnian village faces ghosts from the past when journalist Ena discovers hidden secrets, sparking chaos and changing the lives of all involved forever.",mirza decisions shattered family love friendships decades later quiet bosnian village faces ghosts past journalist ena discovers hidden secrets sparking chaos changing lives involved forever
2506. Our Happy Place,"Raya repeatedly wakes in the forest with amnesia. Each morning, she's in progressively deeper graves. In her cabin, she's tormented by visions of suffering women, their screams haunting her as reality blends with nightmares.",raya repeatedly wakes forest amnesia morning progressively deeper graves cabin tormented visions suffering women screams haunting reality blends nightmares
2507. The Moromete Family 3: Father and Son,"The story of Niculae, Moromete's youngest son, who in the 1950s becomes an acclaimed young writer who lives his life and complicated love stories in a charged atmosphere tainted by suspicion.",story niculae moromete youngest son becomes acclaimed young writer lives life complicated love stories charged atmosphere tainted suspicion
2508. Viktor,Deeply personal audiovisual experience capturing a Deaf person's navigation through the Russian invasion of Ukraine and its ensuing chaos.,deeply personal audiovisual experience capturing deaf person navigation russian invasion ukraine ensuing chaos
2509. L,"Investigation, Horror thriller. Renuka,IG of police, observes a disturbing pattern of suspicious deaths among women across various regions of Kerala. Discovering similarities to cases in Hungary and other countries during the 1980s",investigation horror thriller renuka ig police observes disturbing pattern suspicious deaths among women across various regions kerala discovering similarities cases hungary countries
2510. Tenant,"Revolving around six characters resembling six faces of a dice chosen by Life in the game of snakes and ladders, this intriguingly designed drive reflects the current urban lifestyle, telling how women should be in our current society.",revolving around six characters resembling six faces dice chosen life game snakes ladders intriguingly designed drive reflects current urban lifestyle telling women current society
2511. Forty-Seven Days with Jesus,A disconnected family finds hope and unity through a cinematic retelling of Jesus' final 47 days on Earth.,disconnected family finds hope unity cinematic retelling jesus final days earth
2512. Curse of the Sin Eater,A poor construction worker makes a deal with a dying business mogul to inherit billions only to discover that he has also been cursed by the man's terrifying sins.,poor construction worker makes deal dying business mogul inherit billions discover also cursed man terrifying sins
2513. Bangkok Breaking: Heaven and Hell,"When a dedicated rescue worker inadvertently gets caught up in the kidnapping plot of a mogul's tween daughter, he must save her from the clutches of rival gangs hunting them down with unpredictable dangers around every corner.",dedicated rescue worker inadvertently gets caught kidnapping plot mogul tween daughter must save clutches rival gangs hunting unpredictable dangers around every corner
2514. Female 4,"In a peaceful battery goli, where everyone took an oath not to fight amongst themselves, chaos ensues as another Female hops into the scene.",peaceful battery goli everyone took oath fight amongst chaos ensues another female hops scene
2515. A Wolf Among the Swans,,nan
2516. Books & Drinks,"David travels to Dominican Republic to sell a house he has inherited from the father he never knew. There he will meet Maria, who is going to turn his life upside down.",david travels dominican republic sell house inherited father never knew meet maria going turn life upside
2517. Malaikottai Vaaliban,"Journey of Malaikottai Vaaliban, an undisputed warrior, transcends time and geographies, triumphing over every opponent he encounters.",journey malaikottai vaaliban undisputed warrior transcends time geographies triumphing every opponent encounters
2518. Beyond After,"Beyond After is a documentary that explores the cultural impact of Anna Todd's the After franchise, from bestselling novels to cinematic sensation, with behind-the-scenes insights and interviews.",beyond documentary explores cultural impact anna todd franchise bestselling novels cinematic sensation behind scenes insights interviews
2519. The Match,A couple matches on a dating app and starts a seemingly perfect weekend. They awake locked in a cabin with no escape,couple matches dating app starts seemingly perfect weekend awake locked cabin escape
2520. CID Ramachandran Retd SI,"Retired police inspector Ramachandran investigates a case of falsely accused suspects in a rural area, uncovering lies, betrayal, and the real culprit to exonerate the innocent and restore faith in justice.",retired police inspector ramachandran investigates case falsely accused suspects rural area uncovering lies betrayal real culprit exonerate innocent restore faith justice
2521. Gumasthan,"Cunning clerk exploits legal loopholes to murder wife, evading suspicion. As public and police close in, they race to outwit his intellect and unravel the mysteries shrouding his crime and home.",cunning clerk exploits legal loopholes murder wife evading suspicion public police close race outwit intellect unravel mysteries shrouding crime home
2522. Addy Daddy,A lonely young man introduces his new girlfriend to his parents and they immediately hate her for no reason.,lonely young man introduces new girlfriend parents immediately hate reason
2523. Naked Nations - Tribe Hong Kong,A group of homosexuals going through the harsh quarantine measured in Hong Kong.,group homosexuals going harsh quarantine measured hong kong
2524. Never Have I Ever,"Sam, a struggling writer, faces pressure to repay an advance. His day spirals as he loses his wallet, experiences break-ins, and a chance encounter leads to unexpected events, further complicating his predicament and deadline.",sam struggling writer faces pressure repay advance day spirals loses wallet experiences break ins chance encounter leads unexpected events complicating predicament deadline
2525. I Don't Know,"A failed cartoonist scores a dangerous win at a high-stakes poker game, and flees the criminal underworld of Los Angeles with his resilient sex worker fiancé.",failed cartoonist scores dangerous win high stakes poker game flees criminal underworld los angeles resilient sex worker fianc
2526. Horny Teenagers Must Die!,"A group of high school graduates travel to a cabin in the woods to celebrate and party, only to be picked off one by one by a demented psychopath who kills with farm tools and sex toys.",group high school graduates travel cabin woods celebrate party picked one one demented psychopath kills farm tools sex toys
2527. Saturn Return,"Late 1990s. Art and culture are in full swing in Granada. Against that background, an indie band is about to change the music scene in Spain. Just before creating their new album, the band is going through its worst possible moment.",late art culture full swing granada background indie band change music scene spain creating new album band going worst possible moment
2528. South of Hope Street,"In 2038 earth enters a mysterious universe. People hide behind a gigantic wall and engage in wars. In this dystopian wonderland, Denise walks on thin ice spurred on by Tom, a caretaker, who promises that a renaissance is on its way.",earth enters mysterious universe people hide behind gigantic wall engage wars dystopian wonderland denise walks thin ice spurred tom caretaker promises renaissance way
2529. Ninaivellam Neeyada,,nan
2530. Par amour,"Sarah and Antoine are on the verge of breaking up, weakened by their hectic lives, balancing work and their two children. One day, Simon, the eldest, confides in his mother that he's hearing voices. While Antoine struggles to grasp the extent of the problem, Sarah decides to support her son. How far will she be willing to go for love?",sarah antoine verge breaking weakened hectic lives balancing work two children one day simon eldest confides mother hearing voices antoine struggles grasp extent problem sarah decides support son far willing go love
2531. Swede Caroline,"In this British Mockumentary, the competitive giant vegetable growing world is rocked by scandal when up-and-coming prospect Caroline has her prized marrow plants stolen.",british mockumentary competitive giant vegetable growing world rocked scandal coming prospect caroline prized marrow plants stolen
2532. Power,"Driven to contain threats to social order, American policing has exploded in scope and scale over hundreds of years. Now, it can be described by one word: power.",driven contain threats social order american policing exploded scope scale hundreds years described one word power
2533. Malu,"Malu, a 50-year-old unemployed actress living off memories of her glorious past, shares a run-down home in a Rio de Janeiro slum with her conservative mother, whilst also dealing with a troubled relationship with her own daughter.",malu year old unemployed actress living memories glorious past shares run home rio de janeiro slum conservative mother whilst also dealing troubled relationship daughter
2534. Customs Frontline,"Hong Kong customs officers discover illegal weapons on a cargo ship and trace them back to an international conflict. Elite agents go undercover, uncovering a transnational operation with roots closer to home.",hong kong customs officers discover illegal weapons cargo ship trace back international conflict elite agents go undercover uncovering transnational operation roots closer home
2535. Kevin James: Irregardless,"Kevin James stand-up comedy special with topics including parenting, marriage, and getting older.",kevin james stand comedy special topics including parenting marriage getting older
2536. Hidden Flora,"Roxii, a queer hopeless romantic, just wants to be loved and treated the way boys do girls. A string of boys and men inform Roxii's view of sex and identity in late aughts Las Cruces, New Mexico.",roxii queer hopeless romantic wants loved treated way boys girls string boys men inform roxii view sex identity late aughts las cruces new mexico
2537. Election,"Nadarasan, uninterested in politics, runs for panchayat leader to honor his father. As he delves into the murky world of election politics, he faces violence, rivalry, and betrayals.",nadarasan uninterested politics runs panchayat leader honor father delves murky world election politics faces violence rivalry betrayals
2538. Karma: Death at Latigo Springs,"It follows Charley Stevens as she moves to the town where her recently deceased mother grew up. After arriving, Charley is plagued with strange nightmares that tease a horrific event, hinting at why her mother left town.",follows charley stevens moves town recently deceased mother grew arriving charley plagued strange nightmares tease horrific event hinting mother left town
2539. Union,A group of current and former Amazon workers in New York City's Staten Island challenges one of the world's largest companies in a unionization battle.,group current former amazon workers new york city staten island challenges one world largest companies unionization battle
2540. Jatt Nuu Chudail Takri,"On a trip, he convinces his friend to leave his wife. Jallaludin then falls for Rani and marries her, only to find she may be supernatural. Will he face his prejudices or fall prey to them?",trip convinces friend leave wife jallaludin falls rani marries find may supernatural face prejudices fall prey
2541. Pater Noster and the Mission of Light,"Max, a young record store clerk stumbles upon a rare vinyl LP and is drawn into the world of a 1970s hippie commune. An invitation to the remnants of the cult and its unholy spawn leads to grave circumstances for Max and her friends.",max young record store clerk stumbles upon rare vinyl lp drawn world hippie commune invitation remnants cult unholy spawn leads grave circumstances max friends
"2542. Couples Night: Love, Lust & Lies","Couples Night unfolds as Durrell becomes increasingly suspicious of his wife's actions. The film explores the thin line between truth and suspicion, leading to an unexpected revelation. Durrell and his wife, Nia, are a seemingly happy couple living in a picturesque suburban neighborhood. However, their idyllic life takes a tumultuous turn when Durrell begins to notice subtle but unsettling changes in Nia's behavior. What starts as innocent curiosity soon spirals into a gripping tale of deception and betrayal. As Durrell delves deeper, he discovers cryptic messages, unexplained absences, and encounters with mysterious individuals that cast doubt on her fidelity. With each revelation, Durrell becomes increasingly obsessed with uncovering the truth, jeopardizing not only his marriage but also his sanity. His relentless pursuit of answers leads him down a dark path of paranoia and obsession, blurring the lines between reality and imagination. Just when Durrell believes he has uncovered the ultimate betrayal, the film takes a shocking twist, revealing a truth so unexpected that it challenges everything he thought he knew. ""Couples Night: Love, Lust and Lies"" is a riveting exploration of the complexities of trust, suspicion, and the fragility of relationships, leaving audiences questioning the nature of truth and deception.",couples night unfolds durrell becomes increasingly suspicious wife actions film explores thin line truth suspicion leading unexpected revelation durrell wife nia seemingly happy couple living picturesque suburban neighborhood however idyllic life takes tumultuous turn durrell begins notice subtle unsettling changes nia behavior starts innocent curiosity soon spirals gripping tale deception betrayal durrell delves deeper discovers cryptic messages unexplained absences encounters mysterious individuals cast doubt fidelity revelation durrell becomes increasingly obsessed uncovering truth jeopardizing marriage also sanity relentless pursuit answers leads dark path paranoia obsession blurring lines reality imagination durrell believes uncovered ultimate betrayal film takes shocking twist revealing truth unexpected challenges everything thought knew couples night love lust lies riveting exploration complexities trust suspicion fragility relationships leaving audiences questioning nature truth deception
2543. Over Easy,Two women go on a weekend trip to reconnect and salvage their relationship.,two women go weekend trip reconnect salvage relationship
2544. Njerëz dhe Fate 2,,nan
2545. Delivery Boy,"Small-time real estate agents Bhau and Chochya encounter Dr. Amruta Deshmukh, who aims to establish a surrogacy hospital. Their journey to make her vision a reality unfolds.",small time real estate agents bhau chochya encounter dr amruta deshmukh aims establish surrogacy hospital journey make vision reality unfolds
2546. Je le jure,"Favio, a directionless recycling worker in his 30s, finds solace in alcohol and a secret affair with older Madeleine. Selected as juror, he must judge a young arsonist's manslaughter case despite his own poor judgment.",favio directionless recycling worker finds solace alcohol secret affair older madeleine selected juror must judge young arsonist manslaughter case despite poor judgment
2547. Mukhya Gamanika,"A young constable stumbles into a deadly maze. The tragic murder of his father, coinciding with the disappearance of a husband, ignites a chase for the truth, forcing him to confront hidden dangers and protect what's dear.",young constable stumbles deadly maze tragic murder father coinciding disappearance husband ignites chase truth forcing confront hidden dangers protect dear
2548. Andrea Bocelli 30: The Celebration,"Renowned Italian tenor Andrea Bocelli celebrates 30th anniversary with 3-day concert event in his Tuscan hometown, featuring duets with Ed Sheeran, Shania Twain, Will Smith, and others.",renowned italian tenor andrea bocelli celebrates th anniversary day concert event tuscan hometown featuring duets ed sheeran shania twain smith others
2549. El Roomie,"Struggling writer Vivi takes in mysterious roommate Ro, but soon suspects Ro is hiding a dark secret.",struggling writer vivi takes mysterious roommate ro soon suspects ro hiding dark secret
2550. Bidurbhai,"Four friends from impoverished backgrounds scheme risky plan for quick money, initially enjoy lavish lifestyle but face moral dilemmas and harsh repercussions as consequences of their actions unfold.",four friends impoverished backgrounds scheme risky plan quick money initially enjoy lavish lifestyle face moral dilemmas harsh repercussions consequences actions unfold
2551. American Schemers,"Two con artists pose as heirs to a deceased socialite, only to find that the community they've infiltrated is as crooked as they are.",two con artists pose heirs deceased socialite find community infiltrated crooked
2552. Hitler,A hero with a genuine background involved with the political murders. What is the reason behind this that's the Story.,hero genuine background involved political murders reason behind story
2553. Naach Ga Ghuma,"Follows the lively duo - the woman of the house and the house help, and how their love-hate relationship unfolds in a humorous drama.",follows lively duo woman house house help love hate relationship unfolds humorous drama
2554. Spiders on a Plane,"A group of four friends takes on a plane full of deadly venomous spiders, accidentally released by a mad Russian scientist attacking all on-board the 747 flight from the UK to Colombia.",group four friends takes plane full deadly venomous spiders accidentally released mad russian scientist attacking board flight uk colombia
2555. Gharat Ganpati,"Amidst Konkan's stunning landscape, the Gharat Family cherishes welcoming Gauri Ganpati into their ancestral home during the Ganpati festival. Spanning generations, this rich tradition fosters a poignant reunion navigating complexities.",amidst konkan stunning landscape gharat family cherishes welcoming gauri ganpati ancestral home ganpati festival spanning generations rich tradition fosters poignant reunion navigating complexities
2556. Peaches Goes Bananas,"Merrill Nisker, the trailblazing feminist queer icon and musician known as Peaches, is the subject of this intimate documentary. It showcases her concerts, relationship with her sister Suri, and creative process both on and off stage.",merrill nisker trailblazing feminist queer icon musician known peaches subject intimate documentary showcases concerts relationship sister suri creative process stage
2557. Black Storm,"After reporting criminal leader Wei Tianlang, Gu Dahe's disappearance and his sister's suspicious death triggers Lei Yang, the criminal investigation unit captain, to step in and uncover the truth.",reporting criminal leader wei tianlang gu dahe disappearance sister suspicious death triggers lei yang criminal investigation unit captain step uncover truth
2558. The Unexpecteds,Gary and his best friends seek revenge against a social media influencer who has scammed them of their life savings.,gary best friends seek revenge social media influencer scammed life savings
2559. Interstate,"A supernatural thriller in which a hitman, facing an existential crisis, decides to exit the game and leave town with the woman he loves, but his plans are disrupted by a mysterious young man and his ruthless former boss.",supernatural thriller hitman facing existential crisis decides exit game leave town woman loves plans disrupted mysterious young man ruthless former boss
2560. It Happened on our Ground,"Three generations of women grapple with their family's legacy of the Holocaust, its affiliation with the Nazi regime, and their resistance. ""It Happened on Our Ground"" is a sensitive exploration of guilt, memory, and the strength needed to heal.",three generations women grapple family legacy holocaust affiliation nazi regime resistance happened ground sensitive exploration guilt memory strength needed heal
2561. Çakallarla Dans 7,"Dancing with the Jackals 7 tells the adventures of a team that goes to Izmir to take part in the organization of a beauty contest. Upon the offer of Necmi's soldier friend Midyeci Senol, the Jackals go to Izmir to take part in the organization of a world-wide beauty contest. When the Jackals see the girls, they are fascinated by their beauty. In the meantime, a friendship begins between Nalan, who manages the Izmir leg of the organization, Lidya and Fatma. While Fatma is dealing with the girls' costumes, she finds a lot of rough diamonds and this situation throws the Jackals into great chaos. The contest organized by King Mustafa, Nalan's old love, the leader of a dangerous neighborhood and Senol's patron, is actually a cover for the rough diamond trade he will carry out abroad. Nalan, who seizes the diamonds she finds, shakes Mustafa's kingdom to its core with the support of the Jackals.",dancing jackals tells adventures team goes izmir take part organization beauty contest upon offer necmi soldier friend midyeci senol jackals go izmir take part organization world wide beauty contest jackals see girls fascinated beauty meantime friendship begins nalan manages izmir leg organization lidya fatma fatma dealing girls costumes finds lot rough diamonds situation throws jackals great chaos contest organized king mustafa nalan old love leader dangerous neighborhood senol patron actually cover rough diamond trade carry abroad nalan seizes diamonds finds shakes mustafa kingdom core support jackals
2562. The Gifts of Christmas,"When Taya, the hardworking owner of a struggling resort, reconnects with Bradley, they must navigate financial challenges, fraudulent activities, and their own complicated history to save the resort and find love in the process.",taya hardworking owner struggling resort reconnects bradley must navigate financial challenges fraudulent activities complicated history save resort find love process
2563. Kudi Haryane Val Di,"A Punjabi man uninterested in wrestling falls for a Haryanvi woman passionate about the sport. He strives to embrace her love for wrestling, to win her heart.",punjabi man uninterested wrestling falls haryanvi woman passionate sport strives embrace love wrestling win heart
2564. Rebel,Students who study in the town and how they are affected by the politics unfolding in the institution,students study town affected politics unfolding institution
2565. My Annoying Brother,"A now-blind athlete must rely on his estranged brother, who may have just used him as an excuse to get himself out of jail. The two were never close, but the brothers soon realized a connection they couldn't always see.",blind athlete must rely estranged brother may used excuse get jail two never close brothers soon realized connection always see
2566. Elevation,The coach and his trainee are on the edge of the ski jump during the intense period of preparation for a new height.,coach trainee edge ski jump intense period preparation new height
2567. Ambajipeta Marriage Band,"In a small village during the early 2000s, happy twins Mallikarjuna and Padmavati find their lives changing on their 25th birthday.",small village early happy twins mallikarjuna padmavati find lives changing th birthday
2568. Blow Out,A secret agent realizes the organization he works for has plans for him to be assassinated.,secret agent realizes organization works plans assassinated
2569. Amityville: Where the Echo Lives,"When paranormal investigator Heather West receives a call from a terrified woman who claims her house is inhabited by a ghost, she discovers the building has a horrifying history.",paranormal investigator heather west receives call terrified woman claims house inhabited ghost discovers building horrifying history
2570. Gaami,"Shankar, an amnesiac Aghori who suffers from the fear of touch, goes on a dangerous Himalayan trail in search of a mythical cure for his condition. What happens when his past uncovers the way for him?",shankar amnesiac aghori suffers fear touch goes dangerous himalayan trail search mythical cure condition happens past uncovers way
2571. Luottomies-elokuva: All In,Tommi and Juhis come across the harsh realities of the crypto world.,tommi juhis come across harsh realities crypto world
2572. Who Wants to Marry an Astronaut?,"After fifteen years of relationship, David feels the time has come to take the next step. To do so, he plans an idyllic trip along Route 66 with a wedding in Las Vegas. But when he proposes, his partner rejects him in front of everyone.",fifteen years relationship david feels time come take next step plans idyllic trip along route wedding las vegas proposes partner rejects front everyone
2573. A Very Special Terrifier Christmas,"Fight off a killer winter and settle in by the fire with Art the Clown. Chestnuts are roasting, terror is toasting, and the screams create the perfect jolly ambient tone to relax to in this fireside special.",fight killer winter settle fire art clown chestnuts roasting terror toasting screams create perfect jolly ambient tone relax fireside special
2574. Mary Pickford: Love Wild,"An unconventional biopic, about Pickford, shot by the late Dan Kneece, unveils the spirit of Mary's love of storytelling, as the first pop star, female producer, and surrealist artist in N.America, truly merging art and commerce.",unconventional biopic pickford shot late dan kneece unveils spirit mary love storytelling first pop star female producer surrealist artist n america truly merging art commerce
2575. Therapy,,nan
2576. Everybody Loves Jenifa,"Jenifa's popularity fades when a shady new neighbor, Lobster, outshines her charity work. In Ghana, Jenifa and friends face a deadly drug baron after a bag of drugs is mistakenly left in their rental.",jenifa popularity fades shady new neighbor lobster outshines charity work ghana jenifa friends face deadly drug baron bag drugs mistakenly left rental
2577. The Green Deal,Follows Carole as she tries to save the life of her son who has been wrongfully sentenced to death in a rigged trial.,follows carole tries save life son wrongfully sentenced death rigged trial
2578. Dragon Ball Z Kai,"Son Goku and his friends must fight against Raditz, a space warrior who arrives planet Earth to conquer it and destroy human race.",son goku friends must fight raditz space warrior arrives planet earth conquer destroy human race
2579. All for One,"Sara a young Morisco unmasks the three musketeers who protect the Queen of France, she decides to cling to these powerful women and their brilliant idea.",sara young morisco unmasks three musketeers protect queen france decides cling powerful women brilliant idea
2580. Flight 404,"Days before traveling to Mecca for HAJJ, Ghada is faced with an emergency and needs a large sum of money. She must return to a tainted past and keep it from consuming her.",days traveling mecca hajj ghada faced emergency needs large sum money must return tainted past keep consuming
2581. Malanova,Matteo and Riccardo are a couple and they are about to celebrate their sixth month of their relationship. But the romantic time is interrupted by tragic news: Matteo discovers he has become HIV positive.,matteo riccardo couple celebrate sixth month relationship romantic time interrupted tragic news matteo discovers become hiv positive
"2582. April, Come She Will","On the morning following the eve of their engagement, the fiancée disappears from the man's side. He is left to reminisce about why she chose to run away.",morning following eve engagement fianc e disappears man side left reminisce chose run away
2583. Mielensäpahoittajan rakkaustarina,Cupid's arrows can pierce even the oldest flannel shirt.,cupid arrows pierce even oldest flannel shirt
2584. My Boyfriend Is a Sex Worker,"Ace, the perfect son of the influential Mendoza family, falls for Gio, a gay porn star and sex worker. Despite seeing themselves as a match, Angelica, the family's uptight matriarch, disapproves of their relationship.",ace perfect son influential mendoza family falls gio gay porn star sex worker despite seeing match angelica family uptight matriarch disapproves relationship
2585. Wineville,"A woman who fled her abusive father's vineyard as a teenager returns after his death. She uncovers the family's dark secrets, which have festered, leading to violence and death, as she settles the estate.",woman fled abusive father vineyard teenager returns death uncovers family dark secrets festered leading violence death settles estate
2586. Sthanarthi Sreekuttan,"Sthanarthi Sreekuttan (Candidate Sreekuttan) is a story of four mischievous students in K.R Narayanan U.P school. Story revolved around the conflict between the protagonist Sreekuttan, and Ambadi, who is a bright student in the class.",sthanarthi sreekuttan candidate sreekuttan story four mischievous students k r narayanan u p school story revolved around conflict protagonist sreekuttan ambadi bright student class
2587. The Wolf,A hunter becomes the prey when asked to track a vicious wolf on an Indian Reservation.,hunter becomes prey asked track vicious wolf indian reservation
2588. Throuple,"A lonely gay singer-songwriter learns how to ask for what he wants in life through a newfound romance with an honest and communicative married couple. All the while, he fears he is losing his best friend to her girlfriend.",lonely gay singer songwriter learns ask wants life newfound romance honest communicative married couple fears losing best friend girlfriend
2589. Goyo,"A young autistic museum guide lives by a strict routine until he falls in love with his coworker and must confront a whirlwind of new, intense emotions.",young autistic museum guide lives strict routine falls love coworker must confront whirlwind new intense emotions
2590. Mountain Guardians,,nan
2591. The Family Business,"The Family Business is a Dark, Dramatic, Horror, Thriller where tensions rise among a twisted family of psychopaths who set out to create a very unique snuff film of epic proportions.",family business dark dramatic horror thriller tensions rise among twisted family psychopaths set create unique snuff film epic proportions
2592. The Friendly,"Military medic Curtis gets injured, returns home with dog Friendly who saved him. Curtis and Friendly adjust to civilian life. Curtis falls in love with nurse Sophia, who has a child.",military medic curtis gets injured returns home dog friendly saved curtis friendly adjust civilian life curtis falls love nurse sophia child
2593. Light,"After crash-landing in an escape pod on a dark and misty planet, a mother is hunted by an alien creature which is drawn to the lights she must use to find her missing son.",crash landing escape pod dark misty planet mother hunted alien creature drawn lights must use find missing son
2594. Travel Essentials,"Ada is an American journalist of Polish origin. She has just moved to Hamburg with her partner and is struggling to find her way in the new reality. One day, a mysterious package arrives at the editorial office where she works.",ada american journalist polish origin moved hamburg partner struggling find way new reality one day mysterious package arrives editorial office works
2595. Milano,"Alain is raising his son Milano on his own. Determined to make their future better, he tries to make ends meet.",alain raising son milano determined make future better tries make ends meet
2596. Meet Me in Rome,"3 women arrive in Rome ready to risk it all for love. They become the leading ladies in their very own rom-com. Handsome suitors and steamy romance await. Will our ladies find the love they're looking for, or leave as single as they came?",women arrive rome ready risk love become leading ladies rom com handsome suitors steamy romance await ladies find love looking leave single came
2597. In the Land of Brothers,"Three members of an extended Afghan family start their lives over in Iran as refugees, unaware they face a decades-long struggle ahead to be ""at home"".",three members extended afghan family start lives iran refugees unaware face decades long struggle ahead home
2598. Transformers Prime: Galavatron's Revenge,"After the events of ""Transformers Prime: Predacons Rising"" where Megatron seemingly renounced his villainous ways, this fan film brings back a new iteration of Galvatron. The explanation for how Galvatron and Megatron can exist separately has been criticized as unclear.",events transformers prime predacons rising megatron seemingly renounced villainous ways fan film brings back new iteration galvatron explanation galvatron megatron exist separately criticized unclear
2599. Hayao Miyazaki and the Heron,"A two-hour window into the heart of Hayao Miyazaki's creative process, the documentary follows six long years of work during the making of The Boy and the Heron, the latest film by the master of Japanese animation.",two hour window heart hayao miyazaki creative process documentary follows six long years work making boy heron latest film master japanese animation
2600. Moonlight Madness,"A successful lawyer's secret romantic encounter takes a chaotic turn when a corpse unexpectedly appears in the hotel room, triggering a frantic attempt to cover up the situation.",successful lawyer secret romantic encounter takes chaotic turn corpse unexpectedly appears hotel room triggering frantic attempt cover situation
2601. Anyone But Her,"Close friends face a challenge when one announces marriage, leading to plans to disrupt the wedding.",close friends face challenge one announces marriage leading plans disrupt wedding
2602. Haft rooz,Imprisoned activist Maryam gets rare medical leave from Iran. She must choose between escaping or continuing her battle for human rights and democracy.,imprisoned activist maryam gets rare medical leave iran must choose escaping continuing battle human rights democracy
2603. Crayon Shin-chan: Our Dinosaur Diary,"After a theme park that revives extinct dinosaurs is opened in Tokyo, Shinnosuke's pet dog, Shiro, crosses paths with a small dinosaur. The two befriend each other, but their friendship might affect the existence of the park.",theme park revives extinct dinosaurs opened tokyo shinnosuke pet dog shiro crosses paths small dinosaur two befriend friendship might affect existence park
2604. Bolero,A woman travels through dimensions to find a distant man.,woman travels dimensions find distant man
2605. A Gangster's Kiss,"When actor Jack is cast in a new 'gangster film,' he asks his life-long friend Danny to shadow 'the family' in hilarious and deadly circumstances.",actor jack cast new gangster film asks life long friend danny shadow family hilarious deadly circumstances
2606. Last Stop: Rocafort St.,"A mystery that has shaken the Rocafort Metro station in Barcelona for years enters fully into Laura's life when she starts working at this old, quiet stop and discovers that many people have died there under strange circumstances.",mystery shaken rocafort metro station barcelona years enters fully laura life starts working old quiet stop discovers many people died strange circumstances
2607. Zombies: Christmas Apocalypse,"As winter rolls into a small Midwestern town, the locals get more than just snow. As the dead start to rise.",winter rolls small midwestern town locals get snow dead start rise
2608. Mayan,A a mythological mysterious film based on Indian mythology and Mayan tribes and their connection with the apocalypse of this world. Talks about the origins of human and their end.,mythological mysterious film based indian mythology mayan tribes connection apocalypse world talks origins human end
2609. Last Mile,"A cardboard box explodes on Black Friday, terrorizing the nation. Erena Funado, center director for Kanto distribution warehouse, must control the situation with Kou Nashimoto.",cardboard box explodes black friday terrorizing nation erena funado center director kanto distribution warehouse must control situation kou nashimoto
2610. Sana: Let Me Hear,"One summer vacation. Five men and women take supplementary classes. In this classroom, there is a student who is not supposed to be there.",one summer vacation five men women take supplementary classes classroom student supposed
2611. Stuntman,"A washed-up stunt director is struggling to find his way in a changing industry. He risks everything to stage a comeback, while also attempting to repair the relationship with his estranged daughter.",washed stunt director struggling find way changing industry risks everything stage comeback also attempting repair relationship estranged daughter
2612. Cheers to Life,"Finding a locket identical to her late mother's inheritance, antique shop worker Jéssica joins forces with a surprise relative Gabriela to uncover their family's mysterious past in Rio.",finding locket identical late mother inheritance antique shop worker j ssica joins forces surprise relative gabriela uncover family mysterious past rio
2613. No Sleep Till,"In a coastal Florida town threatened by an impending hurricane, locals prepare for a mandatory evacuation. As the last tourists depart and residents board-up their homes, a few wanderers choose to remain.",coastal florida town threatened impending hurricane locals prepare mandatory evacuation last tourists depart residents board homes wanderers choose remain
2614. Mabel,"Follows Callie, whose best friend is a potted plant named Mabel.",follows callie whose best friend potted plant named mabel
2615. From Darkness to Light,"Explores Jerry Lewis' unreleased 1972 film ""The Day The Clown Cried"", its mysterious disappearance, and the search for footage. Includes interviews with Lewis' associates and previously unseen production content.",explores jerry lewis unreleased film day clown cried mysterious disappearance search footage includes interviews lewis associates previously unseen production content
2616. Kismath,"An easy life of three seemingly ordinary, jobless engineers from a small village goes haywire as they try to hide an unwelcome money heist leaving only honesty on their side.",easy life three seemingly ordinary jobless engineers small village goes haywire try hide unwelcome money heist leaving honesty side
2617. The Midway Point,"Jake, a high schooler on the autistic spectrum, feels disillusioned with the world. When he meets Alice, he begins to experience the world in other ways. Little does Jake know, Alice may have more in common with him than he could imagine.",jake high schooler autistic spectrum feels disillusioned world meets alice begins experience world ways little jake know alice may common could imagine
2618. Gandhi 3,A local guy named Garry was called Gandhi and some referred to him as Robinhood in Punjab.,local guy named garry called gandhi referred robinhood punjab
2619. Trust Me,"In modern Berlin, the picture-perfect life of a Polish-German family unravels when the husband's pursuit of freedom strains their marriage.",modern berlin picture perfect life polish german family unravels husband pursuit freedom strains marriage
2620. A Toast to Love,"A marine archaeologist works on a shipwreck, uncovers a romantic tale behind a wine discovery, and sparks a romance with a Spanish winemaker.",marine archaeologist works shipwreck uncovers romantic tale behind wine discovery sparks romance spanish winemaker
2621. A New York Story,A young woman risks being ostracized from an insular New York clique led by her socialite best friend when she falls for a charming photographer.,young woman risks ostracized insular new york clique led socialite best friend falls charming photographer
2622. The Stoic,"It follows a group of mercenary leaders in a country retreat after pulling off a raid on a drugs gang. Things take a turn for the worse after they raise the attentions of 'The Stoic', a man from an ancient clan of smugglers.",follows group mercenary leaders country retreat pulling raid drugs gang things take turn worse raise attentions stoic man ancient clan smugglers
2623. Lethally Blonde,Michelle's past secrets resurface with lethal consequences when her daughter joins the same sorority she once belonged to in college.,michelle past secrets resurface lethal consequences daughter joins sorority belonged college
2624. Tati Part Time,"A lawyer willing to compromise for his career, must care for Maya, his 8-year-old goddaughter. Their orderly lives are disrupted as he adjusts to parenthood and she to her new guardian.",lawyer willing compromise career must care maya year old goddaughter orderly lives disrupted adjusts parenthood new guardian
2625. Paper Flowers,"Paper Flowers-a USC grad's quest for change in Peru is cut short by cancer. Back home, he finds strength in family and his college love. Shalin's viral manifesto urges cherishing every moment-a true tale of love, legacy, and now.",paper flowers usc grad quest change peru cut short cancer back home finds strength family college love shalin viral manifesto urges cherishing every moment true tale love legacy
2626. Saint Catherine,An orphaned girl is rescued from a satanic ritual and taken to Saint Catherine Institute for homeless youth. There she will learn new skills while facing demons that stalk her.,orphaned girl rescued satanic ritual taken saint catherine institute homeless youth learn new skills facing demons stalk
2627. Sins of the Bride,A bride's fling with the best man puts her in danger when her fiancé returns and the secret threatens to destroy their happily-ever-after.,bride fling best man puts danger fianc returns secret threatens destroy happily ever
2628. Romeo è Giulietta,"A young actress gets rudely turned down for the role as Juliet by a famous director, who's star is waning. She returns in disguise to audition as Romeo just to show him how good she really is and is cast for the role. Classic and fun shakespearian gender role confusion all in Rome.",young actress gets rudely turned role juliet famous director star waning returns disguise audition romeo show good really cast role classic fun shakespearian gender role confusion rome
2629. Deadly Justice,"Prosecutor Holly Powell faces a murderous stalker after appearing on a true crime show to discuss her case against a corrupt judge she convicted, with the stalker believing the judge is innocent and seeking vengeance against Holly.",prosecutor holly powell faces murderous stalker appearing true crime show discuss case corrupt judge convicted stalker believing judge innocent seeking vengeance holly
2630. Warning 2,"Geja fails to assassinate Pamma and ends up in the same jail, where he's intent on finishing the job. A merciless cop's plan to transfer the dangerous prisoners escalates the situation.",geja fails assassinate pamma ends jail intent finishing job merciless cop plan transfer dangerous prisoners escalates situation
2631. Kemba,"The film follows criminal justice reform advocate Kemba Smith, a woman charged as a co-conspirator to her college boyfriend's drug-trafficking crimes and sentenced to 24.5 years in federal prison with no opportunity for parole.",film follows criminal justice reform advocate kemba smith woman charged co conspirator college boyfriend drug trafficking crimes sentenced years federal prison opportunity parole
2632. The Lost Man,,nan
2633. National Theatre Live: Nye,"Confronted with death, Aneurin 'Nye' Bevan's deepest memories lead him on a mind-bending journey back through his life; from childhood to mining underground, Parliament and fights with Churchill.",confronted death aneurin nye bevan deepest memories lead mind bending journey back life childhood mining underground parliament fights churchill
2634. Kiyma: Orman Kanunlari,"Ömer, Tufan and Poyraz want to spend the summer in Bodrum and participate in a competition program. When they go to Bodrum, they participate in the eliminations of the competition. While experiencing the entertainment and nightlife on the one hand and the difficulties of the competition on the other, they face a bigger trouble.",mer tufan poyraz want spend summer bodrum participate competition program go bodrum participate eliminations competition experiencing entertainment nightlife one hand difficulties competition face bigger trouble
2635. Donde Corre el Agua,"Luca a teenage orphan leaves his home town Chipilo for Mexico city, in seek of fortune, where he will met Paulina, a 24 year old circus trapeze artist, who will teach him love and life in the circus.",luca teenage orphan leaves home town chipilo mexico city seek fortune met paulina year old circus trapeze artist teach love life circus
2636. Mongol,"Young Mongol is in love with daughter of his Lord. Her Father condemns him as a criminal and names him an outlaw. Mongol must navigate world full of treachery and deception, fighting for survival and justice.",young mongol love daughter lord father condemns criminal names outlaw mongol must navigate world full treachery deception fighting survival justice
2637. The Secrets We Keep,"Podcaster Marcus faces chilling consequences as the line blurs between investigator and prey. In this thriller, silence is the loudest scream, pushing Marcus to confront the dark abyss or risk losing all.",podcaster marcus faces chilling consequences line blurs investigator prey thriller silence loudest scream pushing marcus confront dark abyss risk losing
2638. Juliette in Spring,"A woman who returns to her hometown to spend time with her family as buried memories, unspoken truths and long-buried secrets bubble up to the surface",woman returns hometown spend time family buried memories unspoken truths long buried secrets bubble surface
2639. Yeniden Baslamak,,nan
2640. Matchmaking 2,"After breaking box office records with their first film, the characters from Matchmaking return with this endearing romantic comedy set against Ashkenazi and Sepharic cultural tensions. Maor Schwitzer (Valley of Tears, Shtisel) stars as Baruch Auerbach, a graduate student who continues to live in a small room at the yeshiva where he studied and now serves as the faithful assistant to the matchmaker Malchi (Irit Kaplan, The Beauty Queen of Jerusalem). When Malchi assigns him the task of picking up her younger daughter Shira from the airport, he decides it's time for him to get married but struggles to be seen as an eligible suitor. Featuring a stellar supporting cast that includes Reymonde Amsallem (Seven Blessings), this sequel is a fun trip in its own right that does not require familiarity with its predecessor.",breaking box office records first film characters matchmaking return endearing romantic comedy set ashkenazi sepharic cultural tensions maor schwitzer valley tears shtisel stars baruch auerbach graduate student continues live small room yeshiva studied serves faithful assistant matchmaker malchi irit kaplan beauty queen jerusalem malchi assigns task picking younger daughter shira airport decides time get married struggles seen eligible suitor featuring stellar supporting cast includes reymonde amsallem seven blessings sequel fun trip right require familiarity predecessor
2641. Rendel: Cycle of Revenge,"When ""Smiley"" - Christoper Cox - takes over the Vala Drug Corporation in the long shadow of his late grandfather Edward Cox, a masked vigilante, Rendel, takes revenge for the murder of his family.",smiley christoper cox takes vala drug corporation long shadow late grandfather edward cox masked vigilante rendel takes revenge murder family
2642. Billie Eilish: Unfiltered,"Billie Eilish's unconventional style and unique sound have made her a cultural icon, with her music reaching millions worldwide and filling stadiums, establishing her as a top artist.",billie eilish unconventional style unique sound made cultural icon music reaching millions worldwide filling stadiums establishing top artist
2643. The Monster Beneath Us,"Yorkshire, 1898. A grieving woman and her son move back to the unoccupied house of her ex husband, recently found dead, but they discover that they are not alone inside the house.",yorkshire grieving woman son move back unoccupied house ex husband recently found dead discover alone inside house
2644. A Missing Part,"Every day, Jay travels the length and breadth of Tokyo in his taxi, looking for his daughter Lily. In the 9 years since he has separated from his wife, he has never been able to get custody of his daughter. Having given up hope of ever seeing her again, he is about to move back to France when Lily hops in his cab. But she doesn't recognize him.",every day jay travels length breadth tokyo taxi looking daughter lily years since separated wife never able get custody daughter given hope ever seeing move back france lily hops cab recognize
2645. Main Atal Hoon,"Follows the extraordinary life and political journey of Shri Atal Bihari Vajpayee, an iconic figure in Indian politics and delves into the multifaceted persona of Vajpayee Ji, capturing his essence as a poet, a gentleman, and a statesman.",follows extraordinary life political journey shri atal bihari vajpayee iconic figure indian politics delves multifaceted persona vajpayee ji capturing essence poet gentleman statesman
2646. Patrice: The Movie,"A disabled couple in their 50s, Patrice and Garry, want to marry but risk losing their benefits if they do. Despite the risk, they decide to hold a commitment ceremony.",disabled couple patrice garry want marry risk losing benefits despite risk decide hold commitment ceremony
2647. Dalia and the Red Book,"Dalia, the daughter of a famous writer who recently passed away, inherits the mission of finishing her father's novel. To do so, she must become part of the story and face its characters, all fighting to be the protagonist of the book.",dalia daughter famous writer recently passed away inherits mission finishing father novel must become part story face characters fighting protagonist book
2648. 12 Gaun,"A son's quest for vengeance against a tyrannical village chief who murdered his parents. The chief rules through fear, oppressing villagers with his gang, forbidding escape. The son must confront the chief's ruthless reign to seek justice.",son quest vengeance tyrannical village chief murdered parents chief rules fear oppressing villagers gang forbidding escape son must confront chief ruthless reign seek justice
2649. The Wingwalker,"A young widower is deported as his daughter is scheduled for a heart transplant, this will lead him to orchestrate the boldest border crossing plan in history.",young widower deported daughter scheduled heart transplant lead orchestrate boldest border crossing plan history
2650. Dutch II: Angel's Revenge,"When a legal technicality frees the allies of notorious gangster Dutch, power-hungry Angel sets out to take back the streets, and repentant Zoom seeks to right his wrongs.",legal technicality frees allies notorious gangster dutch power hungry angel sets take back streets repentant zoom seeks right wrongs
2651. Phullwanti,"Famous dancer Phullwanti's performance at Peshwa's court faces interruption from scholar Venkat Shastri. Defending her art, she challenges him, igniting a contest between her artistic talent and his intellect.",famous dancer phullwanti performance peshwa court faces interruption scholar venkat shastri defending art challenges igniting contest artistic talent intellect
2652. Twisted Hearts,"Three couples at a relationship retreat navigate intimacy issues, racial biases, and infidelity while an unexpected twist forces major decisions about self-worth and love.",three couples relationship retreat navigate intimacy issues racial biases infidelity unexpected twist forces major decisions self worth love
2653. Treasure in the Sky,,nan
2654. Dasama,"Follows a close circle of friends in a tiny village school. It seamlessly flashes between their past and present, highlighting the camaraderie and enthusiasm of their adolescence.",follows close circle friends tiny village school seamlessly flashes past present highlighting camaraderie enthusiasm adolescence
2655. Teasing Master Takagi-san Movie,"Takagi, now grown up, revisits her middle school as a trainer. She encounters Nishikata, her former classmate she used to tease, now a PE teacher there. Their playful dynamic resumes, leading to more interactions between the two.",takagi grown revisits middle school trainer encounters nishikata former classmate used tease pe teacher playful dynamic resumes leading interactions two
2656. The Peanut Man,"Torn between his love for Sarah and his mission to save farmlands, George Washington Carver risks losing everything over his work. Facing racism and doubt, Carver works to unlock the secrets of the peanut that could transform agriculture.",torn love sarah mission save farmlands george washington carver risks losing everything work facing racism doubt carver works unlock secrets peanut could transform agriculture
2657. Jedna noc,,nan
2658. American Trash,"A war veteran suffering from PTSD finds solace in the company of a free-spirited environmentalist. Bonding over shared secrets the couple navigate the streets of Venice California in search of happiness. However, their romance takes an unexpected turn.",war veteran suffering ptsd finds solace company free spirited environmentalist bonding shared secrets couple navigate streets venice california search happiness however romance takes unexpected turn
2659. Switch Up,"A man's world gets turned upside down and he finds himself stranded at a homeless shelter, where he meets a young widow. He begins to fall in love and to understand how helping others is the true path to finding happiness.",man world gets turned upside finds stranded homeless shelter meets young widow begins fall love understand helping others true path finding happiness
2660. The Jack in the Box Rises,"When a creepy Jack-in-the-Box is discovered and opened on the grounds of an exclusive girls' school, six brave students soon enter a fight to the finish against the unleashed demon.",creepy jack box discovered opened grounds exclusive girls school six brave students soon enter fight finish unleashed demon
2661. Nyctophobia,Twin sisters Rose and Azalea and their friend Brooks find themselves trapped in a supernatural blackout in which monsters are real. Their only hope for survival comes from the light of their cellphone.,twin sisters rose azalea friend brooks find trapped supernatural blackout monsters real hope survival comes light cellphone
2662. Notice to Quit,"Andy Singer, an out-of-work actor now struggling as a New York City realtor, finds his world crashing down around him when his estranged 10-year-old daughter Anna shows up unannounced on his doorstep in the middle of his eviction.",andy singer work actor struggling new york city realtor finds world crashing around estranged year old daughter anna shows unannounced doorstep middle eviction
2663. Lotus,"Alice von Trotta returns to her late father's manor in Latvia in 1919, intending to sell it. She encounters hostile laborers and gets lured into a trap by lawyer and the underground group, who plan to exploit her talents for manipulation.",alice von trotta returns late father manor latvia intending sell encounters hostile laborers gets lured trap lawyer underground group plan exploit talents manipulation
2664. A Widow Seduced,"A career-driven widow falls for a charming businessman that she meets online, only to discover that her new beau has a deadly secret.",career driven widow falls charming businessman meets online discover new beau deadly secret
2665. So Good! The Neil Diamond Experience,"Broadway, Television and Film star, Robert Neary creates an unforgettable tribute to one of the greatest musical artists in history. This documentary/concert was filmed in front of 10,000 people at the Harry Chapin Lakeside Theatre, In East Meadow NY. Now with half a million fans worldwide and counting, along with 1000's of reviews all over the internet and social media, ""So Good The Neil Diamond Experience"" is selling out venues all over the country and being hailed as ""the most authentic and professional tribute to Neil Diamond, ever""",broadway television film star robert neary creates unforgettable tribute one greatest musical artists history documentary concert filmed front people harry chapin lakeside theatre east meadow ny half million fans worldwide counting along reviews internet social media good neil diamond experience selling venues country hailed authentic professional tribute neil diamond ever
2666. After School,,nan
2667. Ghamasaan,"A cat-and-mouse tale set in the Hindi heartland, where male friendships and rivalries unveil homoerotic tensions. Men on both sides of the law traverse arid lands, creating a sense of place where unexplored histories reside.",cat mouse tale set hindi heartland male friendships rivalries unveil homoerotic tensions men sides law traverse arid lands creating sense place unexplored histories reside
2668. 50 km/h,"After the death of their father, two brothers separated because of a conflicted relationship between the two, meet at his funeral and it is the perfect opportunity for them to face the demons of the past.",death father two brothers separated conflicted relationship two meet funeral perfect opportunity face demons past
2669. Air Fryer Slaughter,An Evil Air Fryer claims victims in this Troma-inspired blood bath.,evil air fryer claims victims troma inspired blood bath
2670. Miracle Mirrors,,nan
2671. Visiting Hours,The wives of two inmates serving time in the same penitentiary develop a surprising kinship.,wives two inmates serving time penitentiary develop surprising kinship
2672. Tees,"Spanning across 90 years, follow a middle-class Muslim family across three generations.",spanning across years follow middle class muslim family across three generations
2673. The Great Warning,"This documentary chronicles the fact finding research of an unprecedented apocalyptic event in our earth. It's explored through the lenses of science, history, and spirituality.",documentary chronicles fact finding research unprecedented apocalyptic event earth explored lenses science history spirituality
"2674. Please, After You",Ali's life in Canada as a newcomer is shaken when his naive cousin Omid arrives unexpectedly from overseas. His arrival sets off a tide of misadventures threatening to cost him his cherished ambitions and driving him to wits end.,ali life canada newcomer shaken naive cousin omid arrives unexpectedly overseas arrival sets tide misadventures threatening cost cherished ambitions driving wits end
2675. Swag,Follows the swaganika bloodline which changes the matriarchal society to patriarchal society.,follows swaganika bloodline changes matriarchal society patriarchal society
2676. Sally!,She spearheaded the 1970s and 80s lesbian feminist movement - making an indelible impact on LGBTQ equality and women's rights. A brilliant and sexy superstar who inspired thousands. So how come you've never heard of Sally Gearhart?,spearheaded lesbian feminist movement making indelible impact lgbtq equality women rights brilliant sexy superstar inspired thousands come never heard sally gearhart
"2677. To Live, to Die, to Live Again","A potential love triangle between Emma, Sammy, and Cyril is shattered by the emergence of the AIDS crisis. Expecting the worst, each character's destiny takes an unexpected path.",potential love triangle emma sammy cyril shattered emergence aids crisis expecting worst character destiny takes unexpected path
2678. Laatste ronde,"When André, Bart and David go to do odd jobs in an old farmhouse, they no longer appear immortal. They alternate leaden seriousness with limp nattering, but that doesn't escape the fact that they are getting older.",andr bart david go odd jobs old farmhouse longer appear immortal alternate leaden seriousness limp nattering escape fact getting older
2679. St. Vierja Academy,"The death of a school friend forces Toño to face the ghosts of his past while at the renowned ""St. Vierja Academy,"" one of Panama's most exclusive Catholic schools for boys during the 1970s.",death school friend forces face ghosts past renowned st vierja academy one panama exclusive catholic schools boys
2680. 1995,A man embarks on a journey to shoot 20 short films around the world for a reality series.,man embarks journey shoot short films around world reality series
2681. Dirty Money,"Two detectives struggling with their own needs, succumb to temptation when handling a large amount of cash.",two detectives struggling needs succumb temptation handling large amount cash
2682. Polvo serán,"After receiving the diagnosis of an incurable brain tumor, Claudia decides to undertake her last trip to Switzerland. There she can decide how and when to end her life thanks to the help of an assisted suicide association.",receiving diagnosis incurable brain tumor claudia decides undertake last trip switzerland decide end life thanks help assisted suicide association
2683. Séance Games: Metaxu,"Social media stars unite to play METAXU, an online séance game, only to find they have unwittingly unleashed the Gates of Hell.",social media stars unite play metaxu online ance game find unwittingly unleashed gates hell
2684. Nova & Alice,Nova and Alice are two contrasting artists who are reluctantly forced to go on a joint tour by their manager. The clash is inevitable - both musically and personally.,nova alice two contrasting artists reluctantly forced go joint tour manager clash inevitable musically personally
2685. Navra Maza Navsacha 2,"Shraddha wants her fiancé to fulfill an unusual vow before marriage. Her parents, Bhakti and Vacky, embark on a pilgrimage to seek divine blessings to make it happen.",shraddha wants fianc fulfill unusual vow marriage parents bhakti vacky embark pilgrimage seek divine blessings make happen
2686. Memories of Love Returned,"In 2002, Ntare Mwine's car broke down in Mbirizi, Uganda, leading him to discover photographer Kibaate Ssalongo's studio. This sparked a 22-year journey documenting Kibaate's work and its impact on the community.",ntare mwine car broke mbirizi uganda leading discover photographer kibaate ssalongo studio sparked year journey documenting kibaate work impact community
2687. Father May I,"Wendy's quest for love leads her through toxic relationships, unwittingly exposing her children to turmoil. Back home, a shocking revelation - her brother Uncle Willie's dark influence over her vulnerable kids.",wendy quest love leads toxic relationships unwittingly exposing children turmoil back home shocking revelation brother uncle willie dark influence vulnerable kids
2688. The Adventures of Jurassic Pet: Return to the Wild,"When a documentary film crew discovers the magical doorway to the land of dinosaurs, they encounter and capture a little dinosaur named Spike.",documentary film crew discovers magical doorway land dinosaurs encounter capture little dinosaur named spike
2689. Black Men Don't Cheat,A young woman's life is turned upside down when her perfect husband is brutally murdered and now she finds herself in grave danger.,young woman life turned upside perfect husband brutally murdered finds grave danger
2690. The Village Next to Paradise,"A newly formed family confronts challenges while pursuing individual goals and facing the intricacies of modern life, relying on love, trust, and resilience to guide them.",newly formed family confronts challenges pursuing individual goals facing intricacies modern life relying love trust resilience guide
2691. Dying Briefly,"Sebastián joins a prestigious dance company and begins a torrid romance with Arsenio, an attractive dancer. New choreographer Mikael's arrival complicates things, sparking a brutal competition.",sebasti n joins prestigious dance company begins torrid romance arsenio attractive dancer new choreographer mikael arrival complicates things sparking brutal competition
2692. Technoboys,"Twenty years after topping charts, Technoboys reunite to reclaim the pop throne but must battle newer groups in a changed music world. The lead singer has hidden motives to return.",twenty years topping charts technoboys reunite reclaim pop throne must battle newer groups changed music world lead singer hidden motives return
2693. Meathook,"Two years after the horrific massacre of her friends by an infamous killer, recluse Jordyn grapples with her past. When a string of similar murders occurs, Jordyn must to face her fears head-on with the help of a true-crime podcaster.",two years horrific massacre friends infamous killer recluse jordyn grapples past string similar murders occurs jordyn must face fears head help true crime podcaster
2694. The Jester from Transylvania,"Michael, picks up an Englishman in the middle of a Transylvanian forest. The ghost of a former jester, places him in some unimaginable situations. Despite being a believer in non-violence, Michael is forced to become a serial killer.",michael picks englishman middle transylvanian forest ghost former jester places unimaginable situations despite believer non violence michael forced become serial killer
2695. Tom Petty: Heartbreakers Beach Party,"Lost 16mm reels documenting Tom Petty and the Heartbreakers' 1982-1983 'Long After Dark' album cycle, including footage originally aired on MTV in 1983.",lost mm reels documenting tom petty heartbreakers long dark album cycle including footage originally aired mtv
2696. A Kidnapping in Amish Country,An Amish woman's daughter is kidnapped. She seeks help from her estranged friend who left the Amish community and found social media stardom.,amish woman daughter kidnapped seeks help estranged friend left amish community found social media stardom
2697. Sorop,"Revolves around siblings Hanif and Isti returning to their hometown after their uncle's death, where they experience supernatural events involving his reappearance.",revolves around siblings hanif isti returning hometown uncle death experience supernatural events involving reappearance
2698. 37 : L'ombre et la proie,"A trucker transporting a woman called Thirty-Seven grows suspicious of her strange behavior, until it's revealed he may not be as blameless as he seems.",trucker transporting woman called thirty seven grows suspicious strange behavior revealed may blameless seems
2699. The School Duel,"When an opportunity for twisted notoriety arises, a tormented 13-year old, Sammy, enlists in a deadly competition.",opportunity twisted notoriety arises tormented year old sammy enlists deadly competition
2700. Silent Bite,"A gang of bank robbers take shelter in a motel after a Christmas Eve bank heist, unbeknownst to them they are not the most dangerous thing seeking refuge on this cold Christmas night.",gang bank robbers take shelter motel christmas eve bank heist unbeknownst dangerous thing seeking refuge cold christmas night
2701. Man in the Fields,"Introverted David uncovers ancient ritual. His attempt with friends goes awry, cursing them, unleashing ancient evil.",introverted david uncovers ancient ritual attempt friends goes awry cursing unleashing ancient evil
2702. Where the Robots Grow,"On a faraway planet called Oracle, farming robots from a dying Earth discover a pod containing the last human baby, redefining their purpose to nurture new life.",faraway planet called oracle farming robots dying earth discover pod containing last human baby redefining purpose nurture new life
2703. Rockbottom,A mention of 1980's hair metal band Cougarsnake by Gen Z music star Bryce Cooper creates a frenzy to reunite the group as opening act for Cooper's upcoming charity concert. Teenager's Alex and Kat join forces to get the band back together.,mention hair metal band cougarsnake gen z music star bryce cooper creates frenzy reunite group opening act cooper upcoming charity concert teenager alex kat join forces get band back together
2704. King Baby,"A warped modern fairytale plays out in a crumbling 'kingdom' populated only by a King and a Servant. The arrival of a mannequin Queen throws their carefully constructed world into isolation, madness, and murderous megalomania.",warped modern fairytale plays crumbling kingdom populated king servant arrival mannequin queen throws carefully constructed world isolation madness murderous megalomania
2705. Blindgänger,,nan
2706. My Brother's Wife 2023,"While Teresa's husband is overseas on a long business trip, his brother-an army veteran suffering with PTSD-shows up for a surprise visit. Angry at her husband's travel and anxious to have a child, Teresa seduces her brother-in-law.",teresa husband overseas long business trip brother army veteran suffering ptsd shows surprise visit angry husband travel anxious child teresa seduces brother law
2707. Paranoya,,nan
2708. Oz,"Dorothy faces a twisted Wizard and inner demons in a surreal world, racing to protect her humanity before it's too late.",dorothy faces twisted wizard inner demons surreal world racing protect humanity late
2709. Hüddam 4: Ahmer,The terrible events experienced by a couple who could not have children despite their long-term desire.,terrible events experienced couple could children despite long term desire
2710. RSVP,An aspiring author is forced to rely on her street smarts and martial arts skills to escape a deadly dinner party after discovering the host has vengeful motives.,aspiring author forced rely street smarts martial arts skills escape deadly dinner party discovering host vengeful motives
2711. Fureru,"Three friends from an island move to Tokyo and share an apartment. When mysterious beings grant them telepathic powers, their friendship evolves as they discover the true nature of their newfound abilities.",three friends island move tokyo share apartment mysterious beings grant telepathic powers friendship evolves discover true nature newfound abilities
2712. Ghosted,An African American playboy and his wing man are abducted after a blind date gone wrong.,african american playboy wing man abducted blind date gone wrong
2713. Brandy Hellville & the Cult of Fast Fashion,The Instagram-perfect image of Brandy Melville hides a toxic culture endemic to fast fashion.,instagram perfect image brandy melville hides toxic culture endemic fast fashion
2714. Divorce,"Two decades after taking separate paths in life, a former couple is working together to obtain an official Catholic church declaration of invalidity of their brief marriage.",two decades taking separate paths life former couple working together obtain official catholic church declaration invalidity brief marriage
2715. Rafadan Tayfa: Kapadokya,,nan
2716. Not Just a Goof,"A documentary exploring the untold story of A Goofy Movie (1995). It follows a young creative team tackling their first Disney feature, its initial disappointment, and its surprising resurgence decades later.",documentary exploring untold story goofy movie follows young creative team tackling first disney feature initial disappointment surprising resurgence decades later
2717. American Werewolf,"Sheriff Sam Anderson, determined to capture a savage killer in the tranquil town of Pinegrove, discovers a shocking truth - the vicious werewolf he hunts may be closer than he ever imagined.",sheriff sam anderson determined capture savage killer tranquil town pinegrove discovers shocking truth vicious werewolf hunts may closer ever imagined
2718. Black Owner and Horny College Girls,College girls fall in love with the charm of a black man. He it's so good. Let me eat it one more time.,college girls fall love charm black man good let eat one time
2719. The Day Everything Changed,"Mario, used to be a man who had planned a happy future with his wife; until one night, a robbery ends up taking her life. From that moment on, his only objective is now to avenge on those who took away his happiness.",mario used man planned happy future wife one night robbery ends taking life moment objective avenge took away happiness
2720. Rock,"Faced with his past, Rock must try to break free from the expectations the streets have for him in order to begin a new life with the woman he loves.",faced past rock must try break free expectations streets order begin new life woman loves
2721. Heaven is Beneath Mother's Feet,"Adil, mentally 8-year-old, lives with elderly mother Raikhan. Believing pilgrimage to Mecca on foot ensures Raikhan's heaven entry, Adil travels across Kazakh steppe facing obstacles. Mother-son journey's hardships depicted.",adil mentally year old lives elderly mother raikhan believing pilgrimage mecca foot ensures raikhan heaven entry adil travels across kazakh steppe facing obstacles mother son journey hardships depicted
2722. Guardian Angel,Police Officer Devan was a very truthful man but a certain sequence of events changes his entire character and his quest of vengeance affects relationships and life.,police officer devan truthful man certain sequence events changes entire character quest vengeance affects relationships life
2723. The Wolves Always Come at Night,"A young Mongolian couple's lives are uprooted when climate change forces them to leave their rural home for the city, where they must adapt to an unfamiliar way of life.",young mongolian couple lives uprooted climate change forces leave rural home city must adapt unfamiliar way life
2724. Sugar Mami,"Giovanni and his wife, Vanessa are the perfect couple. That is until one day when Giovanni meets a beautiful woman named Mia who starts obsessing over him, and things slowly take a turn for the worse.",giovanni wife vanessa perfect couple one day giovanni meets beautiful woman named mia starts obsessing things slowly take turn worse
2725. Bonus Trip,"Two FBI agents defy orders while investigating a case. They team up with a translator to rescue her father and expose a global conspiracy. Along the way, they face humorous situations, unexpected twists, and life-threatening dangers.",two fbi agents defy orders investigating case team translator rescue father expose global conspiracy along way face humorous situations unexpected twists life threatening dangers
2726. The Greatest Love Story Never Told,Go behind the scenes with Jennifer Lopez as she independently produces a new album that explores her 20-year journey to self-love.,go behind scenes jennifer lopez independently produces new album explores year journey self love
2727. Fight Like a Girl,"A young Congolese woman forced to work in an illegal mineral mine, escapes her captors and finds a new life for herself as a professional boxer. Based on true events.",young congolese woman forced work illegal mineral mine escapes captors finds new life professional boxer based true events
2728. A Hundred Lies,"Following the journey of Ricky, a 25 year-old musician from Toronto, while he navigates the volatile terrain, and overcomes personal adversity.",following journey ricky year old musician toronto navigates volatile terrain overcomes personal adversity
2729. Drop Dead City,"In 1975, New York City is minutes away from bankruptcy when an unlikely alliance of rookies, rivals, fixers and flexers finds common ground, and a way out.",new york city minutes away bankruptcy unlikely alliance rookies rivals fixers flexers finds common ground way
2730. 2nd Miracle in Cell No. 7,"Two years have passed, and Kartika lives with Hendro and Linda. However, when Hendro agrees to adopt Kartika, the Social Service prevents it. The inmates in cell No. 7 and Hendro decide to fight for justice in their own way.",two years passed kartika lives hendro linda however hendro agrees adopt kartika social service prevents inmates cell hendro decide fight justice way
2731. Hayatla Baris,Biography of Baris Telli about his accident at a young age to being a professional in many sports.,biography baris telli accident young age professional many sports
2732. Dosen Ghaib: It's Nighttime or You Already Know,Four students had to take a short semester while other students were on holiday. At first these students were not suspicious during class.,four students take short semester students holiday first students suspicious class
"2733. From Christmas, with Love","After a breakup leaves her alone on a Christmas cabin trip, Paige finds mysterious vintage love letters during her solo adventures. She teams up with Daniel, the charming local guide, to uncover the letters' romantic mystery.",breakup leaves alone christmas cabin trip paige finds mysterious vintage love letters solo adventures teams daniel charming local guide uncover letters romantic mystery
2734. Who's Watching Us,"When Ruth is hired to babysit for the Harris family, her and the kids find out that someone else is watching them closely. Ruth and Jasmine has to fight to protect themselves and her little brother Micah.",ruth hired babysit harris family kids find someone else watching closely ruth jasmine fight protect little brother micah
2735. Kontra,"Fanny has just moved from the suburbs to a new school in northern Copenhagen. She finds it difficult to adjust to the new environment, and a group of girls in her class seem to dominate the entire school. Fanny befriends the former leader of the group, Lilja, to form an alliance and do whatever it takes to become popular, have the same opportunities and get into the right circles. But the power struggle has a price, and what is the point of being popular if you don't even have a friend you can trust?",fanny moved suburbs new school northern copenhagen finds difficult adjust new environment group girls class seem dominate entire school fanny befriends former leader group lilja form alliance whatever takes become popular opportunities get right circles power struggle price point popular even friend trust
2736. Hidden Lies,"After his release from prison, Malcolm vows to leave his criminal past behind, but a series of events pulls him back into the game, unveiling a trail of dark secrets.",release prison malcolm vows leave criminal past behind series events pulls back game unveiling trail dark secrets
2737. Surveilled,"Uncovers the insidious ways in which our daily lives are being surveilled by the state. In a gripping chase, Ronan Farrow travels across the world following breadcrumbs and finally exposing a dark world.",uncovers insidious ways daily lives surveilled state gripping chase ronan farrow travels across world following breadcrumbs finally exposing dark world
2738. Espantaho,"The story of Monet and her mother Rosa, who are mourning over the death of the family patriarch Pabling. During the nine days of pasiyam, dark secrets and a malevolent plot start to unravel.",story monet mother rosa mourning death family patriarch pabling nine days pasiyam dark secrets malevolent plot start unravel
2739. Devastated,"In parallel narratives, an Indian policeman opens up about his job executing Muslim men, while Lord Krishna and Prince Arjuna perform a dialogue from the Bhagavad Gita, exploring the moral obligations of warriors.",parallel narratives indian policeman opens job executing muslim men lord krishna prince arjuna perform dialogue bhagavad gita exploring moral obligations warriors
2740. The Stepdaughter 2,"After surviving a violent showdown, a conniving teen breaks out of a hospital determined to wreak havoc on her father's new wife and family.",surviving violent showdown conniving teen breaks hospital determined wreak havoc father new wife family
2741. Year One,"A series of events during Ruby's freshman year of college send her on a downward spiral, culminated by the arrival of a glamorous alter ego who begins to live a life of her own.",series events ruby freshman year college send downward spiral culminated arrival glamorous alter ego begins live life
2742. Stepmom from Hell,"Izzy's father's health fails. She suspects her stepmother and stepsister want his wealth. She uncovers embezzlement, corruption in the family business. Someone is willing to kill to protect secrets, putting Izzy's life at risk.",izzy father health fails suspects stepmother stepsister want wealth uncovers embezzlement corruption family business someone willing kill protect secrets putting izzy life risk
2743. Saindhav,"The protagonist, with a past, has to cross paths with the underworld if he has to save his daughter from a health crisis and time is running out.",protagonist past cross paths underworld save daughter health crisis time running
2744. Barbie & Kendra Crash Joe Bob's Drive-In Jamboree,"Barbie and Kendra race to save Joe Bob Briggs' drive-in from a land baron's plans for a golf course while professing their love for Joe Bob and his sidekick, hoping to catch a terrible movie in the process.",barbie kendra race save joe bob briggs drive land baron plans golf course professing love joe bob sidekick hoping catch terrible movie process
2745. Pride Vs. Prejudice: The Delwin Vriend Story,"Delwin Vriend never wanted to be a human rights activist. In challenging his firing for being gay, he set in motion a chain of events that impacted the lives of LGBTQ+ people - not just in Alberta and in Canada, but around the globe.",delwin vriend never wanted human rights activist challenging firing gay set motion chain events impacted lives lgbtq people alberta canada around globe
2746. The Devil's Trap,A big city hospital is terrorized by a demonic presence.,big city hospital terrorized demonic presence
2747. Blue Lights,"Alejandro's 70th birthday unveils tensions and secrets within his gay/lesbian friend circle. Relationships evolve as truths about love, loss, and societal shifts emerge, exploring complexities that bind people together.",alejandro th birthday unveils tensions secrets within gay lesbian friend circle relationships evolve truths love loss societal shifts emerge exploring complexities bind people together
2748. Vincent,"An unparalleled, dark comedy that follows reclusive writer, Vincent Tremblay, who suddenly becomes the target of a mysterious and sinister force.",unparalleled dark comedy follows reclusive writer vincent tremblay suddenly becomes target mysterious sinister force
2749. Gladiators,"When a once great gladiator's betrothed is murdered, he vows to hunt down the killer. But when he discovers the murderer is no stranger, the gladiator must enter the Colosseum once more to avenge his bride.",great gladiator betrothed murdered vows hunt killer discovers murderer stranger gladiator must enter colosseum avenge bride
2750. The Ghost,"Amid the barren landscape of post-famine Ireland, a father and daughter struggle to survive the brutal winter as caretakers of a remote mansion, only to be driven to the edge of sanity by the horrors lurking within.",amid barren landscape post famine ireland father daughter struggle survive brutal winter caretakers remote mansion driven edge sanity horrors lurking within
2751. Tell No Lies,"When his girlfriend goes missing, a desperate man turns to law enforcement for help, only to discover his innocence is being questioned by everyone.",girlfriend goes missing desperate man turns law enforcement help discover innocence questioned everyone
2752. Wanderer,"An overworked accountant struggles to balance his work and home life. While on a weekend getaway with his wife, he wanders away from camp and becomes lost in the woods. His journey begins as he struggles to survive - hoping to be found.",overworked accountant struggles balance work home life weekend getaway wife wanders away camp becomes lost woods journey begins struggles survive hoping found
2753. Adios Amigo,"At a bustling bus stand, two men from contrasting social strata cross paths. One basks in affluence, the other grapples with life's challenges. Together, they embark on a journey laced with humor and unexpected adventures.",bustling bus stand two men contrasting social strata cross paths one basks affluence grapples life challenges together embark journey laced humor unexpected adventures
2754. The Desiring,"Haunted by his father's fanatical spirituality, a man's life is thrown into disarray when he discovers he is attracted to his wife's infidelity.",haunted father fanatical spirituality man life thrown disarray discovers attracted wife infidelity
2755. Wild Wild Space,"Focus on the intense rivalry between two visionaries and founders of contesting rocket companies, Chris Kemp and Peter Beck.",focus intense rivalry two visionaries founders contesting rocket companies chris kemp peter beck
2756. House on Haunted Hill,"On October 31st, 1978, the WXIP-TV Channel 6 Team investigated the infamous ""Hill House"" on Live Television, with dire results. The broadcast was banned and never seen again, until now.",october st wxip tv channel team investigated infamous hill house live television dire results broadcast banned never seen
2757. Here to Climb,"Professional climber Sasha DiGiulian rising from child prodigy to a champion sport climber, as she ultimately makes her mark by taking her talents to the biggest walls on the planet with a series of bold, first female ascents.",professional climber sasha digiulian rising child prodigy champion sport climber ultimately makes mark taking talents biggest walls planet series bold first female ascents
2758. #AAY,"When a man comes home between covid lockdowns, he connects with old friends and falls for a woman who feels influenced by her caste, while finding love.",man comes home covid lockdowns connects old friends falls woman feels influenced caste finding love
2759. Fly Old Bird: Escape to the Ark,"Two elderly buddies, one with dementia and the other with heart issues, go on a road trip to the Ark Encounter. They face hurdles, exchange identities, strengthen their friendship while reaching their goal.",two elderly buddies one dementia heart issues go road trip ark encounter face hurdles exchange identities strengthen friendship reaching goal
2760. Princess Halle and the Jester,"Goblins attack, capture king. Princess escapes with jester to his village, disguises as peasant. Stepmother usurps throne, issues reward for princess. Princess plans with friends to rescue father, restore peace.",goblins attack capture king princess escapes jester village disguises peasant stepmother usurps throne issues reward princess princess plans friends rescue father restore peace
2761. Férias Trocadas,,nan
2762. Holy Rosita,"Rosita is a cheerful woman with an eager desire to have children. Those around her think it is irresponsible because she can barely take care of herself. When Rosita does become pregnant, she decides to keep it a secret.",rosita cheerful woman eager desire children around think irresponsible barely take care rosita become pregnant decides keep secret
2763. Oflu Hoca 4,,nan
2764. The Bad Nun 3,The nun has returned and set her sights on a girl alone in the mountains.,nun returned set sights girl alone mountains
2765. Sayen: The Huntress,"Sayen joins a clandestine resistance group with a plan involving Valerie, who will provide needed information in exchange for her freedom. The rescue operation pushes Sayen to extremes limits, leading to a final confrontation.",sayen joins clandestine resistance group plan involving valerie provide needed information exchange freedom rescue operation pushes sayen extremes limits leading final confrontation
2766. Dreaming of Lions,"A Brazilian woman with terminal cancer in Lisbon seeks to die with dignity and becomes involved with a clandestine organization that teaches euthanasia, but discovers a deceptive scheme and embarks on a journey to expose the company.",brazilian woman terminal cancer lisbon seeks die dignity becomes involved clandestine organization teaches euthanasia discovers deceptive scheme embarks journey expose company
2767. The Rebellious,"In spring 2020 during COVID lockdown, Félix, manager of a Parisian hotel, secretly hosts guests for trysts in the rooms despite restrictions.",spring covid lockdown f lix manager parisian hotel secretly hosts guests trysts rooms despite restrictions
2768. Kaaduvetty,Follows a romance between two people who face challenges due to their caste differences.,follows romance two people face challenges due caste differences
2769. Mike Epps: Ready to Sell Out,"Mike Epps reflects on his career success and personal struggles, touching on financial issues, relationships, and his signature comedic takes on life in the streets.",mike epps reflects career success personal struggles touching financial issues relationships signature comedic takes life streets
2770. My Boo,Very Thai and very romantic story about love between a boy and a ghost girl.,thai romantic story love boy ghost girl
2771. What We Wanted to Be,"A man and woman meet outside a movie theater, create a fantasy world in a café as a novelist and astronaut, meet every Thursday, fall in love, and must navigate reality",man woman meet outside movie theater create fantasy world caf novelist astronaut meet every thursday fall love must navigate reality
2772. The Pool,"THE POOL is a stunning cinematic experience with a soundtrack that harks back to the 1960s. It speaks to the enduring power of community and our collective longing to find it, whoever we are and wherever we come from.",pool stunning cinematic experience soundtrack harks back speaks enduring power community collective longing find whoever wherever come
2773. El-Iskandarani,"In the heart of Alexandria, where Bakr Al-Iskandarani goes through many conflicts with his father, his cousin, and his lover. He travel abroad in search of a new life. when he returns after realizing himself, the conflicts return again.",heart alexandria bakr al iskandarani goes many conflicts father cousin lover travel abroad search new life returns realizing conflicts return
2774. Land of Happiness,"In 1979 South Korea, a lawyer defends a secretary involved in the president's assassination, battling against predetermined military justice to ensure a fair trial amidst the nation's turmoil.",south korea lawyer defends secretary involved president assassination battling predetermined military justice ensure fair trial amidst nation turmoil
2775. Sci-Fi Vixens from Beyond,"A curious alien researcher arrives on Earth to study human behavior, becoming fascinated by the attractive space warriors and cosmic adventurers who protect our planet from otherworldly threats.",curious alien researcher arrives earth study human behavior becoming fascinated attractive space warriors cosmic adventurers protect planet otherworldly threats
2776. The Contract,A married couple enters into a contract to have a threesome and realizes what is most important to their marrage.,married couple enters contract threesome realizes important marrage
2777. Kondal,"Trouble in his village forces Manuel to begin working on a fishing boat. But when tragedy divides the crew, violence erupts on the high seas.",trouble village forces manuel begin working fishing boat tragedy divides crew violence erupts high seas
2778. Grotesque 2,"Mildred Moyer is at it again, unleashing her unique brand of vengeance on a corrupt religious organization that took advantage of her and others.",mildred moyer unleashing unique brand vengeance corrupt religious organization took advantage others
2779. Ae Watan Mere Watan,"In the midst of India's struggle for freedom in 1942, a brave young girl starts an underground radio station to spread the message of unity, setting off a thrilling chase with the British authorities during the Quit India movement.",midst india struggle freedom brave young girl starts underground radio station spread message unity setting thrilling chase british authorities quit india movement
2780. 13th Summer,"During their annual vacation at an isolated beach, Ben and Vee unexpectedly encounter a mysterious backpacker who draws them into a twisted web of lies, deceit and ultimately, revenge.",annual vacation isolated beach ben vee unexpectedly encounter mysterious backpacker draws twisted web lies deceit ultimately revenge
2781. Jenni,"Biopic based on the iconic Mexican-American singer-songwriter, actor, producer and women's rights activist, Jenni Rivera.",biopic based iconic mexican american singer songwriter actor producer women rights activist jenni rivera
2782. The Epic of Gilgamesh,"Gilgamesh, king of Uruk, abuses power prompting gods to create Enkidu to subdue him. They befriend, kill Humbaba, fight Bull of Heaven. Enkidu dies, Gilgamesh seeks Utnapishim for immortality.",gilgamesh king uruk abuses power prompting gods create enkidu subdue befriend kill humbaba fight bull heaven enkidu dies gilgamesh seeks utnapishim immortality
2783. Dieci minuti,Ten minutes a day can change the course of your day. Ten minutes doing something completely new can change the course of a life. This is what Bianca will discover in the midst of an existential crisis.,ten minutes day change course day ten minutes something completely new change course life bianca discover midst existential crisis
2784. The Naboo Movie: A Live Staged Reading of Star Wars: The Phantom Menace,"Two Jedi knights become caught up in a galactic dispute while protecting a queen. They encounter a gifted boy, compete in a high-stakes podrace, and battle an army of droids.",two jedi knights become caught galactic dispute protecting queen encounter gifted boy compete high stakes podrace battle army droids
2785. XXX Premis Butaca,,nan
2786. Tegendraads,"East of the Netherlands, 1960. Economy is booming, and the local textile-factories import workers from Italy. The integration of these Italians in the local community is not without difficulties. That's what 'Tegendraads' is about. Of course its plot also provides some love stories, some successful Italians, and a local girl breaking out to become a fashion-designer.",east netherlands economy booming local textile factories import workers italy integration italians local community without difficulties tegendraads course plot also provides love stories successful italians local girl breaking become fashion designer
2787. Cadi,"The tense events unfold as the young widow Fikriye, forcibly married to Nasit Nefi Efendi during the final days of the Ottoman Empire attempts to unravel the mystery behind the witch rumors surrounding the mansion where she lives.",tense events unfold young widow fikriye forcibly married nasit nefi efendi final days ottoman empire attempts unravel mystery behind witch rumors surrounding mansion lives
2788. Sinful Paradise: Welcome to Paradise,"A group of hardworking ladies try to keep things running smoothly at Paradise, one of the hottest, women-owned gentlemen's clubs in Atlanta.",group hardworking ladies try keep things running smoothly paradise one hottest women owned gentlemen clubs atlanta
2789. Tenants,"After waking up in an unfamiliar apartment complex, a woman desperately searches for her sister while being hunted by a shadowy figure. As she makes her way through the building, unspeakable horrors befall the tenants she interacts with.",waking unfamiliar apartment complex woman desperately searches sister hunted shadowy figure makes way building unspeakable horrors befall tenants interacts
2790. Kaagaz 2,The Struggles of a common man whose right to life is infringed upon by protests and rallies,struggles common man whose right life infringed upon protests rallies
2791. Tezgah,"A writer, an actress, a musician, and a kitchen counter collide in a bloody night where art, deceit, and betrayal stain an old mother's rug. This tale of a ""loveless"" era that.",writer actress musician kitchen counter collide bloody night art deceit betrayal stain old mother rug tale loveless era
2792. The Women in the Lakes,Police investigate the death of a 100 year old man at a nursing home. Several women are concerned in the incident. A journalist also investigates. One of the investigators has a illicit relationship with one of the suspects.,police investigate death year old man nursing home several women concerned incident journalist also investigates one investigators illicit relationship one suspects
2793. Stupid Games,A girl's discreet attempt to assess her one night stand and his friends takes a deadly turn when she and her roommates host a dinner party where they unknowingly unleash a malevolent force.,girl discreet attempt assess one night stand friends takes deadly turn roommates host dinner party unknowingly unleash malevolent force
2794. Trap City,"A rapper caught in the drug trade becomes an overnight sensation with a viral hit song. Facing prison, he must choose between his rising fame and testifying against a dangerous criminal.",rapper caught drug trade becomes overnight sensation viral hit song facing prison must choose rising fame testifying dangerous criminal
2795. Brewster's Millions: Christmas,"Follows Morgan Brewster's quest to inherit her uncle's fortune before Christmas. Amid holiday chaos, she discovers love, faith, and family's importance through giving.",follows morgan brewster quest inherit uncle fortune christmas amid holiday chaos discovers love faith family importance giving
2796. Mechanic Rocky,A mechanic uncovers a sinister plot during a feud with local gangsters over ownership of his father's garage in this twisty Telugu-language action drama.,mechanic uncovers sinister plot feud local gangsters ownership father garage twisty telugu language action drama
2797. Its Name Was Mormo,"A young family's life unravels into chaos as a sinister presence targets each member in its own malicious manner. Through the lens of police evidence, Mark, Diana, and Mia endure the torment of a demon deeply rooted in Greek mythology.",young family life unravels chaos sinister presence targets member malicious manner lens police evidence mark diana mia endure torment demon deeply rooted greek mythology
2798. Just a Farmer,"A newly widowed mother is left with the care of an alcoholic father-in-law and a failing farm. She is forced to forge a new path for her family, all while struggling to pick up the pieces of her life.",newly widowed mother left care alcoholic father law failing farm forced forge new path family struggling pick pieces life
2799. Memorabilia,An old gay man tries to remember all his past lovers.,old gay man tries remember past lovers
2800. Dikkie Dik 2: Een nieuwe vriend voor Dikkie Dik,"On a winter's day, Dikkie Dik and Poes Muis discover something new: snow! But there is also a new neighbour; a big, noisy dog called Blaf. Brr, the cats don't like that!",winter day dikkie dik poes muis discover something new snow also new neighbour big noisy dog called blaf brr cats like
2801. Thaghut,"Ainun found out that her biological father, Abah Mulya, was actually a spiritual teacher who taught heresy and distanced himself from the Qibla. Can Ainun guide them to the right path again?",ainun found biological father abah mulya actually spiritual teacher taught heresy distanced qibla ainun guide right path
2802. Married,"Two strangers meet through a ride-sharing app and find themselves sharing more than what's expected. Both having problems with their respective marital lives, they find comfort in each other's company.",two strangers meet ride sharing app find sharing expected problems respective marital lives find comfort company
2803. Garbo: Where Did You Go?,"An urgent, timely and compelling portrait of Hollywood icon Greta Garbo, whose fame, isolation and loneliness still captures us.",urgent timely compelling portrait hollywood icon greta garbo whose fame isolation loneliness still captures us
2804. A European Christmas,"When Christmas movie director Ivy has another 'heartless' flop, she seeks the star of her debut hit in snowy Serbia. Despite refusing to return, he shows her the wonder of Serbian Christmas.",christmas movie director ivy another heartless flop seeks star debut hit snowy serbia despite refusing return shows wonder serbian christmas
2805. The Time of Fever,"Childhood friends Ho Tae and Dong Hee reunite after years. Dong Hee harbors feelings for Ho Tae, who experiences new emotions toward her but dates girls. An incident strains their relationship dynamics.",childhood friends ho tae dong hee reunite years dong hee harbors feelings ho tae experiences new emotions toward dates girls incident strains relationship dynamics
2806. Firecracker,"When a heist goes dramatically wrong, leaving a hostage in peril, an unlikely trio find themselves fighting for their lives and their sanity on bonfire night.",heist goes dramatically wrong leaving hostage peril unlikely trio find fighting lives sanity bonfire night
2807. Dog,"When Jesus, his faithful companion, goes missing, Virendra - a reclusive ex-convict, suffering from PTSD - pushes away the only person that truly cares about him and searches the frozen landscape for answers.",jesus faithful companion goes missing virendra reclusive ex convict suffering ptsd pushes away person truly cares searches frozen landscape answers
2808. Christmas Overtime,An unemployed actress tries to run away from Christmas but is offered a commercial by a lonely ad executive if she can convince his Christmas-obsessed staff to finish an ad campaign on Christmas Eve.,unemployed actress tries run away christmas offered commercial lonely ad executive convince christmas obsessed staff finish ad campaign christmas eve
2809. Dilan 1983,"In 1983, Dilan reunites with his elementary school friends after a year and a half away and tries to impress a transfer student.",dilan reunites elementary school friends year half away tries impress transfer student
2810. Poison Sangga: The Homewrecker's Curse,"The life of a married couple, Maya and Andi, who both begin to be disturbed by a series of mysterious oddities.",life married couple maya andi begin disturbed series mysterious oddities
2811. Fear Cabin: The Last Weekend of Summer,Six friends' end-of-summer cabin party turns deadly when they discover they're not alone in the woods. Their weekend of drinking and fun becomes a fight for survival with an unwanted visitor.,six friends end summer cabin party turns deadly discover alone woods weekend drinking fun becomes fight survival unwanted visitor
2812. Jimmy Carr: Natural Born Killer,"An iconic comedian tackles controversial issues such as gun control, religion, cancellation culture and consent through provocative humor.",iconic comedian tackles controversial issues gun control religion cancellation culture consent provocative humor
2813. Arena Wars,"In 2045 convicted criminals are given the opportunity to compete on the world's #1 televised sporting event, Arena Wars. They must survive 7 rooms and 7 of the most vicious killers in the country. If they win, they regain their freedom.",convicted criminals given opportunity compete world televised sporting event arena wars must survive rooms vicious killers country win regain freedom
2814. Hannas 2,"Ali asks his colleague Semra for help to find a place where he and Jale can stay for a few days. Semra says that she has relatives in Izmit, that she lives alone in a big house, and that they can stay there as long as they want.",ali asks colleague semra help find place jale stay days semra says relatives izmit lives alone big house stay long want
2815. Una película barata,"Fede is depressed and firmly convinced he has no interest in social life. He meets Iván, and old acquaintance from his childhood who is also kind of blue, and he insists they should provide each other company because even though their lives may seem unremarkable, they can still anticipate plenty of unexpected plot twists in the future.",fede depressed firmly convinced interest social life meets iv n old acquaintance childhood also kind blue insists provide company even though lives may seem unremarkable still anticipate plenty unexpected plot twists future
2816. Guardian,A guardian ghost saving a girl from all the dangers surrounding her.,guardian ghost saving girl dangers surrounding
2817. Crisis Negotiators,Senior Negotiator Cheuk Man Wai accidentally becomes the number one suspect in a murder case. He is forced to occupy the police station and take the police hostage. He also appoints former negotiator Tse Ka Chun to talk to him.,senior negotiator cheuk man wai accidentally becomes number one suspect murder case forced occupy police station take police hostage also appoints former negotiator tse ka chun talk
2818. Oppa,"Depicts a teacher ensnared in an online romance scam, revealing Malaysia's cybercrime Challenges. Royal Police's pursuit adds suspense.",depicts teacher ensnared online romance scam revealing malaysia cybercrime challenges royal police pursuit adds suspense
2819. Hendrie,"This documentary charts the career of Phil Hendrie, a radio genius whose satirical brilliance reshaped comedy, as told by the very legends he inspired and narrated by Hendrie himself, revealing the man behind the microphone and the impact.",documentary charts career phil hendrie radio genius whose satirical brilliance reshaped comedy told legends inspired narrated hendrie revealing man behind microphone impact
2820. Ben and Suzanne: A Reunion in 4 Parts,The romantic reunion of Ben Santhanaraj and Suzanne Hopper is thwarted when Suzanne's boss asks her to work during their holiday road trip.,romantic reunion ben santhanaraj suzanne hopper thwarted suzanne boss asks work holiday road trip
2821. Ghudchadi,A middle-class father-son duo from Delhi in which a son-loving father doesn't want his son to get married with the love of his life and a father-loving son doesn't want his 60-year-old father to get married.,middle class father son duo delhi son loving father want son get married love life father loving son want year old father get married
2822. Purgatory Station,"When a crooked lawyer wakes up in a large, pitch-dark container, he learns he has eight hours to scuttle a corporate land grab or see everyone he loves die horribly. .",crooked lawyer wakes large pitch dark container learns eight hours scuttle corporate land grab see everyone loves die horribly
2823. Russian Consul,"Year 1973, turmoil between Kosovo Serbs and Albanians in Autonomous province of Kosovo. A story that describes the beginning of the crisis in Kosovo.",year turmoil kosovo serbs albanians autonomous province kosovo story describes beginning crisis kosovo
2824. Les Survivantes,"Eight survivors recount their harrowing experiences within a widespread pedophile network, exposing the system that enabled such horrific abuse and asking how long it will persist.",eight survivors recount harrowing experiences within widespread pedophile network exposing system enabled horrific abuse asking long persist
2825. Holy Cash,"Follows con artists Pablo and Guero as they exploit an ex-convict preacher, ""Willy Dollars,"" to create a successful religious show. However, their scheme draws the attention of a mafia boss, Chato, who demands Pablo cure his ill daughter.",follows con artists pablo guero exploit ex convict preacher willy dollars create successful religious show however scheme draws attention mafia boss chato demands pablo cure ill daughter
2826. L'heureuse élue,Man in debt convinces driver Fiona to pose as his model fiancée to fool his wealthy family in Morocco and secure money. They spend a weekend pretending to be engaged during a family gathering.,man debt convinces driver fiona pose model fianc e fool wealthy family morocco secure money spend weekend pretending engaged family gathering
2827. Game On,"When a hyper dimensional crack arises between our reality and the game world, the best gaming players in the Netherlands must enter the game world to save their country.",hyper dimensional crack arises reality game world best gaming players netherlands must enter game world save country
2828. Silvio,"During a kidnapping, television personality Silvio Santos must fight to protect his family and his legacy while facing one of the most challenging moments of his life.",kidnapping television personality silvio santos must fight protect family legacy facing one challenging moments life
2829. Antidote,"Whistleblowers and activists risk their lives exposing Vladimir Putin's authoritarian regime, facing grave consequences for their courageous efforts to uncover the truth.",whistleblowers activists risk lives exposing vladimir putin authoritarian regime facing grave consequences courageous efforts uncover truth
2830. Så länge hjärtat slår,A care assistant working at a Swedish nursing home at the start of the COVID-19 pandemic must decide whether to go to the media about the negligence and disregard for the residents' safety that she has witnessed.,care assistant working swedish nursing home start covid pandemic must decide whether go media negligence disregard residents safety witnessed
2831. Angel with a Gun,,nan
2832. Mysteries of the Terracotta Warriors,"Fifty years after the Terracotta Warriors' discovery, this documentary unearths new secrets from China's first emperor's mausoleum and its 8,000 pottery soldier guards.",fifty years terracotta warriors discovery documentary unearths new secrets china first emperor mausoleum pottery soldier guards
2833. Unfruitful Times,"After a tragic miscarriage, Nimet -a middle aged woman- gets stuck in the conservative society in Istanbul while her beloved younger sister Öznur carries a burden of her own in the family, trying to struggle her own demons.",tragic miscarriage nimet middle aged woman gets stuck conservative society istanbul beloved younger sister znur carries burden family trying struggle demons
2834. Reptilians,"The story explores the conspiracy theory of reptilian beings secretly controlling humanity, delving into its origins, cultural impact and the psychology behind such beliefs regarding extraterrestrial enigmas.",story explores conspiracy theory reptilian beings secretly controlling humanity delving origins cultural impact psychology behind beliefs regarding extraterrestrial enigmas
2835. Christmas Carole,"Focuses around Carole, the mayor of a small town, who assists the community's residents with the celebrations as her devoted husband Alain plans the Christmas Eve celebrations at home.",focuses around carole mayor small town assists community residents celebrations devoted husband alain plans christmas eve celebrations home
2836. Pins & Needles,"An uneventful ride to campus becomes a nightmare as MAX, a diabetic, biology student, is entrapped in a diabolical wellness experiment. With her insulin supply dwindling, Max is forced into a deadly game of cat and mouse to save her life.",uneventful ride campus becomes nightmare max diabetic biology student entrapped diabolical wellness experiment insulin supply dwindling max forced deadly game cat mouse save life
2837. The Formula for Water,"Dana goes in search of her father, a scientist who has invented a machine that can solve an important problem - the lack of drinking water. A real traveling circus will help her in her search.",dana goes search father scientist invented machine solve important problem lack drinking water real traveling circus help search
2838. Martingale,A crafty casino security officer is swallowed up by the seedy underworld of her small town as she searches for the man who allegedly raped and killed her teenage daughter.,crafty casino security officer swallowed seedy underworld small town searches man allegedly raped killed teenage daughter
2839. Windcatcher,A ten-year-old Aboriginal boy and his friends try to defeat bullies at a school carnival and become heroes.,ten year old aboriginal boy friends try defeat bullies school carnival become heroes
2840. The Yin Yang Master Zero,"During the Heian period, Seimei Abe trains in magic but lacks interest, until a collaboration with Hiromasa Minamoto arises to solve a strange phenomenon.",heian period seimei abe trains magic lacks interest collaboration hiromasa minamoto arises solve strange phenomenon
2841. Bonnie and Clyde: The Musical,Two small-town kids from the middle of nowhere became the biggest folk heroes in all America. They craved adventure-and each other.,two small town kids middle nowhere became biggest folk heroes america craved adventure
2842. The Beast Inside,"When no one believes her, a woman possessed by a demonic entity is forced to perform an exorcism on herself.",one believes woman possessed demonic entity forced perform exorcism
2843. The Good Fight,"After a series of bad decisions threaten to destroy his family and career, Luke must look inside himself and decide what's really worth fighting for.",series bad decisions threaten destroy family career luke must look inside decide really worth fighting
2844. Perdiendo mi virginidad 4,,nan
2845. Sevmek Yüzünden,"Idil, a wedding dress designer, finds herself caught in a conflict involving her ex-boyfriend and a bride's impending marriage. As she navigates this situation, she grapples with her own past and the complexities of relationships.",idil wedding dress designer finds caught conflict involving ex boyfriend bride impending marriage navigates situation grapples past complexities relationships
2846. Poslednji strelac,"After his wife's murder, a former secret service agent is recruited by old colleagues to get revenge on drug dealer who killed his wife.",wife murder former secret service agent recruited old colleagues get revenge drug dealer killed wife
2847. My Stolen Planet,"Farah, an Iranian woman, is forced to migrate to her private planet to be free. She buys other people's memories in the form of Super 8 films and records and archives her own to create an alternative history of Iran.",farah iranian woman forced migrate private planet free buys people memories form super films records archives create alternative history iran
2848. Kalvan,"Kemban, a thief seeking an anti-poaching watcher job, finds out that it requires a bribe of Rs. 2 Lakh. Will he be able to arrange the money?",kemban thief seeking anti poaching watcher job finds requires bribe rs lakh able arrange money
2849. Sam's World,"Mid-20s non-binary sex worker, Sam, navigates the complexities of their social milieu throughout one weekend in New York City.",mid non binary sex worker sam navigates complexities social milieu throughout one weekend new york city
2850. Deadbolt,"Seeking a fresh start, a young woman finds her sanity on the brink due to unexplained disappearances and chilling nocturnal echoes in her new home.",seeking fresh start young woman finds sanity brink due unexplained disappearances chilling nocturnal echoes new home
2851. Camp Crasher,"Patri, an overbearing mother, struggles to bond with her teenage son who wants to live with his father. To keep him home, she offers to take him and friends on a camping trip, vying for his affection during the road trip.",patri overbearing mother struggles bond teenage son wants live father keep home offers take friends camping trip vying affection road trip
2852. Daha Iyi Bir Yarin,"Abandoned lover Ozan suffers, decides to commit state-sanctioned suicide but is rejected due to unknown Ekin's unrequited love. His quest: find Ekin, make her unlove him to legally end his life.",abandoned lover ozan suffers decides commit state sanctioned suicide rejected due unknown ekin unrequited love quest find ekin make unlove legally end life
2853. Devaki Nandana Vasudeva,"Driven by fears of astrological prophecy, Kamsaraja torments his sister's family, convinced her child will cause his downfall. When imprisoned, Krishna shields the family from Kamsaraja's sinister schemes.",driven fears astrological prophecy kamsaraja torments sister family convinced child cause downfall imprisoned krishna shields family kamsaraja sinister schemes
2854. Des Töchterleins Leid,,nan
2855. Cille 2069,,nan
2856. Bloodline,"After Alice's disappearance in India, her sister Bella joins forces with martial artist Lee to confront Adharva and uncover the truth behind her disappearance, delving into ancient spells and mysteries that intertwine past and present.",alice disappearance india sister bella joins forces martial artist lee confront adharva uncover truth behind disappearance delving ancient spells mysteries intertwine past present
2857. Twiggy,"UK model and cultural icon Twiggy, real name Lesley Lawson, whose career kickstarted in the 1960s.",uk model cultural icon twiggy real name lesley lawson whose career kickstarted
2858. Erdal ile Ece 2,"Lifestyle changes, cheating scares and a series of hilarious misadventures put an otherwise happily married couple's love to the test.",lifestyle changes cheating scares series hilarious misadventures put otherwise happily married couple love test
2859. Darla in Space,A woman who owes the IRS $349K partners with a pleasure-giving sentient kombucha scoby called Mother to clear her debt. Will their unlikely alliance lead to salvation or damnation?,woman owes irs k partners pleasure giving sentient kombucha scoby called mother clear debt unlikely alliance lead salvation damnation
2860. Kuhudi,"Sagar Mishra faces grave accusations of a horrific act against his daughter. Undeterred, advocate Anshuman Patnaik embarks on an unwavering crusade for justice, risking everything to uncover the truth.",sagar mishra faces grave accusations horrific act daughter undeterred advocate anshuman patnaik embarks unwavering crusade justice risking everything uncover truth
2861. The Naughty List of Mr. Scrooge,"Former college friends reunite 10 years after a tragedy during a production of A Christmas Carol. Gathering at a winter chalet, they are stalked and killed one by one by someone dressed as a terrifying Ebenezer Scrooge.",former college friends reunite years tragedy production christmas carol gathering winter chalet stalked killed one one someone dressed terrifying ebenezer scrooge
2862. Sons of Rizk 3,"Four brothers engage in criminal acts but vow to go straight someday. After a deal unravels, the eldest sibling wants to quit crime, yet his defiant younger brothers make a risky deal with a notorious criminal overlord.",four brothers engage criminal acts vow go straight someday deal unravels eldest sibling wants quit crime yet defiant younger brothers make risky deal notorious criminal overlord
2863. Graveyard Shark,"Renowned cryptid hunter Abby investigates the terrifying urban legend of the Graveyard Shark, a humanoid creature stalking its prey in Willsboro Point's graveyard. Teaming up with survivors, she uncovers the creature's dark origins.",renowned cryptid hunter abby investigates terrifying urban legend graveyard shark humanoid creature stalking prey willsboro point graveyard teaming survivors uncovers creature dark origins
2864. Lesvia,"The documentary chronicles about four decades in a small farming village of Eressos on the island of Lesbos, where lesbian women from around the world have been gathering since the late '70s.",documentary chronicles four decades small farming village eressos island lesbos lesbian women around world gathering since late
2865. The Royal Cat,"In ancient Jinling City, General Kou's bodyguard cat Zhan Ao partners with the young Bao Zheng, Jinmaoshu and General Kou's daughter Kou Zhu to find truth, solve the mysterious case together, exposed a huge conspiracy.",ancient jinling city general kou bodyguard cat zhan ao partners young bao zheng jinmaoshu general kou daughter kou zhu find truth solve mysterious case together exposed huge conspiracy
2866. I Feel Fine.,"Ozzy Taylor, a charismatic high school teen, discovers he can't control his intrusive thoughts, setting off a life-changing shift in his destiny.",ozzy taylor charismatic high school teen discovers control intrusive thoughts setting life changing shift destiny
2867. A Mary Little Christmas,Mary Little's Christmas search for the missing nutcracker to complete her family's heirloom collection leads to unexpected discoveries and romance.,mary little christmas search missing nutcracker complete family heirloom collection leads unexpected discoveries romance
2868. A Bluegrass Christmas,"Katie's horse sanctuary faces closure. To save it, she must convince her grandfather, Bluegrass star Ben Pendleton, to perform at a Christmas benefit concert after years of seclusion.",katie horse sanctuary faces closure save must convince grandfather bluegrass star ben pendleton perform christmas benefit concert years seclusion
2869. RT4GM,,nan
2870. Freedom Hair,"When a determined mother decides to start a natural-hair-braiding business to achieve financial independence, she must overcome unexpected obstacles imposed by a powerful cosmetology cartel and the state of Mississippi.",determined mother decides start natural hair braiding business achieve financial independence must overcome unexpected obstacles imposed powerful cosmetology cartel state mississippi
2871. I Win,"While doing community service, Jax Donovan meets a young man with Down Syndrome. He also befriends Bailey, and Juliette, and they forge a friendship that teaches them about love, life and forgiveness.",community service jax donovan meets young man syndrome also befriends bailey juliette forge friendship teaches love life forgiveness
2872. Married to a Balla,"When a mother suffering from domestic abuse escapes her dangerous, pro-athlete husband, she will stop at nothing to keep her family safe.",mother suffering domestic abuse escapes dangerous pro athlete husband stop nothing keep family safe
2873. ElemenTory,"Following the disappearance of their son, a couple joins other parents whose children have gone missing from school. Frustrated by the lack of progress they take control of the school looking for answers.",following disappearance son couple joins parents whose children gone missing school frustrated lack progress take control school looking answers
2874. Le système Victoria,,nan
2875. Paalum Pazhavum,"A 23-year-old man connects with a 33-year-old woman online, sparking an unconventional romantic relationship that challenges societal norms as they navigate the complexities of their age gap.",year old man connects year old woman online sparking unconventional romantic relationship challenges societal norms navigate complexities age gap
2876. Love Me If You Dare,"A man's romance with an enigmatic woman leads him down a dark path as he faces terrifying events, vanishings, and heartbreak while urgently trying to uncover her true nature in this eerie Telugu fantasy romance.",man romance enigmatic woman leads dark path faces terrifying events vanishings heartbreak urgently trying uncover true nature eerie telugu fantasy romance
2877. Pochivkata,"Winter will be summer again when all your favorite ""World Of Vankata"" characters go on a vacation at the same place.",winter summer favorite world vankata characters go vacation place
2878. Cocaine Werewolf,"Cocaine, Cash and a Crew filming a horror movie in the mysterious woods of northern Pennsylvania clash when an unexpected visit from a Werewolf literally enters the picture.",cocaine cash crew filming horror movie mysterious woods northern pennsylvania clash unexpected visit werewolf literally enters picture
2879. Run!,"A married couple, renewing their vows in a desert town, get entangled in a psychopath's deadly game of love and vengeance",married couple renewing vows desert town get entangled psychopath deadly game love vengeance
2880. The Short Game,"On the brink of his greatest victory, a high school golfer is forced to make a life-altering decision, finally realizing his own personal dream or standing by his autistic brother.",brink greatest victory high school golfer forced make life altering decision finally realizing personal dream standing autistic brother
2881. J Baby,"Volatile mother leaves family without notice. Sons embark on journey to find her, bringing family drama to light.",volatile mother leaves family without notice sons embark journey find bringing family drama light
2882. Joachim and the Apocalypse,"During the Crusades, a monk named Joachim experiences mystical visions and prophecies. He sees a river of oil and receives divine revelations about overcoming the apocalypse.",crusades monk named joachim experiences mystical visions prophecies sees river oil receives divine revelations overcoming apocalypse
2883. Love in Disguise,"When a spirited young woman fakes a romance with her grumpy boss to stop family pressure, the ruse spirals into chaos-until love unexpectedly blooms. A heartwarming rom-com set entirely in Dubai.",spirited young woman fakes romance grumpy boss stop family pressure ruse spirals chaos love unexpectedly blooms heartwarming rom com set entirely dubai
2884. The Collaborator,"When a young man disappears during the army's intensified anti-terrorist activities in Kashmir in 1993, his best friend will do anything to find him, even if it means sacrificing himself.",young man disappears army intensified anti terrorist activities kashmir best friend anything find even means sacrificing
2885. Kintsukuroi,"Kintsukuroi depicts the internment of 120,000 Japanese Americans by President Roosevelt during WWII, following two families from the Western prison camps to European battlefields as they endure injustice yet maintain dignity amidst ordeal.",kintsukuroi depicts internment japanese americans president roosevelt wwii following two families western prison camps european battlefields endure injustice yet maintain dignity amidst ordeal
"2886. MoviePass, MovieCrash","Exploring the company founding and the implosion of the business by outside investors who took over the company, left it bankrupt and under investigation.",exploring company founding implosion business outside investors took company left bankrupt investigation
2887. Andhakaara,"Forced into a passenger's criminal web, a disabled taxi driver finds himself caught between a ruthless woman and the mobsters hunting her down.",forced passenger criminal web disabled taxi driver finds caught ruthless woman mobsters hunting
2888. Incision,"Medical resident London Pierce infiltrates an illegal organ harvesting ring after her sister's death, navigating the criminal underworld and evading a hitman to dismantle the operation and save her community.",medical resident london pierce infiltrates illegal organ harvesting ring sister death navigating criminal underworld evading hitman dismantle operation save community
2889. Stripper Party 2,"Lauren needs $100,000 for her daughter's surgery. Desperate, she considers hosting a stripper party after reconnecting with an old friend, hoping it could provide the funds.",lauren needs daughter surgery desperate considers hosting stripper party reconnecting old friend hoping could provide funds
2890. Bohurupi,"An itinerant showman, who amuses people and earns money by impersonating demons, undergoes a psychological transformation after having a miraculous dream.",itinerant showman amuses people earns money impersonating demons undergoes psychological transformation miraculous dream
2891. The Pleasure Is Mine,What was at first a simple pursuit to regain stolen money becomes the chance for a dysfunctional family to finally reconcile.,first simple pursuit regain stolen money becomes chance dysfunctional family finally reconcile
2892. Caracas,"A well-known Neapolitan writer returns to his hometown after a long absence and encounters an old friend known as Caracas. Caracas, once a neo-fascist skinhead, is now converting to Islam.",well known neapolitan writer returns hometown long absence encounters old friend known caracas caracas neo fascist skinhead converting islam
2893. The Woods,A woman on a true crime podcast recounts the mysterious story of a hike that resulted in the death of her best friends several years earlier.,woman true crime podcast recounts mysterious story hike resulted death best friends several years earlier
2894. From Roger Moore with Love,"An exclusive behind-the-scenes look at the life of charismatic actor Sir Roger Moore, who redefined the role of James Bond.",exclusive behind scenes look life charismatic actor sir roger moore redefined role james bond
2895. Pandora,"Ray, an insomniac musician, takes a pill and enters a nightmare realm populated by vengeful demons from his past. The movie portrays Ray confronting his literal and metaphorical demons through impressive FX make-up.",ray insomniac musician takes pill enters nightmare realm populated vengeful demons past movie portrays ray confronting literal metaphorical demons impressive fx make
2896. Risky Business,"Three brothers, forced to get along again to pay off their father's hospital bill. With their courage, they stole a TV from an empty house, until finally the owner of the house came home.",three brothers forced get along pay father hospital bill courage stole tv empty house finally owner house came home
2897. Anywhere Anytime,A young man living in the shadows of an Italian metropolis finds work as a delivery rider. The theft of his bicycle triggers a chain of life-changing events.,young man living shadows italian metropolis finds work delivery rider theft bicycle triggers chain life changing events
2898. Frères,"Based on a true story, this movie shows several years spent alone in the forest as children of two brothers, living like wild animals. Once adult, Michel goes to the Canadian Great North, to search for his lost brother Patrice.",based true story movie shows several years spent alone forest children two brothers living like wild animals adult michel goes canadian great north search lost brother patrice
2899. Ancika,"In 1995, Dilan, the former motorcycle gang leader, fell in love with Ancika, a woman who hated motorcycle gangs. Furthermore, Ancika didn't like dating, so Dilan had to find a way to conquer her, a very different woman from Milea, his ex.",dilan former motorcycle gang leader fell love ancika woman hated motorcycle gangs furthermore ancika like dating dilan find way conquer different woman milea ex
2900. Earthquake Underground,"After a massive earthquake submerges a hotel, a young architect must overcome all odds to save his pregnant girlfriend before the structure collapses.",massive earthquake submerges hotel young architect must overcome odds save pregnant girlfriend structure collapses
2901. The Silence of Marcos Tremmer,"Marcos Tremmer is a successful publicist who lives in Madrid, madly in love with his wife, Lucía. One day, Marcos discovers that a deadly illness will end his life in a few months.",marcos tremmer successful publicist lives madrid madly love wife luc one day marcos discovers deadly illness end life months
2902. Son of a Rich 2,"Grisha, a former spoiled brat, who was a serf and became a man, after a trip to the ""past"" is sensitive to any injustice. And, of course, he cannot get past the lawlessness that the impudent and spoiled Katya creates. It is not surprising that soon spoiled girl finds itself in a different time.",grisha former spoiled brat serf became man trip past sensitive injustice course cannot get past lawlessness impudent spoiled katya creates surprising soon spoiled girl finds different time
2903. Unexplainable,"When an 8-year-old boy passionate about football is diagnosed with a very serious illness, his family needs strength and faith to face the complications of the disease.",year old boy passionate football diagnosed serious illness family needs strength faith face complications disease
2904. Stand by Me,"Ma Liang, a wandering boy, met Xuan Xuan, a child who was forgotten by his family and had no one to care for him. The similar fate brought the two lonely teenagers closer and closer. They built a small home together in the wind and rain.",liang wandering boy met xuan xuan child forgotten family one care similar fate brought two lonely teenagers closer closer built small home together wind rain
2905. City of Oz,"In the heart of a deranged city named 'OZ', a young boy named Tanju finds himself hopelessly lost one fateful night. With nothing but the dimly lit, labyrinthine streets as his guide, he embarks on a quest to reunite with his mother.",heart deranged city named oz young boy named tanju finds hopelessly lost one fateful night nothing dimly lit labyrinthine streets guide embarks quest reunite mother
2906. Ateez World Tour: Towards the Light - Will to Power,"Ateez's kicks off their world tour, Towards the Light - Will to Power, in Seoul in January 2024.",ateez kicks world tour towards light power seoul january
2907. Bottom Feeders,Twenty year old Dmitri dreams of escape as he squats in an abandoned garage with his gentle yet infantile father in rural Pennsylvania.,twenty year old dmitri dreams escape squats abandoned garage gentle yet infantile father rural pennsylvania
2908. Babydoll,Meet Babydoll. She's desperate to spend her birthday with the man she loves. It just so happens that he's also her boss.,meet babydoll desperate spend birthday man loves happens also boss
2909. Last Song for You,A deceased woman gets a chance to reconnect with her past lover. They embark on a journey across time and continents to fulfill her wish of having her ashes scattered in Japan,deceased woman gets chance reconnect past lover embark journey across time continents fulfill wish ashes scattered japan
2910. Playing to Survive: von Cramm vs Hitler,"It's a love letter to Gottfried von Cramm, one of the forgotten tennis heroes of the 20th century, whose career and fame was shunned early on due to the rising rampant homophobia that prevailed after the Roaring Twenties.",love letter gottfried von cramm one forgotten tennis heroes th century whose career fame shunned early due rising rampant homophobia prevailed roaring twenties
2911. Heart of a Servant: The Father Flanagan Story,"Father Flanagan's mission work, struggles, challenges and passion in reforming juvenile justice systems and youth care for troubled/disadvantaged youth are depicted, showing his impact on America's approach to these issues.",father flanagan mission work struggles challenges passion reforming juvenile justice systems youth care troubled disadvantaged youth depicted showing impact america approach issues
2912. Ni Main Sass Kuttni 2,"A vengeful mother-in-law locks horns with her daughter-in-law in a twisted tale laced with dark comedy, political intrigue, and chilling thrills.",vengeful mother law locks horns daughter law twisted tale laced dark comedy political intrigue chilling thrills
2913. Shark Girl,"When a beautiful young influencer survives a mysterious shark attack, she becomes a monstrous apex predator, hunting and feeding in sunny Venice Beach, California.",beautiful young influencer survives mysterious shark attack becomes monstrous apex predator hunting feeding sunny venice beach california
2914. The Geechee Witch: A Boo Hag Story,"After her mother-in-law is mysteriously killed, Leah and her husband relocate from Harlem to his family's estate in coastal Georgia, where she discovers a Boo Hag has been unleashed on her family, determined to take her life.",mother law mysteriously killed leah husband relocate harlem family estate coastal georgia discovers boo hag unleashed family determined take life
2915. Space Sharks,"A military experiment conducted on a space station goes horribly wrong, sending a new breed of weaponized sharks to earth with only one mission: destroy everything in their path.",military experiment conducted space station goes horribly wrong sending new breed weaponized sharks earth one mission destroy everything path
2916. Os Farofeiros 2,"Their company treats co-workers Alexandre, Lima, Rocha, Diguinho, and their families to a trip to Bahia, but this dream trip could be ruined by unseen events and problems.",company treats co workers alexandre lima rocha diguinho families trip bahia dream trip could ruined unseen events problems
2917. The Matriarch,"A thirteen year old girl kills her addict mother's boyfriend in self-defense, and is subsequently terrorized by her own mother.",thirteen year old girl kills addict mother boyfriend self defense subsequently terrorized mother
2918. The Untold Story,"A passionate romance blooms between an art conservator and a mysterious driver. Their love is tested when secrets are revealed and dangerous missions unfold, leading to a heart-wrenching struggle between devotion and destiny.",passionate romance blooms art conservator mysterious driver love tested secrets revealed dangerous missions unfold leading heart wrenching struggle devotion destiny
2919. Bob Mackie: Naked Illusion,"Bob Mackie, a six-decade costume designer, received a Lifetime Achievement award and Tony nomination for The Cher Show. His unique, unfiltered style has been showcased in a new documentary.",bob mackie six decade costume designer received lifetime achievement award tony nomination cher show unique unfiltered style showcased new documentary
2920. Athens Midnight Radio,"A veteran late-night radio announcer has a show on the night he turns fifty. Realizing with embarrassment that he is no longer one of the young, he unravels his life and searches for an unrequited love.",veteran late night radio announcer show night turns fifty realizing embarrassment longer one young unravels life searches unrequited love
2921. Passport,"Follows two friends risking it all for a better life abroad, but get entangled in a perilous smuggling operation, with romance and destiny intertwined, amidst thrills, suspense, and adventure.",follows two friends risking better life abroad get entangled perilous smuggling operation romance destiny intertwined amidst thrills suspense adventure
2922. Quicksand: Reversed,"A gender-swapped portrayal of aesthetic novelist Junichiro Tanizaki's masterpiece ""Manji"", set in modern times. A story of homosexuality and adultery, and destructive love.",gender swapped portrayal aesthetic novelist junichiro tanizaki masterpiece manji set modern times story homosexuality adultery destructive love
2923. Gaga Chromatica Ball,"In front of 52,000 people, Lady Gaga delivers a career-defining performance at Dodger Stadium in Los Angeles during her 2022 Chromatica Ball Tour.",front people lady gaga delivers career defining performance dodger stadium los angeles chromatica ball tour
2924. My New Friends,"Lucie, a police officer, is fond of her new neighbors, a young couple. Soon she discovers that Yann, the father, has a heavy criminal record. Lucie has a moral conflict between her professionalism and her desire to help this family.",lucie police officer fond new neighbors young couple soon discovers yann father heavy criminal record lucie moral conflict professionalism desire help family
2925. Gracie and Pedro: Pets to the Rescue,A pampered show dog and a street-smart alley cat embark on a thrilling journey to find their family after being separated during a cross-country move.,pampered show dog street smart alley cat embark thrilling journey find family separated cross country move
2926. Dreamcoin,"The story of an ordinary software developer who is interested in cryptocurrencies, unaware of his abilities, and meets the ""real world"" thanks to an ""artificial intelligence"" he developed.",story ordinary software developer interested cryptocurrencies unaware abilities meets real world thanks artificial intelligence developed
2927. Menudas piezas,"After a traumatic divorce, Candela loses her job at an elite school. So she has to return to the neighborhood she left and ask for help from her sister and father, and teach at her old high school to students with integration problems.",traumatic divorce candela loses job elite school return neighborhood left ask help sister father teach old high school students integration problems
2928. Karina,"In 2014, a 4-year-old girl named Karina disappeared in a remote village in Yakutia. She and her dog wandered for 12 days in harsh conditions without food or water. Despite extensive search efforts, hope began to fade. But miracle happened.",year old girl named karina disappeared remote village yakutia dog wandered days harsh conditions without food water despite extensive search efforts hope began fade miracle happened
2929. Territory,"Discovering a territory in the Sierra Nevada mountains that has been shut down since the 1950s because of mysterious disappearances, Loretta leaves to explore, her husband Randy goes in after her.",discovering territory sierra nevada mountains shut since mysterious disappearances loretta leaves explore husband randy goes
2930. Doc Holly's Christmas,"When Holly flees a café without paying in Holly, Michigan, her plans derail into community service at a local vet clinic. Between adorable patients and a charming veterinarian, this Christmas detour might become her favorite destination.",holly flees caf without paying holly michigan plans derail community service local vet clinic adorable patients charming veterinarian christmas detour might become favorite destination
2931. Nandhan,"When a village panchayat gets classified as a reserved one, an affluent upper-caste ex-president makes his oppressed house help the new president in order to retain power",village panchayat gets classified reserved one affluent upper caste ex president makes oppressed house help new president order retain power
2932. Deadly Invitations,An influencer comes across a VIP party invite not meant for her and dives headfirst into the side of the industry where secrets are worth killing for.,influencer comes across vip party invite meant dives headfirst side industry secrets worth killing
2933. Børnene fra Sølvgade,"Four children live by their own rules in an apartment without adults. When the school inspector starts questioning their always absent parents, the kids come up with a plan to avoid being sent to an orphanage: they will hire a housekeeper.",four children live rules apartment without adults school inspector starts questioning always absent parents kids come plan avoid sent orphanage hire housekeeper
2934. Bolehkah Sekali Saja Kumenangis,"After her brother left home, Tari struggled alone to save her mother from her abusive father. Tari, who has been traumatized since childhood decided to join a support group along with Baskara. They seek salvation by opening up their heart.",brother left home tari struggled alone save mother abusive father tari traumatized since childhood decided join support group along baskara seek salvation opening heart
2935. Papa,A café owner grapples with devastating loss and survivor's guilt after his mentally ill son commits a tragic act against family members and is committed to a psychiatric institution.,caf owner grapples devastating loss survivor guilt mentally ill son commits tragic act family members committed psychiatric institution
2936. Smoke Signals,"Brussels, 2012. After the Health Commissioner's abrupt dismissal shrouded in secrecy, MEP José Bové and his team launch an investigation into the matter.",brussels health commissioner abrupt dismissal shrouded secrecy mep jos bov team launch investigation matter
2937. Children of the Cult,"Osho cult survivors recount the harrowing experiences they endured as children in 'Wild Wild Country' Osho communes in the 80s, exposing a systemic culture of exploitation and attempting to talk to those responsible.",osho cult survivors recount harrowing experiences endured children wild wild country osho communes exposing systemic culture exploitation attempting talk responsible
2938. Shrek 5: The Contract - A Fan Made Film,"In this film, when all 4 of Shrek's old nemesis come back from the dead and kill Fiona, he must find a way to bring Fiona back from the dead via magical contract, all with the help of Donkey, Puss, and some new faces.",film shrek old nemesis come back dead kill fiona must find way bring fiona back dead via magical contract help donkey puss new faces
2939. Athomugam,"Playful act of Martin by installing a spy app in his love of life Leena's phone reveals a mysterious character thereby triggering events that questions love,trust, friendship, technology and unravels the thrilling darkside of human actions",playful act martin installing spy app love life leena phone reveals mysterious character thereby triggering events questions love trust friendship technology unravels thrilling darkside human actions
2940. We Are Faheem & Karun,"A security guard from South India meets a local man at a Kashmir checkpoint. Their forbidden romance faces dual challenges: one can't be open due to religious taboos, the other due to his profession.",security guard south india meets local man kashmir checkpoint forbidden romance faces dual challenges one open due religious taboos due profession
2941. To the Moon,"An ensemble comedy about love, choreographed dance, kitchen safety, stranger danger, planetary physics, and the idea that it's never too late in life to figure out who you really are.",ensemble comedy love choreographed dance kitchen safety stranger danger planetary physics idea never late life figure really
2942. The Cursed,"Alice, after divorce, takes on motherhood and cares for her son August. His father's unfulfilled promises trigger August's death, causing his mysticism to spiral into retribution. Alice, believing in reason and right, must protect her son.",alice divorce takes motherhood cares son august father unfulfilled promises trigger august death causing mysticism spiral retribution alice believing reason right must protect son
2943. Retreat Vama Veche,"Eva, a psychologist specializing in couples therapy, is about to get married and her best friends are organizing her bachelorette party at a discreet tantra-yoga retreat in Vama Veche.",eva psychologist specializing couples therapy get married best friends organizing bachelorette party discreet tantra yoga retreat vama veche
2944. I Can't Live Without You,"After he turns a family event into a disaster, a workaholic must choose between his marriage and his phone after his wife issues him an ultimatum.",turns family event disaster workaholic must choose marriage phone wife issues ultimatum
2945. Ernest Cole: Lost and Found,Follows Ernest Cole's journey as the first Black freelance photographer in apartheid South Africa.,follows ernest cole journey first black freelance photographer apartheid south africa
2946. 7 Beats Per Minute,"Freediving champion Jessea Lu nearly died during a world-record attempt. She revisits the site of her near-death in this documentary, facing past traumas and struggling back to life.",freediving champion jessea lu nearly died world record attempt revisits site near death documentary facing past traumas struggling back life
2947. The Hopeful,"After the War of 1812, William Miller sets off on a quest for meaning that unravels a profound truth with the power to transform everything. His revelation sparks a fire in Ellen Harmon, who braves fierce resistance to champion the cause.",war william miller sets quest meaning unravels profound truth power transform everything revelation sparks fire ellen harmon braves fierce resistance champion cause
2948. When Santa Was a Communist,"An acting troupe tries to bring the joy and sparkle of Santa Claus to children in post-war Bosnia, but the shadows of the past do not rest.",acting troupe tries bring joy sparkle santa claus children post war bosnia shadows past rest
2949. He Sees You When You're Sleeping,Chester returns to his home after witnessing his parents' murders 17 years ago by a killer dressed as Santa. A new Santa killer begins killing his relatives. Chester questions if the killer returned or if a more terrifying truth exists.,chester returns home witnessing parents murders years ago killer dressed santa new santa killer begins killing relatives chester questions killer returned terrifying truth exists
2950. Dying to Be Famous,"A social media influencer with a dark alternate personality, goes to extreme measures to achieve fame, unaware her success is entwined with her inner demons",social media influencer dark alternate personality goes extreme measures achieve fame unaware success entwined inner demons
2951. The Disinvited,"Carl crashes an event he's unwelcome at, sparking a day of betrayal, violence, and heartbreak. He must decide whether to save himself or risk all for those who wronged him when other unwanted guests surface.",carl crashes event unwelcome sparking day betrayal violence heartbreak must decide whether save risk wronged unwanted guests surface
2952. Mongrel,"Oom has no papers or formal training but is good at caring for the elderly and disabled. When his situation as a caregiver in the mountains becomes too much for him, he has to choose between survival or dignity.",oom papers formal training good caring elderly disabled situation caregiver mountains becomes much choose survival dignity
2953. Stranded Pearl,"An island paradise, big business, complex characters, love and betrayal set the scene for this romantic adventure film. Story follows a woman who learns that life is not what it seems and a man who has closed himself off from the world.",island paradise big business complex characters love betrayal set scene romantic adventure film story follows woman learns life seems man closed world
2954. Live or Dead: The García File,"Amidst the uncertainty caused by the alleged suicide of former president Alan García, journalist Carmen Ríos initiates an intense search aiming to unravel the mystery surrounding the case.",amidst uncertainty caused alleged suicide former president alan garc journalist carmen r os initiates intense search aiming unravel mystery surrounding case
2955. South Side Hero,"After serving a prison sentence, a father searches for his missing daughter who was entangled with a gang that planned to sell her, leading him to confront his old friend, the gang's leader, and take violent actions to rescue her.",serving prison sentence father searches missing daughter entangled gang planned sell leading confront old friend gang leader take violent actions rescue
"2956. Men Are from QC, Women Are from Alabang","Two lovers navigate post-graduation life, facing challenges of long-distance relationship and career demands. Their perspectives on shared experiences diverge as physical and emotional distance grows, straining their bond over time.",two lovers navigate post graduation life facing challenges long distance relationship career demands perspectives shared experiences diverge physical emotional distance grows straining bond time
2957. First Class: Full Speed!,"The plot follows rivals Beba (Rade Cosic) and Nemac (Miodrag Radonjic) as they race iconic Yugos, chasing the national championship and their dreams of Formula 1. However, racing isn't their only source of adrenaline.",plot follows rivals beba rade cosic nemac miodrag radonjic race iconic yugos chasing national championship dreams formula however racing source adrenaline
2958. City Boy,"A talented young music artist is presented with a life changing opportunity. As he attempts to take steps towards his future, inner-city trappings and his past are holding him back. Will he be strong enough to make it out?",talented young music artist presented life changing opportunity attempts take steps towards future inner city trappings past holding back strong enough make
2959. Mexico 86,"A Guatemalan activist battles a corrupt dictatorship in 1976 and flees to Mexico, leaving her son. Ten years later he joins her, forcing a choice between motherhood and her cause.",guatemalan activist battles corrupt dictatorship flees mexico leaving son ten years later joins forcing choice motherhood cause
2960. The Adamant Girl,"Meena, who loves a man from a lower caste but her family thinks she is possessed and cast the spell out of her.",meena loves man lower caste family thinks possessed cast spell
2961. Till Death Do Us Part,"A woman named Renata who is the wife of a man named Edwin. But unfortunately, their marriage did not run healthily, it was really toxic.",woman named renata wife man named edwin unfortunately marriage run healthily really toxic
2962. Vigilantes Inc.: America's New Vote Suppression Hitmen,"The 2024 election is in danger: 8,500 vigilante vote-fraud hunters have already challenged the rights of 850,000 voters. Journalist Greg Palast hunts down the MAGA vigilantes including one dressed like Doc Holliday-with loaded 6-guns.",election danger vigilante vote fraud hunters already challenged rights voters journalist greg palast hunts maga vigilantes including one dressed like doc holliday loaded guns
2963. Deadly Culture: Final Mutation,"A seductive and lethal alien-human hybrid emerges in her ultimate form. As she hunts for prey, unsuspecting victims face a terrifying threat: their very life essence is at risk of being drained by this alluring yet dangerous creature.",seductive lethal alien human hybrid emerges ultimate form hunts prey unsuspecting victims face terrifying threat life essence risk drained alluring yet dangerous creature
2964. RRR: Behind & Beyond,"Delves into the making of S.S. Rajamouli's epic RRR. Through behind-the-scenes footage and interviews, it unveils the vision, challenges, and dedication behind this cinematic marvel.",delves making rajamouli epic rrr behind scenes footage interviews unveils vision challenges dedication behind cinematic marvel
2965. Go for Broke,"Zhang Yao, whose family was destroyed by drug dealers, secretly cooperates with Anti-drug team leader An Du. The two join forces to ruthlessly eliminate the evil and vow to wipe out Mukun and Anpei, the Top 2 figures of the criminal group.",zhang yao whose family destroyed drug dealers secretly cooperates anti drug team leader du two join forces ruthlessly eliminate evil vow wipe mukun anpei top figures criminal group
2966. Andromeda: 1883,A space marine travels back in time to save the future of the human race.,space marine travels back time save future human race
2967. Pavane for an Infant,"Lai Sum works at a baby hatch, where she intervenes to support a pregnant underage girl contemplating abortion. Their lives become entangled in a perilous struggle against patriarchal and theocratic forces that threaten their safety.",lai sum works baby hatch intervenes support pregnant underage girl contemplating abortion lives become entangled perilous struggle patriarchal theocratic forces threaten safety
2968. Bhaje Vaayu Vegam,"To pay for surgery for his father, an aspiring cricketer makes a big bet. When the bookie cheats him, he retaliates - and gets caught in a crime web.",pay surgery father aspiring cricketer makes big bet bookie cheats retaliates gets caught crime web
2969. Mikado,"Mikado and Laetitia home-school Nuage and Zephir while living in a van. The van breaks down, so the family must spend the summer in a house. The change challenges their alternative lifestyle.",mikado laetitia home school nuage zephir living van van breaks family must spend summer house change challenges alternative lifestyle
2970. Effigy,"Isolated on the fringes of a soulless metropolis, Catherine survives on scraps of translation work. But a mysterious client offers a lucrative job, and an opportunity for Catherine to indulge in her malformed and incompatible desires.",isolated fringes soulless metropolis catherine survives scraps translation work mysterious client offers lucrative job opportunity catherine indulge malformed incompatible desires
2971. Kupu-Kupu Kertas,The love of two lovebirds with the background of an incident in Banyuwangi 1965 which perhaps many people don't know what the history behind the incident is like.,love two lovebirds background incident banyuwangi perhaps many people know history behind incident like
2972. The Keeper,"A special group of military veteran hikers help a fellow vet battle depression, PTSD, and suicidal tendencies as he hikes the Appalachian Trail while carrying 363 military name tapes on a mission to prevent veteran suicide. A true story.",special group military veteran hikers help fellow vet battle depression ptsd suicidal tendencies hikes appalachian trail carrying military name tapes mission prevent veteran suicide true story
2973. Father-in-law and Son-in-law,"A faded actor and struggling singer seek investors in their hometown. When both ventures fail, the actor moves in with his mentally declining father-in-law, leading to chaotic but touching moments as they navigate life together.",faded actor struggling singer seek investors hometown ventures fail actor moves mentally declining father law leading chaotic touching moments navigate life together
2974. Pasutri Gaje,"The hustle and bustle of the newlyweds, Adimas and Adelia, is full of domestic drama mixed with hilarious behavior from both of them.",hustle bustle newlyweds adimas adelia full domestic drama mixed hilarious behavior
2975. Daft State,"The mysterious psychological destruction of Easton, who is driven to the edge of sanity, and possible self-harm, by those that love him most-his wife and daughter.",mysterious psychological destruction easton driven edge sanity possible self harm love wife daughter
2976. Spermworld,Three men enter the new wild west of baby making - online forums where sperm donors connect with hopeful parents - but find themselves exchanging more than just genetic material.,three men enter new wild west baby making online forums sperm donors connect hopeful parents find exchanging genetic material
2977. Malês,"A couple about to get married is kidnapped from their homeland in Africa and brought to Brazil as slaves. Separated by fate, they both struggle to survive the horrors of slavery and become involved in the largest Brazilian slave uprising.",couple get married kidnapped homeland africa brought brazil slaves separated fate struggle survive horrors slavery become involved largest brazilian slave uprising
2978. Dongeng Sang Kancil,"A mouse-deer, Sang Kancil, small in figure but cunning and wise. With his intelligence, Sang Kancil often escapes dangers and sometimes helps other animals that are in trouble with bigger and more fierce animals.",mouse deer sang kancil small figure cunning wise intelligence sang kancil often escapes dangers sometimes helps animals trouble bigger fierce animals
2979. Maybe More,"Sophia, who has been married for a long time with Xavier, invites their young upstairs neighbors to dinner. As the ice is broken, the evening unfolds with a cascade of revelations, laying bare the intricacies of relationships.",sophia married long time xavier invites young upstairs neighbors dinner ice broken evening unfolds cascade revelations laying bare intricacies relationships
2980. To the Journey: Looking Back at Star Trek: Voyager,The documentary explores the legacy of Star Trek: Voyager (1995).,documentary explores legacy star trek voyager
2981. How to Make Love,"Henry's European adventure takes an unexpected twist when he rents a room from Nora, a recently divorced playwright in Copenhagen. Nora and her mischievous pregnant friend Mimi plot a mysterious seduction.",henry european adventure takes unexpected twist rents room nora recently divorced playwright copenhagen nora mischievous pregnant friend mimi plot mysterious seduction
2982. Garip Bülbül: Neset Ertas,"The life story of legendary folk singer, Neset Ertas.",life story legendary folk singer neset ertas
2983. Billie Eilish: Hit Me Hard and Soft - A Listening Experience,Be among the first to hear Billie Eilish's highly anticipated new album with a visual accompaniment exclusively in select Dolby Cinemas at AMC Theatres on May 16 and 17. Tickets are only $5 and a portion of the proceeds go to charity.,among first hear billie eilish highly anticipated new album visual accompaniment exclusively select dolby cinemas amc theatres may tickets portion proceeds go charity
"2984. Mr. Johnston, Don't Torment Her","Anna Ross and Shane Johnston have been lovers for five years. Unknown to him, Anna sold herself out as an escort amid complications from her past. At the same time, Anna accidentally discovers that she only has three months left to live due to a heart condition. To free herself from the entanglement of love, Anna makes up her mind to leave Shane. Little did she know that a tragic love story has just begun.",anna ross shane johnston lovers five years unknown anna sold escort amid complications past time anna accidentally discovers three months left live due heart condition free entanglement love anna makes mind leave shane little know tragic love story begun
2985. My Melbourne,"The film presents an authentic anthology exploring race, gender, sexuality, and disability through diverse stories by emerging Australian filmmakers.",film presents authentic anthology exploring race gender sexuality disability diverse stories emerging australian filmmakers
2986. Ishq Vishk Rebound,"Follows the lives of four young people who become enmeshed in a web of friendship, love, and self-discovery.",follows lives four young people become enmeshed web friendship love self discovery
2987. The Heist,Ex-FATF agent Ananya meets a Master Con Artist Neel through the Dark Web. They form an unlikely team to conduct a heist to loot a billionaire fugitive of his ill-gotten money and disrupt his smuggling network.,ex fatf agent ananya meets master con artist neel dark web form unlikely team conduct heist loot billionaire fugitive ill gotten money disrupt smuggling network
2988. Madu,"Follows Anthony Madu, the Nigerian boy who became a viral sensation after a video showed him dancing ballet barefoot on a rainy street outside Lagos.",follows anthony madu nigerian boy became viral sensation video showed dancing ballet barefoot rainy street outside lagos
2989. Kaizen,"Captures the life-changing journey of 21-year-old non-athletic YouTuber, Inoxtag, sets out to climb Mount Everest within one year.",captures life changing journey year old non athletic youtuber inoxtag sets climb mount everest within one year
2990. Who's Cheating Who?,"Follows two married couples, Stephanie/Mason and Maxine/Steven, whose lives intertwine through affairs. Stephanie starts an affair with Steven after discovering Mason's infidelity with Maxine.",follows two married couples stephanie mason maxine steven whose lives intertwine affairs stephanie starts affair steven discovering mason infidelity maxine
2991. Zeitgeist: Requiem,"Peter Joseph explorers the fundamental incompatibility of our economy and the culture it has created with our future survival as a species, while posing solutions based on system's science/cybernetics. This film will be released in 2026.",peter joseph explorers fundamental incompatibility economy culture created future survival species posing solutions based system science cybernetics film released
2992. Ghost Planet,A group of astronauts venture to a mysterious planet to claim the find of the century.,group astronauts venture mysterious planet claim find century
2993. Elevator,"Trapped inside the elevator of a hotel casino complex, an elevator boy falls in love with his investor's girlfriend that forces him to choose between his love for her, or his dreams for a better future.",trapped inside elevator hotel casino complex elevator boy falls love investor girlfriend forces choose love dreams better future
2994. Filmlovers!,"Celebrating movie theaters' magic, a film enthusiast follows the footsteps of Paul Dédalus. Memories, fiction, and discoveries intertwine in a torrential flow of cinematic imagery.",celebrating movie theaters magic film enthusiast follows footsteps paul dalus memories fiction discoveries intertwine torrential flow cinematic imagery
2995. The Dog,"A drug dealer is hired to drive a young escort, Kadzo, to and from her clients. He falls in love with her and decides to rescue her from her situation, but she doesn't want to be rescued, and she definitely doesn't need a man to save her.",drug dealer hired drive young escort kadzo clients falls love decides rescue situation want rescued definitely need man save
2996. Blackpink: World Tour - Born Pink,"Showcases the iconic ""Hanok"" stage set that mesmerized fans and critics worldwide, featuring unprecedented production scale and exclusive arrangements of BLACKPINK's hit songs.",showcases iconic hanok stage set mesmerized fans critics worldwide featuring unprecedented production scale exclusive arrangements blackpink hit songs
2997. Ai no nukumori,"Due to an unexpected event, a man and a woman, end up switching bodies. Despite coming from completely different backgrounds and environments, both try to overcome the various difficulties that arise from their body swap.",due unexpected event man woman end switching bodies despite coming completely different backgrounds environments try overcome various difficulties arise body swap
2998. Four.,A small-town couple with big dreams of making their family complete must persevere through infertility and tragedy,small town couple big dreams making family complete must persevere infertility tragedy
2999. Billy Preston: That's the Way God Planned It,Follows the story and challenging life of legendary musician and genius keyboardist Billy Preston.,follows story challenging life legendary musician genius keyboardist billy preston
3000. Lyubvi ne byvaet?,"A jaded woman torments her ladies-man neighbor with elaborate schemes, but their heated battle of wills transforms into something else entirely.",jaded woman torments ladies man neighbor elaborate schemes heated battle wills transforms something else entirely
